  Jekyll Spaceship: [1m🚀 Jekyll-Spaceship 0.10.2[0m
  Jekyll Spaceship: [1m🎉 A Jekyll plugin to provide powerful supports.[0m
  Jekyll Spaceship: [1m👉 [4mhttps://github.com/jeffreytse/jekyll-spaceship[0m
Configuration file: /home/developer/robotic-courses/_config.yml
  Jekyll Spaceship: [1m🗂  use table-processor[0m
  Jekyll Spaceship: [1m🗂  use mathjax-processor[0m
  Jekyll Spaceship: [1m🗂  use plantuml-processor[0m
  Jekyll Spaceship: [1m🗂  use mermaid-processor[0m
  Jekyll Spaceship: [1m🗂  use polyfill-processor[0m
  Jekyll Spaceship: [1m🗂  use media-processor[0m
  Jekyll Spaceship: [1m🗂  use emoji-processor[0m
  Jekyll Spaceship: [1m🗂  use element-processor[0m
            Source: /home/developer/robotic-courses
       Destination: /home/developer/robotic-courses/_site
 Incremental build: disabled. Enable with --incremental
      Generating... 
  Jekyll Spaceship: [1m[MathjaxProcessor] docs/chap5_adv_kin/01_singularity_analysis.md[0m
  Jekyll Spaceship: [1m[MathjaxProcessor] docs/chap5_adv_kin/singularities/03_parallel_screw.md[0m
  Jekyll Spaceship: [1m[TableProcessor] docs/chap1_basic_motion_ctrl/Closeloop&PID.md[0m
  Jekyll Spaceship: [1m[MathjaxProcessor] docs/chap1_basic_motion_ctrl/Closeloop&PID.md[0m
  Jekyll Spaceship: [1m[MediaProcessor] docs/chap1_basic_motion_ctrl/Closeloop&PID.md[0m
  Jekyll Spaceship: [1m[MathjaxProcessor] docs/chap3_motion_planning/DS-planning.md[0m
  Jekyll Spaceship: [1m[MediaProcessor] docs/chap3_motion_planning/DS-planning.md[0m
  Jekyll Spaceship: [1m[TableProcessor] docs/chap12_learning/LfD.md[0m
  Jekyll Spaceship: [1m[MathjaxProcessor] docs/chap12_learning/LfD.md[0m
  Jekyll Spaceship: [1m[MathjaxProcessor] docs/chap6_advanced_ctrl/MPC.md[0m
  Jekyll Spaceship: [1m[MathjaxProcessor] docs/chap9_aerial_robotics/UAV/UAV_1.md[0m
  Jekyll Spaceship: [1m[MediaProcessor] docs/chap9_aerial_robotics/UAV/UAV_1.md[0m
  Jekyll Spaceship: [1m[MathjaxProcessor] docs/chap9_aerial_robotics/UAV/UAV_2.md[0m
  Jekyll Spaceship: [1m[MediaProcessor] docs/chap9_aerial_robotics/UAV/UAV_2.md[0m
  Jekyll Spaceship: [1m[MathjaxProcessor] docs/chap1_basic_motion_ctrl/dynamics.md[0m
  Jekyll Spaceship: [1m[MediaProcessor] docs/chap1_basic_motion_ctrl/dynamics.md[0m
  Jekyll Spaceship: [1m[TableProcessor] docs/chap6_advanced_ctrl/force-control.md[0m
  Jekyll Spaceship: [1m[MathjaxProcessor] docs/chap6_advanced_ctrl/force-control.md[0m
  Jekyll Spaceship: [1m[MediaProcessor] docs/chap6_advanced_ctrl/force-control.md[0m
  Jekyll Spaceship: [1m[MathjaxProcessor] docs/chap2_sensing/force_perception.md[0m
  Jekyll Spaceship: [1m[TableProcessor] docs/chap4_advanced_math/graph-theory.md[0m
  Jekyll Spaceship: [1m[MathjaxProcessor] docs/chap4_advanced_math/graph-theory.md[0m
  Jekyll Spaceship: [1m[MediaProcessor] docs/chap4_advanced_math/graph-theory.md[0m
  Jekyll Spaceship: [1m[TableProcessor] docs/chap1_basic_motion_ctrl/kinematics.md[0m
  Jekyll Spaceship: [1m[MathjaxProcessor] docs/chap1_basic_motion_ctrl/kinematics.md[0m
  Jekyll Spaceship: [1m[MediaProcessor] docs/chap1_basic_motion_ctrl/kinematics.md[0m
  Jekyll Spaceship: [1m[MathjaxProcessor] docs/chap9_aerial_robotics/multirotor/multirotor_1.md[0m
  Jekyll Spaceship: [1m[TableProcessor] docs/chap9_aerial_robotics/multirotor/multirotor_3.md[0m
  Jekyll Spaceship: [1m[MathjaxProcessor] docs/chap9_aerial_robotics/multirotor/multirotor_3.md[0m
  Jekyll Spaceship: [1m[MediaProcessor] docs/chap9_aerial_robotics/multirotor/multirotor_3.md[0m
  Jekyll Spaceship: [1m[MathjaxProcessor] docs/chap6_advanced_ctrl/nonlinearcontrol.md[0m
  Jekyll Spaceship: [1m[MathjaxProcessor] docs/optimization.md[0m
  Jekyll Spaceship: [1m[TableProcessor] docs/chap3_motion_planning/sampling-planning.md[0m
  Jekyll Spaceship: [1m[MathjaxProcessor] docs/chap3_motion_planning/sampling-planning.md[0m
  Jekyll Spaceship: [1m[MediaProcessor] docs/chap3_motion_planning/sampling-planning.md[0m
  Jekyll Spaceship: [1m[PolyfillProcessor] docs/chap2_sensing/sensors-and-sensing.md[0m
  Jekyll Spaceship: [1m[TableProcessor] docs/chap2_sensing/sensors-and-sensing.md[0m
  Jekyll Spaceship: [1m[MathjaxProcessor] docs/chap2_sensing/sensors-and-sensing.md[0m
  Jekyll Spaceship: [1m[MediaProcessor] docs/chap2_sensing/sensors-and-sensing.md[0m
  Jekyll Spaceship: [1m[TableProcessor] docs/chap15_robotic_application_domain_II/surgical.md[0m
  Jekyll Spaceship: [1m[MediaProcessor] docs/chap15_robotic_application_domain_II/surgical.md[0m
  Jekyll Spaceship: [1m[TableProcessor] docs/chap2_sensing/vision-for-robotics.md[0m
  Jekyll Spaceship: [1m[MathjaxProcessor] docs/chap2_sensing/vision-for-robotics.md[0m
  Jekyll Spaceship: [1m[MediaProcessor] docs/chap2_sensing/vision-for-robotics.md[0m
                    done in 8.684 seconds.
 Auto-regeneration: enabled for '/home/developer/robotic-courses'
    Server address: http://127.0.0.1:4000
  Server running... press ctrl-c to stop.
      Regenerating: 1 file(s) changed at 2026-06-12 11:01:41
                    .run/jekyll.log
                    ...done in 13.602350476 seconds.
                    
      Regenerating: 2 file(s) changed at 2026-06-12 11:01:55
                    .run/jekyll.log
                    .run/tutorial_backend.log
                    ...done in 9.5646858 seconds.
                    
      Regenerating: 2 file(s) changed at 2026-06-12 11:02:05
                    .run/jekyll.log
                    .run/tutorial_backend.log
                    ...done in 7.691459405 seconds.
                    
      Regenerating: 2 file(s) changed at 2026-06-12 11:02:13
                    .run/jekyll.log
                    .run/tutorial_backend.log
                    ...done in 8.508040428 seconds.
                    
      Regenerating: 2 file(s) changed at 2026-06-12 11:02:21
                    .run/jekyll.log
                    .run/tutorial_backend.log
                    ...done in 6.877370356 seconds.
                    
      Regenerating: 1 file(s) changed at 2026-06-12 11:02:28
                    .run/jekyll.log
                    ...done in 6.781465579 seconds.
                    
      Regenerating: 1 file(s) changed at 2026-06-12 11:02:35
                    .run/jekyll.log
                    ...done in 6.775689087 seconds.
                    
      Regenerating: 1 file(s) changed at 2026-06-12 11:02:42
                    .run/jekyll.log
                    ...done in 6.82377037 seconds.
                    
      Regenerating: 1 file(s) changed at 2026-06-12 11:02:49
                    .run/jekyll.log
                    ...done in 6.893382037 seconds.
                    
      Regenerating: 1 file(s) changed at 2026-06-12 11:02:56
                    .run/jekyll.log
                    ...done in 6.87215864 seconds.
                    
      Regenerating: 1 file(s) changed at 2026-06-12 11:03:03
                    .run/jekyll.log
                    ...done in 6.916668731 seconds.
                    
      Regenerating: 1 file(s) changed at 2026-06-12 11:03:10
                    .run/jekyll.log
                    ...done in 7.03686523 seconds.
                    
      Regenerating: 1 file(s) changed at 2026-06-12 11:03:17
                    .run/jekyll.log
                    ...done in 7.173514314 seconds.
                    
      Regenerating: 1 file(s) changed at 2026-06-12 11:03:24
                    .run/jekyll.log
                    ...done in 7.065737682 seconds.
                    
      Regenerating: 1 file(s) changed at 2026-06-12 11:03:31
                    .run/jekyll.log
                    ...done in 6.995288135 seconds.
                    
      Regenerating: 1 file(s) changed at 2026-06-12 11:03:39
                    .run/jekyll.log
                    ...done in 7.109597415 seconds.
                    
      Regenerating: 1 file(s) changed at 2026-06-12 11:03:46
                    .run/jekyll.log
                    ...done in 11.496071455 seconds.
                    
      Regenerating: 2 file(s) changed at 2026-06-12 11:03:57
                    .run/jekyll.log
                    .run/tutorial_backend.log
                    ...done in 10.840057835 seconds.
                    
      Regenerating: 2 file(s) changed at 2026-06-12 11:04:08
                    .run/jekyll.log
                    .run/tutorial_backend.log
                    ...done in 9.464687647 seconds.
                    
      Regenerating: 2 file(s) changed at 2026-06-12 11:04:18
                    .run/jekyll.log
                    .run/tutorial_backend.log
                    ...done in 8.790635097 seconds.
                    
      Regenerating: 2 file(s) changed at 2026-06-12 11:04:27
                    .run/jekyll.log
                    .run/tutorial_backend.log
                    ...done in 6.956555596 seconds.
                    
      Regenerating: 1 file(s) changed at 2026-06-12 11:04:34
                    .run/jekyll.log
                    ...done in 7.07397527 seconds.
                    
      Regenerating: 1 file(s) changed at 2026-06-12 11:04:41
                    .run/jekyll.log
                    ...done in 7.046249701 seconds.
                    
      Regenerating: 1 file(s) changed at 2026-06-12 11:04:48
                    .run/jekyll.log
                    ...done in 7.155361492 seconds.
                    
      Regenerating: 1 file(s) changed at 2026-06-12 11:04:55
                    .run/jekyll.log
                    ...done in 6.971043927 seconds.
                    
      Regenerating: 1 file(s) changed at 2026-06-12 11:05:02
                    .run/jekyll.log
                    ...done in 7.087127345 seconds.
                    
      Regenerating: 1 file(s) changed at 2026-06-12 11:05:10
                    .run/jekyll.log
                    ...done in 6.707599261 seconds.
                    
      Regenerating: 2 file(s) changed at 2026-06-12 11:05:16
                    .run/jekyll.log
                    .run/tutorial_frontend.log
                    ...done in 6.747756661 seconds.
                    
      Regenerating: 1 file(s) changed at 2026-06-12 11:05:23
                    .run/jekyll.log
                    ...done in 6.824917414 seconds.
                    
      Regenerating: 1 file(s) changed at 2026-06-12 11:05:30
                    .run/jekyll.log
                    ...done in 6.741294689 seconds.
                    
      Regenerating: 1 file(s) changed at 2026-06-12 11:05:37
                    .run/jekyll.log
                    ...done in 6.753987874 seconds.
                    
      Regenerating: 1 file(s) changed at 2026-06-12 11:05:44
                    .run/jekyll.log
                    ...done in 6.686112153 seconds.
                    
      Regenerating: 1 file(s) changed at 2026-06-12 11:05:51
                    .run/jekyll.log
                    ...done in 6.744701643 seconds.
                    
      Regenerating: 1 file(s) changed at 2026-06-12 11:05:58
                    .run/jekyll.log
                    ...done in 6.846011567 seconds.
                    
      Regenerating: 1 file(s) changed at 2026-06-12 11:06:05
                    .run/jekyll.log
                    ...done in 6.734577443 seconds.
                    
      Regenerating: 1 file(s) changed at 2026-06-12 11:06:11
                    .run/jekyll.log
                    ...done in 6.694555386 seconds.
                    
      Regenerating: 1 file(s) changed at 2026-06-12 11:06:18
                    .run/jekyll.log
                    ...done in 6.667535937 seconds.
                    
      Regenerating: 1 file(s) changed at 2026-06-12 11:06:25
                    .run/jekyll.log
                    ...done in 6.757032206 seconds.
                    
      Regenerating: 1 file(s) changed at 2026-06-12 11:06:32
                    .run/jekyll.log
                    ...done in 6.82021808 seconds.
                    
      Regenerating: 1 file(s) changed at 2026-06-12 11:06:39
                    .run/jekyll.log
                    ...done in 6.872138082 seconds.
                    
      Regenerating: 1 file(s) changed at 2026-06-12 11:06:46
                    .run/jekyll.log
                    ...done in 6.879409657 seconds.
                    
      Regenerating: 1 file(s) changed at 2026-06-12 11:06:53
                    .run/jekyll.log
                    ...done in 6.859491494 seconds.
                    
      Regenerating: 1 file(s) changed at 2026-06-12 11:07:00
                    .run/jekyll.log
                    ...done in 6.826243743 seconds.
                    
      Regenerating: 1 file(s) changed at 2026-06-12 11:07:07
                    .run/jekyll.log
                    ...done in 6.785342608 seconds.
                    
      Regenerating: 1 file(s) changed at 2026-06-12 11:07:13
                    .run/jekyll.log
                    ...done in 6.850888262 seconds.
                    
      Regenerating: 1 file(s) changed at 2026-06-12 11:07:20
                    .run/jekyll.log
                    ...done in 6.811677496 seconds.
                    
      Regenerating: 1 file(s) changed at 2026-06-12 11:07:27
                    .run/jekyll.log
                    ...done in 6.800525494 seconds.
                    
      Regenerating: 1 file(s) changed at 2026-06-12 11:07:34
                    .run/jekyll.log
                    ...done in 6.794514277 seconds.
                    
      Regenerating: 1 file(s) changed at 2026-06-12 11:07:41
                    .run/jekyll.log
                    ...done in 6.841739674 seconds.
                    
      Regenerating: 1 file(s) changed at 2026-06-12 11:07:48
                    .run/jekyll.log
                    ...done in 6.899461407 seconds.
                    
      Regenerating: 1 file(s) changed at 2026-06-12 11:07:55
                    .run/jekyll.log
                    ...done in 6.810027784 seconds.
                    
      Regenerating: 1 file(s) changed at 2026-06-12 11:08:02
                    .run/jekyll.log
                    ...done in 6.885734385 seconds.
                    
      Regenerating: 1 file(s) changed at 2026-06-12 11:08:09
                    .run/jekyll.log
                    ...done in 6.902876421 seconds.
                    
      Regenerating: 1 file(s) changed at 2026-06-12 11:08:16
                    .run/jekyll.log
                    ...done in 6.905344663 seconds.
                    
      Regenerating: 1 file(s) changed at 2026-06-12 11:08:23
                    .run/jekyll.log
                    ...done in 6.940676489 seconds.
                    
      Regenerating: 1 file(s) changed at 2026-06-12 11:08:30
                    .run/jekyll.log
                    ...done in 7.011643192 seconds.
                    
      Regenerating: 1 file(s) changed at 2026-06-12 11:08:37
                    .run/jekyll.log
                    ...done in 6.943044977 seconds.
                    
      Regenerating: 1 file(s) changed at 2026-06-12 11:08:44
                    .run/jekyll.log
                    ...done in 7.022771647 seconds.
                    
      Regenerating: 1 file(s) changed at 2026-06-12 11:08:51
                    .run/jekyll.log
                    ...done in 7.12788165 seconds.
                    
      Regenerating: 1 file(s) changed at 2026-06-12 11:08:58
                    .run/jekyll.log
                    ...done in 7.119731051 seconds.
                    
      Regenerating: 1 file(s) changed at 2026-06-12 11:09:06
                    .run/jekyll.log
                    ...done in 6.790815782 seconds.
                    
      Regenerating: 1 file(s) changed at 2026-06-12 11:09:13
                    .run/jekyll.log
                    ...done in 6.827860689 seconds.
                    
      Regenerating: 1 file(s) changed at 2026-06-12 11:09:19
                    .run/jekyll.log
                    ...done in 6.741956371 seconds.
                    
      Regenerating: 1 file(s) changed at 2026-06-12 11:09:26
                    .run/jekyll.log
                    ...done in 6.850208797 seconds.
                    
      Regenerating: 1 file(s) changed at 2026-06-12 11:09:33
                    .run/jekyll.log
                    ...done in 6.821971885 seconds.
                    
      Regenerating: 1 file(s) changed at 2026-06-12 11:09:40
                    .run/jekyll.log
                    ...done in 6.764222534 seconds.
                    
      Regenerating: 1 file(s) changed at 2026-06-12 11:09:47
                    .run/jekyll.log
                    ...done in 6.876130022 seconds.
                    
      Regenerating: 1 file(s) changed at 2026-06-12 11:09:54
                    .run/jekyll.log
                    ...done in 6.820977442 seconds.
                    
      Regenerating: 1 file(s) changed at 2026-06-12 11:10:01
                    .run/jekyll.log
                    ...done in 6.785674442 seconds.
                    
      Regenerating: 1 file(s) changed at 2026-06-12 11:10:08
                    .run/jekyll.log
                    ...done in 6.800625224 seconds.
                    
      Regenerating: 1 file(s) changed at 2026-06-12 11:10:15
                    .run/jekyll.log
                    ...done in 6.776248712 seconds.
                    
      Regenerating: 1 file(s) changed at 2026-06-12 11:10:22
                    .run/jekyll.log
                    ...done in 6.866419267 seconds.
                    
      Regenerating: 1 file(s) changed at 2026-06-12 11:10:29
                    .run/jekyll.log
                    ...done in 6.905668246 seconds.
                    
      Regenerating: 1 file(s) changed at 2026-06-12 11:10:36
                    .run/jekyll.log
                    ...done in 6.861247017 seconds.
                    
      Regenerating: 1 file(s) changed at 2026-06-12 11:10:43
                    .run/jekyll.log
                    ...done in 6.823171774 seconds.
                    
      Regenerating: 1 file(s) changed at 2026-06-12 11:10:49
                    .run/jekyll.log
                    ...done in 6.840080602 seconds.
                    
      Regenerating: 1 file(s) changed at 2026-06-12 11:10:56
                    .run/jekyll.log
                    ...done in 6.823627272 seconds.
                    
      Regenerating: 1 file(s) changed at 2026-06-12 11:11:03
                    .run/jekyll.log
                    ...done in 6.807753144 seconds.
                    
      Regenerating: 1 file(s) changed at 2026-06-12 11:11:10
                    .run/jekyll.log
                    ...done in 6.874368801 seconds.
                    
      Regenerating: 1 file(s) changed at 2026-06-12 11:11:17
                    .run/jekyll.log
                    ...done in 6.859833712 seconds.
                    
      Regenerating: 1 file(s) changed at 2026-06-12 11:11:24
                    .run/jekyll.log
                    ...done in 6.862806365 seconds.
                    
      Regenerating: 1 file(s) changed at 2026-06-12 11:11:31
                    .run/jekyll.log
                    ...done in 6.885830029 seconds.
                    
      Regenerating: 1 file(s) changed at 2026-06-12 11:11:38
                    .run/jekyll.log
                    ...done in 6.899537572 seconds.
                    
      Regenerating: 1 file(s) changed at 2026-06-12 11:11:45
                    .run/jekyll.log
                    ...done in 6.949233043 seconds.
                    
      Regenerating: 1 file(s) changed at 2026-06-12 11:11:52
                    .run/jekyll.log
                    ...done in 6.937699995 seconds.
                    
      Regenerating: 1 file(s) changed at 2026-06-12 11:11:59
                    .run/jekyll.log
                    ...done in 6.924731494 seconds.
                    
      Regenerating: 1 file(s) changed at 2026-06-12 11:12:06
                    .run/jekyll.log
                    ...done in 6.9461072 seconds.
                    
      Regenerating: 1 file(s) changed at 2026-06-12 11:12:13
                    .run/jekyll.log
                    ...done in 6.936151649 seconds.
                    
      Regenerating: 1 file(s) changed at 2026-06-12 11:12:20
                    .run/jekyll.log
                    ...done in 6.907891104 seconds.
                    
      Regenerating: 1 file(s) changed at 2026-06-12 11:12:27
                    .run/jekyll.log
                    ...done in 6.910927169 seconds.
                    
      Regenerating: 1 file(s) changed at 2026-06-12 11:12:34
                    .run/jekyll.log
                    ...done in 7.01173866 seconds.
                    
      Regenerating: 1 file(s) changed at 2026-06-12 11:12:41
                    .run/jekyll.log
                    ...done in 6.924377508 seconds.
                    
      Regenerating: 1 file(s) changed at 2026-06-12 11:12:49
                    .run/jekyll.log
                    ...done in 6.881364639 seconds.
                    
      Regenerating: 1 file(s) changed at 2026-06-12 11:12:55
                    .run/jekyll.log
                    ...done in 6.883011582 seconds.
                    
      Regenerating: 1 file(s) changed at 2026-06-12 11:13:02
                    .run/jekyll.log
                    ...done in 6.902179951 seconds.
                    
      Regenerating: 1 file(s) changed at 2026-06-12 11:13:09
                    .run/jekyll.log
                    ...done in 6.910455108 seconds.
                    
      Regenerating: 1 file(s) changed at 2026-06-12 11:13:16
                    .run/jekyll.log
                    ...done in 6.93166973 seconds.
                    
      Regenerating: 1 file(s) changed at 2026-06-12 11:13:24
                    .run/jekyll.log
                    ...done in 6.915369877 seconds.
                    
      Regenerating: 1 file(s) changed at 2026-06-12 11:13:31
                    .run/jekyll.log
                    ...done in 6.907593232 seconds.
                    
      Regenerating: 1 file(s) changed at 2026-06-12 11:13:38
                    .run/jekyll.log
                    ...done in 6.961197342 seconds.
                    
      Regenerating: 1 file(s) changed at 2026-06-12 11:13:45
                    .run/jekyll.log
                    ...done in 6.994123269 seconds.
                    
      Regenerating: 1 file(s) changed at 2026-06-12 11:13:52
                    .run/jekyll.log
                    ...done in 6.894251866 seconds.
                    
      Regenerating: 1 file(s) changed at 2026-06-12 11:13:59
                    .run/jekyll.log
                    ...done in 7.080608553 seconds.
                    
      Regenerating: 1 file(s) changed at 2026-06-12 11:14:06
                    .run/jekyll.log
                    ...done in 7.004768196 seconds.
                    
      Regenerating: 1 file(s) changed at 2026-06-12 11:14:13
                    .run/jekyll.log
                    ...done in 7.067971697 seconds.
                    
      Regenerating: 1 file(s) changed at 2026-06-12 11:14:20
                    .run/jekyll.log
                    ...done in 7.014376377 seconds.
                    
      Regenerating: 1 file(s) changed at 2026-06-12 11:14:27
                    .run/jekyll.log
                    ...done in 6.997921315 seconds.
                    
      Regenerating: 1 file(s) changed at 2026-06-12 11:14:34
                    .run/jekyll.log
                    ...done in 7.044156296 seconds.
                    
      Regenerating: 1 file(s) changed at 2026-06-12 11:14:42
                    .run/jekyll.log
                    ...done in 6.966234393 seconds.
                    
      Regenerating: 1 file(s) changed at 2026-06-12 11:14:49
                    .run/jekyll.log
                    ...done in 7.059848155 seconds.
                    
      Regenerating: 1 file(s) changed at 2026-06-12 11:14:56
                    .run/jekyll.log
                    ...done in 6.998978674 seconds.
                    
      Regenerating: 1 file(s) changed at 2026-06-12 11:15:03
                    .run/jekyll.log
                    ...done in 7.043296507 seconds.
                    
      Regenerating: 1 file(s) changed at 2026-06-12 11:15:10
                    .run/jekyll.log
                    ...done in 7.102989284 seconds.
                    
      Regenerating: 1 file(s) changed at 2026-06-12 11:15:17
                    .run/jekyll.log
                    ...done in 6.996850681 seconds.
                    
      Regenerating: 1 file(s) changed at 2026-06-12 11:15:24
                    .run/jekyll.log
                    ...done in 7.061615532 seconds.
                    
      Regenerating: 1 file(s) changed at 2026-06-12 11:15:31
                    .run/jekyll.log
                    ...done in 7.129044238 seconds.
                    
      Regenerating: 1 file(s) changed at 2026-06-12 11:15:39
                    .run/jekyll.log
                    ...done in 7.148617798 seconds.
                    
      Regenerating: 1 file(s) changed at 2026-06-12 11:15:46
                    .run/jekyll.log
                    ...done in 7.156052995 seconds.
                    
      Regenerating: 1 file(s) changed at 2026-06-12 11:15:53
                    .run/jekyll.log
                    ...done in 7.124274623 seconds.
                    
      Regenerating: 1 file(s) changed at 2026-06-12 11:16:00
                    .run/jekyll.log
                    ...done in 7.215965461 seconds.
                    
      Regenerating: 1 file(s) changed at 2026-06-12 11:16:08
                    .run/jekyll.log
                    ...done in 7.1014601 seconds.
                    
      Regenerating: 1 file(s) changed at 2026-06-12 11:16:15
                    .run/jekyll.log
                    ...done in 7.074360193 seconds.
                    
      Regenerating: 1 file(s) changed at 2026-06-12 11:16:22
                    .run/jekyll.log
                    ...done in 7.017258849 seconds.
                    
      Regenerating: 1 file(s) changed at 2026-06-12 11:16:29
                    .run/jekyll.log
                    ...done in 7.067166705 seconds.
                    
      Regenerating: 1 file(s) changed at 2026-06-12 11:16:36
                    .run/jekyll.log
                    ...done in 7.04194941 seconds.
                    
      Regenerating: 1 file(s) changed at 2026-06-12 11:16:44
                    .run/jekyll.log
                    ...done in 6.956006597 seconds.
                    
      Regenerating: 1 file(s) changed at 2026-06-12 11:16:51
                    .run/jekyll.log
                    ...done in 7.101059889 seconds.
                    
      Regenerating: 1 file(s) changed at 2026-06-12 11:16:58
                    .run/jekyll.log
                    ...done in 7.050183319 seconds.
                    
      Regenerating: 1 file(s) changed at 2026-06-12 11:17:05
                    .run/jekyll.log
                    ...done in 6.952216196 seconds.
                    
      Regenerating: 1 file(s) changed at 2026-06-12 11:17:12
                    .run/jekyll.log
                    ...done in 7.203873782 seconds.
                    
      Regenerating: 1 file(s) changed at 2026-06-12 11:17:19
                    .run/jekyll.log
                    ...done in 7.112441769 seconds.
                    
      Regenerating: 1 file(s) changed at 2026-06-12 11:17:26
                    .run/jekyll.log
                    ...done in 7.264441315 seconds.
                    
      Regenerating: 1 file(s) changed at 2026-06-12 11:17:34
                    .run/jekyll.log
                    ...done in 7.071670092 seconds.
                    
      Regenerating: 1 file(s) changed at 2026-06-12 11:17:41
                    .run/jekyll.log
                    ...done in 7.157137028 seconds.
                    
      Regenerating: 1 file(s) changed at 2026-06-12 11:17:48
                    .run/jekyll.log
                    ...done in 7.068708812 seconds.
                    
      Regenerating: 1 file(s) changed at 2026-06-12 11:17:55
                    .run/jekyll.log
                    ...done in 7.110008845 seconds.
                    
      Regenerating: 1 file(s) changed at 2026-06-12 11:18:03
                    .run/jekyll.log
                    ...done in 6.898451686 seconds.
                    
      Regenerating: 1 file(s) changed at 2026-06-12 11:18:10
                    .run/jekyll.log
                    ...done in 7.021256985 seconds.
                    
      Regenerating: 1 file(s) changed at 2026-06-12 11:18:17
                    .run/jekyll.log
                    ...done in 7.022883265 seconds.
                    
      Regenerating: 1 file(s) changed at 2026-06-12 11:18:24
                    .run/jekyll.log
                    ...done in 6.974120339 seconds.
                    
      Regenerating: 1 file(s) changed at 2026-06-12 11:18:31
                    .run/jekyll.log
                    ...done in 7.214288476 seconds.
                    
      Regenerating: 1 file(s) changed at 2026-06-12 11:18:38
                    .run/jekyll.log
                    ...done in 6.972199972 seconds.
                    
      Regenerating: 1 file(s) changed at 2026-06-12 11:18:45
                    .run/jekyll.log
                    ...done in 7.201993951 seconds.
                    
      Regenerating: 1 file(s) changed at 2026-06-12 11:18:53
                    .run/jekyll.log
                    ...done in 7.182255755 seconds.
                    
      Regenerating: 1 file(s) changed at 2026-06-12 11:19:00
                    .run/jekyll.log
                    ...done in 7.023094186 seconds.
                    
      Regenerating: 1 file(s) changed at 2026-06-12 11:19:07
                    .run/jekyll.log
                    ...done in 7.074898161 seconds.
                    
      Regenerating: 1 file(s) changed at 2026-06-12 11:19:14
                    .run/jekyll.log
                    ...done in 7.117433886 seconds.
                    
      Regenerating: 1 file(s) changed at 2026-06-12 11:19:21
                    .run/jekyll.log
                    ...done in 7.281111902 seconds.
                    
      Regenerating: 1 file(s) changed at 2026-06-12 11:19:29
                    .run/jekyll.log
                    ...done in 8.903090545 seconds.
                    
      Regenerating: 2 file(s) changed at 2026-06-12 11:19:38
                    .run/jekyll.log
                    .run/tutorial_frontend.log
                    ...done in 7.743575792 seconds.
                    
      Regenerating: 1 file(s) changed at 2026-06-12 11:19:46
                    .run/jekyll.log
                    ...done in 7.291835859 seconds.
                    
      Regenerating: 1 file(s) changed at 2026-06-12 11:19:53
                    .run/jekyll.log
                    ...done in 8.540123054 seconds.
                    
      Regenerating: 6 file(s) changed at 2026-06-12 11:20:02
                    .run/jekyll.log
                    assets/css/custom.css
                    assets/js/numbered/numbered-toc.js
                    docs/chap3_motion_planning/DS-planning.md
                    assets/images/characters/scientist_assistant.svg
                    docs/questions.js
                    ...done in 10.051363296 seconds.
                    
      Regenerating: 2 file(s) changed at 2026-06-12 11:20:12
                    .run/jekyll.log
                    .run/tutorial_backend.log
                    ...done in 12.489086087 seconds.
                    
      Regenerating: 2 file(s) changed at 2026-06-12 11:20:24
                    .run/jekyll.log
                    .run/tutorial_backend.log
                    ...done in 7.943012962 seconds.
                    
      Regenerating: 2 file(s) changed at 2026-06-12 11:20:33
                    .run/jekyll.log
                    .run/tutorial_backend.log
                    ...done in 9.097952734 seconds.
                    
      Regenerating: 2 file(s) changed at 2026-06-12 11:20:42
                    .run/jekyll.log
                    .run/tutorial_backend.log
                    ...done in 7.93310018 seconds.
                    
      Regenerating: 1 file(s) changed at 2026-06-12 11:20:50
                    .run/jekyll.log
                    ...done in 7.435526901 seconds.
                    
      Regenerating: 1 file(s) changed at 2026-06-12 11:20:57
                    .run/jekyll.log
                    ...done in 7.293241901 seconds.
                    
      Regenerating: 1 file(s) changed at 2026-06-12 11:21:05
                    .run/jekyll.log
                    ...done in 7.445114038 seconds.
                    
      Regenerating: 1 file(s) changed at 2026-06-12 11:21:12
                    .run/jekyll.log
                    ...done in 7.6410418 seconds.
                    
      Regenerating: 1 file(s) changed at 2026-06-12 11:21:20
                    .run/jekyll.log
                    ...done in 7.409288759 seconds.
                    
      Regenerating: 1 file(s) changed at 2026-06-12 11:21:27
                    .run/jekyll.log
                    ...done in 7.251385569 seconds.
                    
      Regenerating: 1 file(s) changed at 2026-06-12 11:21:35
                    .run/jekyll.log
                    ...done in 7.245371442 seconds.
                    
      Regenerating: 1 file(s) changed at 2026-06-12 11:21:42
                    .run/jekyll.log
                    ...done in 7.475650701 seconds.
                    
      Regenerating: 1 file(s) changed at 2026-06-12 11:21:50
                    .run/jekyll.log
                    ...done in 7.47646542 seconds.
                    
      Regenerating: 1 file(s) changed at 2026-06-12 11:21:57
                    .run/jekyll.log
                    ...done in 7.959512494 seconds.
                    
      Regenerating: 1 file(s) changed at 2026-06-12 11:22:05
                    .run/jekyll.log
                    ...done in 7.588210032 seconds.
                    
      Regenerating: 1 file(s) changed at 2026-06-12 11:22:13
                    .run/jekyll.log
                    ...done in 7.611131136 seconds.
                    
      Regenerating: 1 file(s) changed at 2026-06-12 11:22:21
                    .run/jekyll.log
                    ...done in 7.986237207 seconds.
                    
      Regenerating: 3 file(s) changed at 2026-06-12 11:22:29
                    .run/jekyll.log
                    docs/questions.js
                    docs/chap3_motion_planning/DS-planning.md
                    ...done in 7.680362629 seconds.
                    
      Regenerating: 1 file(s) changed at 2026-06-12 11:22:37
                    .run/jekyll.log
                    ...done in 7.607639902 seconds.
                    
      Regenerating: 1 file(s) changed at 2026-06-12 11:22:44
                    .run/jekyll.log
                    ...done in 7.677463741 seconds.
                    
      Regenerating: 2 file(s) changed at 2026-06-12 11:22:52
                    .run/jekyll.log
                    docs/questions.js
                    ...done in 8.007554092 seconds.
                    
      Regenerating: 1 file(s) changed at 2026-06-12 11:23:00
                    .run/jekyll.log
                    ...done in 7.909409833 seconds.
                    
      Regenerating: 1 file(s) changed at 2026-06-12 11:23:08
                    .run/jekyll.log
                    ...done in 7.58996753 seconds.
                    
      Regenerating: 1 file(s) changed at 2026-06-12 11:23:16
                    .run/jekyll.log
                    ...done in 7.926734524 seconds.
                    
      Regenerating: 1 file(s) changed at 2026-06-12 11:23:24
                    .run/jekyll.log
                    ...done in 7.37452758 seconds.
                    
      Regenerating: 1 file(s) changed at 2026-06-12 11:23:31
                    .run/jekyll.log
                    ...done in 7.581889922 seconds.
                    
      Regenerating: 1 file(s) changed at 2026-06-12 11:23:39
                    .run/jekyll.log
                    ...done in 7.609382263 seconds.
                    
      Regenerating: 1 file(s) changed at 2026-06-12 11:23:47
                    .run/jekyll.log
                    ...done in 7.637097108 seconds.
                    
      Regenerating: 1 file(s) changed at 2026-06-12 11:23:55
                    .run/jekyll.log
                    ...done in 7.556106441 seconds.
                    
      Regenerating: 1 file(s) changed at 2026-06-12 11:24:02
                    .run/jekyll.log
                    ...done in 7.717248585 seconds.
                    
      Regenerating: 1 file(s) changed at 2026-06-12 11:24:10
                    .run/jekyll.log
                    ...done in 7.897821607 seconds.
                    
      Regenerating: 1 file(s) changed at 2026-06-12 11:24:18
                    .run/jekyll.log
                    ...done in 7.791249755 seconds.
                    
      Regenerating: 1 file(s) changed at 2026-06-12 11:24:26
                    .run/jekyll.log
                    ...done in 7.703049608 seconds.
                    
      Regenerating: 1 file(s) changed at 2026-06-12 11:24:34
                    .run/jekyll.log
                    ...done in 7.869156773 seconds.
                    
      Regenerating: 1 file(s) changed at 2026-06-12 11:24:42
                    .run/jekyll.log
                    ...done in 7.864980292 seconds.
                    
      Regenerating: 1 file(s) changed at 2026-06-12 11:24:50
                    .run/jekyll.log
                    ...done in 8.145091456 seconds.
                    
      Regenerating: 1 file(s) changed at 2026-06-12 11:24:58
                    .run/jekyll.log
                    ...done in 7.777237639 seconds.
                    
      Regenerating: 1 file(s) changed at 2026-06-12 11:25:06
                    .run/jekyll.log
                    ...done in 7.742892146 seconds.
                    
      Regenerating: 1 file(s) changed at 2026-06-12 11:25:14
                    .run/jekyll.log
                    ...done in 7.640738612 seconds.
                    
      Regenerating: 1 file(s) changed at 2026-06-12 11:25:21
                    .run/jekyll.log
                    ...done in 7.539038707 seconds.
                    
      Regenerating: 1 file(s) changed at 2026-06-12 11:25:29
                    .run/jekyll.log
                    ...done in 7.500063317 seconds.
                    
      Regenerating: 1 file(s) changed at 2026-06-12 11:25:37
                    .run/jekyll.log
                    ...done in 7.51449167 seconds.
                    
      Regenerating: 1 file(s) changed at 2026-06-12 11:25:44
                    .run/jekyll.log
                    ...done in 7.33573619 seconds.
                    
      Regenerating: 1 file(s) changed at 2026-06-12 11:25:52
                    .run/jekyll.log
                    ...done in 7.653655477 seconds.
                    
      Regenerating: 1 file(s) changed at 2026-06-12 11:25:59
                    .run/jekyll.log
                    ...done in 7.6980336 seconds.
                    
      Regenerating: 1 file(s) changed at 2026-06-12 11:26:07
                    .run/jekyll.log
                    ...done in 7.874339077 seconds.
                    
      Regenerating: 2 file(s) changed at 2026-06-12 11:26:15
                    .run/jekyll.log
                    docs/questions.js
                    ...done in 7.698161094 seconds.
                    
      Regenerating: 1 file(s) changed at 2026-06-12 11:26:23
                    .run/jekyll.log
                    ...done in 8.039158027 seconds.
                    
      Regenerating: 1 file(s) changed at 2026-06-12 11:26:31
                    .run/jekyll.log
                    ...done in 8.009126062 seconds.
                    
      Regenerating: 1 file(s) changed at 2026-06-12 11:26:39
                    .run/jekyll.log
                    ...done in 7.723431529 seconds.
                    
      Regenerating: 2 file(s) changed at 2026-06-12 11:26:47
                    .run/jekyll.log
                    docs/questions.js
                    ...done in 7.747662221 seconds.
                    
      Regenerating: 1 file(s) changed at 2026-06-12 11:26:55
                    .run/jekyll.log
                    ...done in 7.881835629 seconds.
                    
      Regenerating: 1 file(s) changed at 2026-06-12 11:27:03
                    .run/jekyll.log
                    ...done in 8.202459635 seconds.
                    
      Regenerating: 1 file(s) changed at 2026-06-12 11:27:11
                    .run/jekyll.log
                    ...done in 8.177803997 seconds.
                    
      Regenerating: 1 file(s) changed at 2026-06-12 11:27:20
                    .run/jekyll.log
                    ...done in 7.884954863 seconds.
                    
      Regenerating: 1 file(s) changed at 2026-06-12 11:27:27
                    .run/jekyll.log
                    ...done in 7.881037178 seconds.
                    
      Regenerating: 1 file(s) changed at 2026-06-12 11:27:35
                    .run/jekyll.log
                    ...done in 8.0361257 seconds.
                    
      Regenerating: 1 file(s) changed at 2026-06-12 11:27:44
                    .run/jekyll.log
                    ...done in 8.270259394 seconds.
                    
      Regenerating: 1 file(s) changed at 2026-06-12 11:27:52
                    .run/jekyll.log
                    ...done in 8.116310997 seconds.
                    
      Regenerating: 1 file(s) changed at 2026-06-12 11:28:00
                    .run/jekyll.log
                    ...done in 7.57887514 seconds.
                    
      Regenerating: 1 file(s) changed at 2026-06-12 11:28:08
                    .run/jekyll.log
                    ...done in 7.997473014 seconds.
                    
      Regenerating: 1 file(s) changed at 2026-06-12 11:28:16
                    .run/jekyll.log
                    ...done in 7.727640335 seconds.
                    
      Regenerating: 1 file(s) changed at 2026-06-12 11:28:24
                    .run/jekyll.log
                    ...done in 7.542487948 seconds.
                    
      Regenerating: 1 file(s) changed at 2026-06-12 11:28:31
                    .run/jekyll.log
                    ...done in 7.929114479 seconds.
                    
      Regenerating: 1 file(s) changed at 2026-06-12 11:28:39
                    .run/jekyll.log
                    ...done in 7.817756028 seconds.
                    
      Regenerating: 1 file(s) changed at 2026-06-12 11:28:47
                    .run/jekyll.log
                    ...done in 7.917328078 seconds.
                    
      Regenerating: 1 file(s) changed at 2026-06-12 11:28:55
                    .run/jekyll.log
                    ...done in 7.624008382 seconds.
                    
      Regenerating: 1 file(s) changed at 2026-06-12 11:29:03
                    .run/jekyll.log
                    ...done in 8.21801978 seconds.
                    
      Regenerating: 1 file(s) changed at 2026-06-12 11:29:11
                    .run/jekyll.log
                    ...done in 7.603581227 seconds.
                    
      Regenerating: 1 file(s) changed at 2026-06-12 11:29:19
                    .run/jekyll.log
                    ...done in 7.593343441 seconds.
                    
      Regenerating: 1 file(s) changed at 2026-06-12 11:29:27
                    .run/jekyll.log
                    ...done in 7.663844207 seconds.
                    
      Regenerating: 1 file(s) changed at 2026-06-12 11:29:35
                    .run/jekyll.log
                    ...done in 7.56863981 seconds.
                    
      Regenerating: 1 file(s) changed at 2026-06-12 11:29:42
                    .run/jekyll.log
                    ...done in 7.718847016 seconds.
                    
      Regenerating: 1 file(s) changed at 2026-06-12 11:29:50
                    .run/jekyll.log
                    ...done in 7.816937873 seconds.
                    
      Regenerating: 1 file(s) changed at 2026-06-12 11:29:58
                    .run/jekyll.log
                    ...done in 7.951755072 seconds.
                    
      Regenerating: 1 file(s) changed at 2026-06-12 11:30:06
                    .run/jekyll.log
                    ...done in 7.867163232 seconds.
                    
      Regenerating: 1 file(s) changed at 2026-06-12 11:30:14
                    .run/jekyll.log
                    ...done in 7.96618773 seconds.
                    
      Regenerating: 1 file(s) changed at 2026-06-12 11:30:22
                    .run/jekyll.log
                    ...done in 8.008936956 seconds.
                    
      Regenerating: 1 file(s) changed at 2026-06-12 11:30:30
                    .run/jekyll.log
                    ...done in 8.146690837 seconds.
                    
      Regenerating: 1 file(s) changed at 2026-06-12 11:30:38
                    .run/jekyll.log
                    ...done in 8.069127493 seconds.
                    
      Regenerating: 1 file(s) changed at 2026-06-12 11:30:47
                    .run/jekyll.log
                    ...done in 8.085722847 seconds.
                    
      Regenerating: 1 file(s) changed at 2026-06-12 11:30:55
                    .run/jekyll.log
                    ...done in 7.904120664 seconds.
                    
      Regenerating: 1 file(s) changed at 2026-06-12 11:31:03
                    .run/jekyll.log
                    ...done in 7.978284466 seconds.
                    
      Regenerating: 1 file(s) changed at 2026-06-12 11:31:11
                    .run/jekyll.log
                    ...done in 7.831729925 seconds.
                    
      Regenerating: 1 file(s) changed at 2026-06-12 11:31:19
                    .run/jekyll.log
                    ...done in 7.840985181 seconds.
                    
      Regenerating: 1 file(s) changed at 2026-06-12 11:31:27
                    .run/jekyll.log
                    ...done in 8.035797138 seconds.
                    
      Regenerating: 1 file(s) changed at 2026-06-12 11:31:35
                    .run/jekyll.log
                    ...done in 8.183322894 seconds.
                    
      Regenerating: 1 file(s) changed at 2026-06-12 11:31:43
                    .run/jekyll.log
                    ...done in 7.907840238 seconds.
                    
      Regenerating: 1 file(s) changed at 2026-06-12 11:31:51
                    .run/jekyll.log
                    ...done in 8.132459838 seconds.
                    
      Regenerating: 1 file(s) changed at 2026-06-12 11:31:59
                    .run/jekyll.log
                    ...done in 7.971327771 seconds.
                    
      Regenerating: 1 file(s) changed at 2026-06-12 11:32:08
                    .run/jekyll.log
                    ...done in 7.646997663 seconds.
                    
      Regenerating: 1 file(s) changed at 2026-06-12 11:32:15
                    .run/jekyll.log
                    ...done in 7.986388082 seconds.
                    
      Regenerating: 1 file(s) changed at 2026-06-12 11:32:23
                    .run/jekyll.log
                    ...done in 7.751652148 seconds.
                    
      Regenerating: 1 file(s) changed at 2026-06-12 11:32:31
                    .run/jekyll.log
                    ...done in 8.223369055 seconds.
                    
      Regenerating: 1 file(s) changed at 2026-06-12 11:32:40
                    .run/jekyll.log
                    ...done in 7.907399981 seconds.
                    
      Regenerating: 1 file(s) changed at 2026-06-12 11:32:48
                    .run/jekyll.log
                    ...done in 8.0175416 seconds.
                    
      Regenerating: 1 file(s) changed at 2026-06-12 11:32:56
                    .run/jekyll.log
                    ...done in 7.835752145 seconds.
                    
      Regenerating: 1 file(s) changed at 2026-06-12 11:33:04
                    .run/jekyll.log
                    ...done in 8.407375058 seconds.
                    
      Regenerating: 1 file(s) changed at 2026-06-12 11:33:12
                    .run/jekyll.log
                    ...done in 7.810914077 seconds.
                    
      Regenerating: 1 file(s) changed at 2026-06-12 11:33:20
                    .run/jekyll.log
                    ...done in 7.771091816 seconds.
                    
      Regenerating: 1 file(s) changed at 2026-06-12 11:33:28
                    .run/jekyll.log
                    ...done in 7.931182664 seconds.
                    
      Regenerating: 1 file(s) changed at 2026-06-12 11:33:36
                    .run/jekyll.log
                    ...done in 7.918233498 seconds.
                    
      Regenerating: 1 file(s) changed at 2026-06-12 11:33:44
                    .run/jekyll.log
                    ...done in 7.735910054 seconds.
                    
      Regenerating: 1 file(s) changed at 2026-06-12 11:33:52
                    .run/jekyll.log
                    ...done in 8.008193813 seconds.
                    
      Regenerating: 1 file(s) changed at 2026-06-12 11:34:00
                    .run/jekyll.log
                    ...done in 8.083700964 seconds.
                    
      Regenerating: 1 file(s) changed at 2026-06-12 11:34:08
                    .run/jekyll.log
                    ...done in 8.217309088 seconds.
                    
      Regenerating: 1 file(s) changed at 2026-06-12 11:34:16
                    .run/jekyll.log
                    ...done in 8.095376221 seconds.
                    
      Regenerating: 1 file(s) changed at 2026-06-12 11:34:25
                    .run/jekyll.log
                    ...done in 7.778284655 seconds.
                    
      Regenerating: 1 file(s) changed at 2026-06-12 11:34:32
                    .run/jekyll.log
                    ...done in 8.058091613 seconds.
                    
      Regenerating: 1 file(s) changed at 2026-06-12 11:34:41
                    .run/jekyll.log
                    ...done in 8.220209483 seconds.
                    
      Regenerating: 1 file(s) changed at 2026-06-12 11:34:49
                    .run/jekyll.log
                    ...done in 7.713374974 seconds.
                    
      Regenerating: 1 file(s) changed at 2026-06-12 11:34:57
                    .run/jekyll.log
                    ...done in 8.425476249 seconds.
                    
      Regenerating: 1 file(s) changed at 2026-06-12 11:35:05
                    .run/jekyll.log
                    ...done in 8.060539238 seconds.
                    
      Regenerating: 1 file(s) changed at 2026-06-12 11:35:13
                    .run/jekyll.log
                    ...done in 8.069202174 seconds.
                    
      Regenerating: 1 file(s) changed at 2026-06-12 11:35:22
                    .run/jekyll.log
                    ...done in 7.620921908 seconds.
                    
      Regenerating: 1 file(s) changed at 2026-06-12 11:35:29
                    .run/jekyll.log
                    ...done in 7.774496713 seconds.
                    
      Regenerating: 1 file(s) changed at 2026-06-12 11:35:37
                    .run/jekyll.log
                    ...done in 7.629553898 seconds.
                    
      Regenerating: 1 file(s) changed at 2026-06-12 11:35:45
                    .run/jekyll.log
                    ...done in 7.888699468 seconds.
                    
      Regenerating: 1 file(s) changed at 2026-06-12 11:35:53
                    .run/jekyll.log
                    ...done in 7.612318542 seconds.
                    
      Regenerating: 1 file(s) changed at 2026-06-12 11:36:01
                    .run/jekyll.log
                    ...done in 7.47328338 seconds.
                    
      Regenerating: 1 file(s) changed at 2026-06-12 11:36:08
                    .run/jekyll.log
                    ...done in 7.592275026 seconds.
                    
      Regenerating: 1 file(s) changed at 2026-06-12 11:36:16
                    .run/jekyll.log
                    ...done in 8.268297172 seconds.
                    
      Regenerating: 1 file(s) changed at 2026-06-12 11:36:24
                    .run/jekyll.log
                    ...done in 8.276188208 seconds.
                    
      Regenerating: 1 file(s) changed at 2026-06-12 11:36:33
                    .run/jekyll.log
                    ...done in 8.214548487 seconds.
                    
      Regenerating: 1 file(s) changed at 2026-06-12 11:36:41
                    .run/jekyll.log
                    ...done in 8.036863753 seconds.
                    
      Regenerating: 1 file(s) changed at 2026-06-12 11:36:49
                    .run/jekyll.log
                    ...done in 7.789343125 seconds.
                    
      Regenerating: 1 file(s) changed at 2026-06-12 11:36:57
                    .run/jekyll.log
                    ...done in 7.573145506 seconds.
                    
      Regenerating: 1 file(s) changed at 2026-06-12 11:37:05
                    .run/jekyll.log
                    ...done in 7.70730736 seconds.
                    
      Regenerating: 1 file(s) changed at 2026-06-12 11:37:12
                    .run/jekyll.log
                    ...done in 7.982770865 seconds.
                    
      Regenerating: 1 file(s) changed at 2026-06-12 11:37:21
                    .run/jekyll.log
                    ...done in 8.023756353 seconds.
                    
      Regenerating: 2 file(s) changed at 2026-06-12 11:37:29
                    .run/jekyll.log
                    docs/chap3_motion_planning/DS-planning.md
                    ...done in 8.10589261 seconds.
                    
      Regenerating: 1 file(s) changed at 2026-06-12 11:37:37
                    .run/jekyll.log
                    ...done in 8.230466103 seconds.
                    
      Regenerating: 1 file(s) changed at 2026-06-12 11:37:45
                    .run/jekyll.log
                    ...done in 7.811086763 seconds.
                    
      Regenerating: 1 file(s) changed at 2026-06-12 11:37:53
                    .run/jekyll.log
                    ...done in 8.358686903 seconds.
                    
      Regenerating: 1 file(s) changed at 2026-06-12 11:38:02
                    .run/jekyll.log
                    ...done in 8.233952906 seconds.
                    
      Regenerating: 1 file(s) changed at 2026-06-12 11:38:10
                    .run/jekyll.log
                    ...done in 8.52675896 seconds.
                    
      Regenerating: 1 file(s) changed at 2026-06-12 11:38:19
                    .run/jekyll.log
                    ...done in 7.761661648 seconds.
                    
      Regenerating: 1 file(s) changed at 2026-06-12 11:38:26
                    .run/jekyll.log
                    ...done in 8.509972069 seconds.
                    
      Regenerating: 2 file(s) changed at 2026-06-12 11:38:35
                    .run/jekyll.log
                    docs/chap3_motion_planning/DS-planning.md
  Jekyll Spaceship: [1m[EmojiProcessor] docs/chap3_motion_planning/DS-planning.md[0m
                    ...done in 8.524100649 seconds.
                    
      Regenerating: 1 file(s) changed at 2026-06-12 11:38:44
                    .run/jekyll.log
                    ...done in 8.220780355 seconds.
                    
      Regenerating: 1 file(s) changed at 2026-06-12 11:38:52
                    .run/jekyll.log
                    ...done in 8.465768483 seconds.
                    
      Regenerating: 1 file(s) changed at 2026-06-12 11:39:01
                    .run/jekyll.log
                    ...done in 7.966057092 seconds.
                    
      Regenerating: 1 file(s) changed at 2026-06-12 11:39:09
                    .run/jekyll.log
                    ...done in 8.024191484 seconds.
                    
      Regenerating: 1 file(s) changed at 2026-06-12 11:39:17
                    .run/jekyll.log
                    ...done in 8.587488566 seconds.
                    
      Regenerating: 1 file(s) changed at 2026-06-12 11:39:25
                    .run/jekyll.log
                    ...done in 8.153743295 seconds.
                    
      Regenerating: 1 file(s) changed at 2026-06-12 11:39:34
                    .run/jekyll.log
                    ...done in 7.920694785 seconds.
                    
      Regenerating: 1 file(s) changed at 2026-06-12 11:39:42
                    .run/jekyll.log
                    ...done in 7.907561797 seconds.
                    
      Regenerating: 1 file(s) changed at 2026-06-12 11:39:50
                    .run/jekyll.log
                    ...done in 8.092109715 seconds.
                    
      Regenerating: 1 file(s) changed at 2026-06-12 11:39:58
                    .run/jekyll.log
                    ...done in 8.264043172 seconds.
                    
      Regenerating: 1 file(s) changed at 2026-06-12 11:40:06
                    .run/jekyll.log
                    ...done in 7.955189638 seconds.
                    
      Regenerating: 1 file(s) changed at 2026-06-12 11:40:14
                    .run/jekyll.log
                    ...done in 8.32951974 seconds.
                    
      Regenerating: 1 file(s) changed at 2026-06-12 11:40:23
                    .run/jekyll.log
                    ...done in 8.235685653 seconds.
                    
      Regenerating: 1 file(s) changed at 2026-06-12 11:40:31
                    .run/jekyll.log
                    ...done in 8.078676337 seconds.
                    
      Regenerating: 1 file(s) changed at 2026-06-12 11:40:39
                    .run/jekyll.log
                    ...done in 8.438061135 seconds.
                    
      Regenerating: 2 file(s) changed at 2026-06-12 11:40:48
                    .run/jekyll.log
                    docs/chap3_motion_planning/DS-planning.md
                    ...done in 8.382623014 seconds.
                    
      Regenerating: 1 file(s) changed at 2026-06-12 11:40:56
                    .run/jekyll.log
                    ...done in 8.458018309 seconds.
                    
      Regenerating: 1 file(s) changed at 2026-06-12 11:41:05
                    .run/jekyll.log
                    ...done in 8.618832804 seconds.
                    
      Regenerating: 1 file(s) changed at 2026-06-12 11:41:14
                    .run/jekyll.log
                    ...done in 8.298485875 seconds.
                    
      Regenerating: 1 file(s) changed at 2026-06-12 11:41:22
                    .run/jekyll.log
                    ...done in 8.288915311 seconds.
                    
      Regenerating: 1 file(s) changed at 2026-06-12 11:41:30
                    .run/jekyll.log
                    ...done in 8.243634586 seconds.
                    
      Regenerating: 1 file(s) changed at 2026-06-12 11:41:39
                    .run/jekyll.log
                    ...done in 8.357518757 seconds.
                    
      Regenerating: 1 file(s) changed at 2026-06-12 11:41:47
                    .run/jekyll.log
                    ...done in 8.375873555 seconds.
                    
      Regenerating: 1 file(s) changed at 2026-06-12 11:41:56
                    .run/jekyll.log
                    ...done in 8.249730383 seconds.
                    
      Regenerating: 1 file(s) changed at 2026-06-12 11:42:04
                    .run/jekyll.log
                    ...done in 8.110716618 seconds.
                    
      Regenerating: 1 file(s) changed at 2026-06-12 11:42:12
                    .run/jekyll.log
                    ...done in 8.355127942 seconds.
                    
      Regenerating: 1 file(s) changed at 2026-06-12 11:42:21
                    .run/jekyll.log
                    ...done in 8.454656036 seconds.
                    
      Regenerating: 1 file(s) changed at 2026-06-12 11:42:29
                    .run/jekyll.log
                    ...done in 8.119650704 seconds.
                    
      Regenerating: 1 file(s) changed at 2026-06-12 11:42:37
                    .run/jekyll.log
                    ...done in 8.097700166 seconds.
                    
      Regenerating: 1 file(s) changed at 2026-06-12 11:42:46
                    .run/jekyll.log
                    ...done in 8.582345568 seconds.
                    
      Regenerating: 2 file(s) changed at 2026-06-12 11:42:54
                    .run/jekyll.log
                    docs/chap3_motion_planning/DS-planning.md
                    ...done in 8.58759727 seconds.
                    
      Regenerating: 2 file(s) changed at 2026-06-12 11:43:03
                    .run/jekyll.log
                    docs/chap3_motion_planning/DS-planning.md
                    ...done in 7.774223547 seconds.
                    
      Regenerating: 1 file(s) changed at 2026-06-12 11:43:11
                    .run/jekyll.log
                    ...done in 8.121609702 seconds.
                    
      Regenerating: 1 file(s) changed at 2026-06-12 11:43:19
                    .run/jekyll.log
                    ...done in 8.532364547 seconds.
                    
      Regenerating: 1 file(s) changed at 2026-06-12 11:43:28
                    .run/jekyll.log
                    ...done in 8.574397311 seconds.
                    
      Regenerating: 1 file(s) changed at 2026-06-12 11:43:36
                    .run/jekyll.log
                    ...done in 8.74093974 seconds.
                    
      Regenerating: 1 file(s) changed at 2026-06-12 11:43:45
                    .run/jekyll.log
                    ...done in 7.952640344 seconds.
                    
      Regenerating: 1 file(s) changed at 2026-06-12 11:43:53
                    .run/jekyll.log
                    ...done in 7.836049001 seconds.
                    
      Regenerating: 1 file(s) changed at 2026-06-12 11:44:01
                    .run/jekyll.log
                    ...done in 8.490368202 seconds.
                    
      Regenerating: 1 file(s) changed at 2026-06-12 11:44:10
                    .run/jekyll.log
                    ...done in 7.973433724 seconds.
                    
      Regenerating: 1 file(s) changed at 2026-06-12 11:44:18
                    .run/jekyll.log
                    ...done in 8.369652054 seconds.
                    
      Regenerating: 1 file(s) changed at 2026-06-12 11:44:26
                    .run/jekyll.log
                    ...done in 8.647293545 seconds.
                    
      Regenerating: 1 file(s) changed at 2026-06-12 11:44:35
                    .run/jekyll.log
                    ...done in 8.528450907 seconds.
                    
      Regenerating: 1 file(s) changed at 2026-06-12 11:44:44
                    .run/jekyll.log
[2026-06-12 11:44:45] ERROR bad Request-Line ''.
                    ...done in 8.137162014 seconds.
                    
      Regenerating: 2 file(s) changed at 2026-06-12 11:44:52
                    .run/jekyll.log
                    .run/tutorial_backend.log
                    ...done in 8.394279894 seconds.
                    
      Regenerating: 1 file(s) changed at 2026-06-12 11:45:00
                    .run/jekyll.log
                    ...done in 8.27761716 seconds.
                    
      Regenerating: 1 file(s) changed at 2026-06-12 11:45:09
                    .run/jekyll.log
                    ...done in 8.011734207 seconds.
                    
      Regenerating: 1 file(s) changed at 2026-06-12 11:45:17
                    .run/jekyll.log
                    ...done in 8.283382438 seconds.
                    
      Regenerating: 1 file(s) changed at 2026-06-12 11:45:25
                    .run/jekyll.log
                    ...done in 8.414873643 seconds.
                    
      Regenerating: 1 file(s) changed at 2026-06-12 11:45:34
                    .run/jekyll.log
                    ...done in 8.814662607 seconds.
                    
      Regenerating: 1 file(s) changed at 2026-06-12 11:45:43
                    .run/jekyll.log
                    ...done in 8.652546346 seconds.
                    
      Regenerating: 1 file(s) changed at 2026-06-12 11:45:52
                    .run/jekyll.log
                    ...done in 8.224138957 seconds.
                    
      Regenerating: 1 file(s) changed at 2026-06-12 11:46:00
                    .run/jekyll.log
                    ...done in 8.33409986 seconds.
                    
      Regenerating: 1 file(s) changed at 2026-06-12 11:46:08
                    .run/jekyll.log
                    ...done in 8.242525356 seconds.
                    
      Regenerating: 1 file(s) changed at 2026-06-12 11:46:17
                    .run/jekyll.log
                    ...done in 7.871096567 seconds.
                    
      Regenerating: 1 file(s) changed at 2026-06-12 11:46:25
                    .run/jekyll.log
                    ...done in 7.990584311 seconds.
                    
      Regenerating: 1 file(s) changed at 2026-06-12 11:46:33
                    .run/jekyll.log
                    ...done in 8.197223778 seconds.
                    
      Regenerating: 1 file(s) changed at 2026-06-12 11:46:41
                    .run/jekyll.log
                    ...done in 8.209716949 seconds.
                    
      Regenerating: 1 file(s) changed at 2026-06-12 11:46:49
                    .run/jekyll.log
                    ...done in 8.596603293 seconds.
                    
      Regenerating: 1 file(s) changed at 2026-06-12 11:46:58
                    .run/jekyll.log
                    ...done in 8.3158373 seconds.
                    
      Regenerating: 1 file(s) changed at 2026-06-12 11:47:06
                    .run/jekyll.log
                    ...done in 8.314540817 seconds.
                    
      Regenerating: 1 file(s) changed at 2026-06-12 11:47:15
                    .run/jekyll.log
                    ...done in 8.383054822 seconds.
                    
      Regenerating: 1 file(s) changed at 2026-06-12 11:47:23
                    .run/jekyll.log
                    ...done in 8.132572491 seconds.
                    
      Regenerating: 1 file(s) changed at 2026-06-12 11:47:32
                    .run/jekyll.log
                    ...done in 8.914338306 seconds.
                    
      Regenerating: 1 file(s) changed at 2026-06-12 11:47:41
                    .run/jekyll.log
                    ...done in 8.122252728 seconds.
                    
      Regenerating: 1 file(s) changed at 2026-06-12 11:47:49
                    .run/jekyll.log
                    ...done in 8.44780501 seconds.
                    
      Regenerating: 1 file(s) changed at 2026-06-12 11:47:57
                    .run/jekyll.log
                    ...done in 8.33629538 seconds.
                    
      Regenerating: 1 file(s) changed at 2026-06-12 11:48:06
                    .run/jekyll.log
                    ...done in 8.506500772 seconds.
                    
      Regenerating: 1 file(s) changed at 2026-06-12 11:48:14
                    .run/jekyll.log
                    ...done in 8.38826242 seconds.
                    
      Regenerating: 1 file(s) changed at 2026-06-12 11:48:23
                    .run/jekyll.log
                    ...done in 8.200453291 seconds.
                    
      Regenerating: 1 file(s) changed at 2026-06-12 11:48:31
                    .run/jekyll.log
                    ...done in 7.752084235 seconds.
                    
      Regenerating: 1 file(s) changed at 2026-06-12 11:48:39
                    .run/jekyll.log
                    ...done in 8.583456155 seconds.
                    
      Regenerating: 1 file(s) changed at 2026-06-12 11:48:48
                    .run/jekyll.log
                    ...done in 8.692452943 seconds.
                    
      Regenerating: 1 file(s) changed at 2026-06-12 11:48:56
                    .run/jekyll.log
                    ...done in 8.868186268 seconds.
                    
      Regenerating: 1 file(s) changed at 2026-06-12 11:49:05
                    .run/jekyll.log
                    ...done in 8.581604671 seconds.
                    
      Regenerating: 1 file(s) changed at 2026-06-12 11:49:14
                    .run/jekyll.log
                    ...done in 8.251562307 seconds.
                    
      Regenerating: 1 file(s) changed at 2026-06-12 11:49:22
                    .run/jekyll.log
                    ...done in 8.107935725 seconds.
                    
      Regenerating: 1 file(s) changed at 2026-06-12 11:49:31
                    .run/jekyll.log
                    ...done in 7.913910962 seconds.
                    
      Regenerating: 1 file(s) changed at 2026-06-12 11:49:39
                    .run/jekyll.log
                    ...done in 8.368213997 seconds.
                    
      Regenerating: 1 file(s) changed at 2026-06-12 11:49:47
                    .run/jekyll.log
                    ...done in 8.483049968 seconds.
                    
      Regenerating: 1 file(s) changed at 2026-06-12 11:49:56
                    .run/jekyll.log
                    ...done in 8.226688284 seconds.
                    
      Regenerating: 1 file(s) changed at 2026-06-12 11:50:04
                    .run/jekyll.log
                    ...done in 8.657216529 seconds.
                    
      Regenerating: 2 file(s) changed at 2026-06-12 11:50:13
                    .run/jekyll.log
                    assets/js/ds-scientist-panel.js
                    ...done in 8.555782419 seconds.
                    
      Regenerating: 1 file(s) changed at 2026-06-12 11:50:21
                    .run/jekyll.log
                    ...done in 8.250353117 seconds.
                    
      Regenerating: 1 file(s) changed at 2026-06-12 11:50:30
                    .run/jekyll.log
                    ...done in 8.420673156 seconds.
                    
      Regenerating: 2 file(s) changed at 2026-06-12 11:50:38
                    .run/jekyll.log
                    docs/chap3_motion_planning/DS-planning.md
                    ...done in 8.378719656 seconds.
                    
      Regenerating: 1 file(s) changed at 2026-06-12 11:50:47
                    .run/jekyll.log
                    ...done in 8.95771764 seconds.
                    
      Regenerating: 1 file(s) changed at 2026-06-12 11:50:56
                    .run/jekyll.log
                    ...done in 8.465732853 seconds.
                    
      Regenerating: 2 file(s) changed at 2026-06-12 11:51:04
                    .run/jekyll.log
                    docs/chap3_motion_planning/DS-planning.md
                    ...done in 8.478415291 seconds.
                    
      Regenerating: 1 file(s) changed at 2026-06-12 11:51:13
                    .run/jekyll.log
                    ...done in 8.665901374 seconds.
                    
      Regenerating: 1 file(s) changed at 2026-06-12 11:51:22
                    .run/jekyll.log
                    ...done in 8.59262156 seconds.
                    
      Regenerating: 1 file(s) changed at 2026-06-12 11:51:31
                    .run/jekyll.log
                    ...done in 8.101232032 seconds.
                    
      Regenerating: 1 file(s) changed at 2026-06-12 11:51:39
                    .run/jekyll.log
                    ...done in 8.018281693 seconds.
                    
      Regenerating: 1 file(s) changed at 2026-06-12 11:51:47
                    .run/jekyll.log
                    ...done in 8.690470363 seconds.
                    
      Regenerating: 1 file(s) changed at 2026-06-12 11:51:56
                    .run/jekyll.log
                    ...done in 9.042413643 seconds.
                    
      Regenerating: 1 file(s) changed at 2026-06-12 11:52:05
                    .run/jekyll.log
                    ...done in 8.815542226 seconds.
                    
      Regenerating: 1 file(s) changed at 2026-06-12 11:52:14
                    .run/jekyll.log
                    ...done in 8.341335825 seconds.
                    
      Regenerating: 1 file(s) changed at 2026-06-12 11:52:22
                    .run/jekyll.log
                    ...done in 8.482450836 seconds.
                    
      Regenerating: 1 file(s) changed at 2026-06-12 11:52:31
                    .run/jekyll.log
                    ...done in 8.801074378 seconds.
                    
      Regenerating: 1 file(s) changed at 2026-06-12 11:52:40
                    .run/jekyll.log
                    ...done in 8.385671276 seconds.
                    
      Regenerating: 1 file(s) changed at 2026-06-12 11:52:48
                    .run/jekyll.log
                    ...done in 8.366605397 seconds.
                    
      Regenerating: 1 file(s) changed at 2026-06-12 11:52:57
                    .run/jekyll.log
                    ...done in 8.086222743 seconds.
                    
      Regenerating: 1 file(s) changed at 2026-06-12 11:53:05
                    .run/jekyll.log
                    ...done in 8.404210904 seconds.
                    
      Regenerating: 1 file(s) changed at 2026-06-12 11:53:13
                    .run/jekyll.log
                    ...done in 8.392674316 seconds.
                    
      Regenerating: 1 file(s) changed at 2026-06-12 11:53:22
                    .run/jekyll.log
                    ...done in 8.266614779 seconds.
                    
      Regenerating: 1 file(s) changed at 2026-06-12 11:53:30
                    .run/jekyll.log
                    ...done in 8.057950941 seconds.
                    
      Regenerating: 1 file(s) changed at 2026-06-12 11:53:38
                    .run/jekyll.log
                    ...done in 8.214403056 seconds.
                    
      Regenerating: 1 file(s) changed at 2026-06-12 11:53:47
                    .run/jekyll.log
                    ...done in 8.142205318 seconds.
                    
      Regenerating: 1 file(s) changed at 2026-06-12 11:53:55
                    .run/jekyll.log
                    ...done in 8.480910404 seconds.
                    
      Regenerating: 1 file(s) changed at 2026-06-12 11:54:03
                    .run/jekyll.log
                    ...done in 8.542684879 seconds.
                    
      Regenerating: 1 file(s) changed at 2026-06-12 11:54:12
                    .run/jekyll.log
                    ...done in 8.518363495 seconds.
                    
      Regenerating: 2 file(s) changed at 2026-06-12 11:54:21
                    .run/jekyll.log
                    docs/chap3_motion_planning/DS-planning.md
                    ...done in 8.40247518 seconds.
                    
      Regenerating: 1 file(s) changed at 2026-06-12 11:54:29
                    .run/jekyll.log
                    ...done in 7.72751185 seconds.
                    
      Regenerating: 1 file(s) changed at 2026-06-12 11:54:37
                    .run/jekyll.log
                    ...done in 8.272697732 seconds.
                    
      Regenerating: 1 file(s) changed at 2026-06-12 11:54:45
                    .run/jekyll.log
                    ...done in 7.609868949 seconds.
                    
      Regenerating: 1 file(s) changed at 2026-06-12 11:54:53
                    .run/jekyll.log
                    ...done in 8.097469317 seconds.
                    
      Regenerating: 1 file(s) changed at 2026-06-12 11:55:01
                    .run/jekyll.log
                    ...done in 7.981224727 seconds.
                    
      Regenerating: 1 file(s) changed at 2026-06-12 11:55:09
                    .run/jekyll.log
                    ...done in 7.565548544 seconds.
                    
      Regenerating: 1 file(s) changed at 2026-06-12 11:55:17
                    .run/jekyll.log
                    ...done in 7.830619821 seconds.
                    
      Regenerating: 1 file(s) changed at 2026-06-12 11:55:25
                    .run/jekyll.log
                    ...done in 8.635903829 seconds.
                    
      Regenerating: 1 file(s) changed at 2026-06-12 11:55:34
                    .run/jekyll.log
                    ...done in 8.821157721 seconds.
                    
      Regenerating: 1 file(s) changed at 2026-06-12 11:55:43
                    .run/jekyll.log
                    ...done in 9.396361862 seconds.
                    
      Regenerating: 1 file(s) changed at 2026-06-12 11:55:52
                    .run/jekyll.log
                    ...done in 8.608158496 seconds.
                    
      Regenerating: 1 file(s) changed at 2026-06-12 11:56:01
                    .run/jekyll.log
                    ...done in 8.435695375 seconds.
                    
      Regenerating: 1 file(s) changed at 2026-06-12 11:56:09
                    .run/jekyll.log
                    ...done in 8.336859158 seconds.
                    
      Regenerating: 1 file(s) changed at 2026-06-12 11:56:18
                    .run/jekyll.log
                    ...done in 8.685170291 seconds.
                    
      Regenerating: 1 file(s) changed at 2026-06-12 11:56:27
                    .run/jekyll.log
                    ...done in 8.304223155 seconds.
                    
      Regenerating: 1 file(s) changed at 2026-06-12 11:56:35
                    .run/jekyll.log
                    ...done in 8.742964032 seconds.
                    
      Regenerating: 1 file(s) changed at 2026-06-12 11:56:44
                    .run/jekyll.log
                    ...done in 8.89881237 seconds.
                    
      Regenerating: 1 file(s) changed at 2026-06-12 11:56:53
                    .run/jekyll.log
                    ...done in 8.847152856 seconds.
                    
      Regenerating: 1 file(s) changed at 2026-06-12 11:57:02
                    .run/jekyll.log
                    ...done in 8.559256976 seconds.
                    
      Regenerating: 1 file(s) changed at 2026-06-12 11:57:10
                    .run/jekyll.log
                    ...done in 9.45440555 seconds.
                    
      Regenerating: 2 file(s) changed at 2026-06-12 11:57:20
                    .run/jekyll.log
                    docs/chap3_motion_planning/DS-planning.md
                    ...done in 9.053439565 seconds.
                    
      Regenerating: 1 file(s) changed at 2026-06-12 11:57:29
                    .run/jekyll.log
                    ...done in 8.582616453 seconds.
                    
      Regenerating: 2 file(s) changed at 2026-06-12 11:57:38
                    .run/jekyll.log
                    docs/chap3_motion_planning/DS-planning.md
                    ...done in 8.961076646 seconds.
                    
      Regenerating: 1 file(s) changed at 2026-06-12 11:57:47
                    .run/jekyll.log
                    ...done in 7.809694385 seconds.
                    
      Regenerating: 1 file(s) changed at 2026-06-12 11:57:55
                    .run/jekyll.log
                    ...done in 8.259540144 seconds.
                    
      Regenerating: 1 file(s) changed at 2026-06-12 11:58:03
                    .run/jekyll.log
                    ...done in 9.168105178 seconds.
                    
      Regenerating: 1 file(s) changed at 2026-06-12 11:58:12
                    .run/jekyll.log
                    ...done in 8.8791995 seconds.
                    
      Regenerating: 1 file(s) changed at 2026-06-12 11:58:21
                    .run/jekyll.log
                    ...done in 9.084155732 seconds.
                    
      Regenerating: 1 file(s) changed at 2026-06-12 11:58:31
                    .run/jekyll.log
                    ...done in 8.842113729 seconds.
                    
      Regenerating: 1 file(s) changed at 2026-06-12 11:58:40
                    .run/jekyll.log
                    ...done in 8.566196796 seconds.
                    
      Regenerating: 1 file(s) changed at 2026-06-12 11:58:48
                    .run/jekyll.log
                    ...done in 8.875720778 seconds.
                    
      Regenerating: 1 file(s) changed at 2026-06-12 11:58:57
                    .run/jekyll.log
                    ...done in 8.961126461 seconds.
                    
      Regenerating: 1 file(s) changed at 2026-06-12 11:59:06
                    .run/jekyll.log
                    ...done in 8.615146907 seconds.
                    
      Regenerating: 1 file(s) changed at 2026-06-12 11:59:15
                    .run/jekyll.log
                    ...done in 8.506048676 seconds.
                    
      Regenerating: 1 file(s) changed at 2026-06-12 11:59:24
                    .run/jekyll.log
                    ...done in 8.469321544 seconds.
                    
      Regenerating: 1 file(s) changed at 2026-06-12 11:59:32
                    .run/jekyll.log
                    ...done in 8.473725038 seconds.
                    
      Regenerating: 1 file(s) changed at 2026-06-12 11:59:41
                    .run/jekyll.log
                    ...done in 8.577168148 seconds.
                    
      Regenerating: 1 file(s) changed at 2026-06-12 11:59:49
                    .run/jekyll.log
                    ...done in 8.762222188 seconds.
                    
      Regenerating: 1 file(s) changed at 2026-06-12 11:59:58
                    .run/jekyll.log
                    ...done in 8.257470626 seconds.
                    
      Regenerating: 1 file(s) changed at 2026-06-12 12:00:07
                    .run/jekyll.log
                    ...done in 8.671305737 seconds.
                    
      Regenerating: 1 file(s) changed at 2026-06-12 12:00:15
                    .run/jekyll.log
                    ...done in 8.706519016 seconds.
                    
      Regenerating: 1 file(s) changed at 2026-06-12 12:00:24
                    .run/jekyll.log
                    ...done in 8.430329981 seconds.
                    
      Regenerating: 1 file(s) changed at 2026-06-12 12:00:33
                    .run/jekyll.log
                    ...done in 8.461021383 seconds.
                    
      Regenerating: 1 file(s) changed at 2026-06-12 12:00:41
                    .run/jekyll.log
                    ...done in 8.89690672 seconds.
                    
      Regenerating: 1 file(s) changed at 2026-06-12 12:00:50
                    .run/jekyll.log
                    ...done in 8.449881328 seconds.
                    
      Regenerating: 1 file(s) changed at 2026-06-12 12:00:59
                    .run/jekyll.log
                    ...done in 8.786384238 seconds.
                    
      Regenerating: 1 file(s) changed at 2026-06-12 12:01:08
                    .run/jekyll.log
                    ...done in 8.808399744 seconds.
                    
      Regenerating: 1 file(s) changed at 2026-06-12 12:01:17
                    .run/jekyll.log
                    ...done in 8.507972737 seconds.
                    
      Regenerating: 1 file(s) changed at 2026-06-12 12:01:25
                    .run/jekyll.log
                    ...done in 8.455460423 seconds.
                    
      Regenerating: 1 file(s) changed at 2026-06-12 12:01:34
                    .run/jekyll.log
                    ...done in 8.559140472 seconds.
                    
      Regenerating: 1 file(s) changed at 2026-06-12 12:01:42
                    .run/jekyll.log
                    ...done in 8.795997581 seconds.
                    
      Regenerating: 1 file(s) changed at 2026-06-12 12:01:51
                    .run/jekyll.log
                    ...done in 8.700045391 seconds.
                    
      Regenerating: 1 file(s) changed at 2026-06-12 12:02:00
                    .run/jekyll.log
                    ...done in 8.678711887 seconds.
                    
      Regenerating: 1 file(s) changed at 2026-06-12 12:02:09
                    .run/jekyll.log
                    ...done in 8.461402127 seconds.
                    
      Regenerating: 1 file(s) changed at 2026-06-12 12:02:17
                    .run/jekyll.log
                    ...done in 8.963388459 seconds.
                    
      Regenerating: 1 file(s) changed at 2026-06-12 12:02:27
                    .run/jekyll.log
                    ...done in 8.363424944 seconds.
                    
      Regenerating: 1 file(s) changed at 2026-06-12 12:02:35
                    .run/jekyll.log
                    ...done in 9.326259568 seconds.
                    
      Regenerating: 1 file(s) changed at 2026-06-12 12:02:44
                    .run/jekyll.log
                    ...done in 8.799255825 seconds.
                    
      Regenerating: 1 file(s) changed at 2026-06-12 12:02:53
                    .run/jekyll.log
                    ...done in 8.136277028 seconds.
                    
      Regenerating: 1 file(s) changed at 2026-06-12 12:03:02
                    .run/jekyll.log
                    ...done in 8.414708226 seconds.
                    
      Regenerating: 1 file(s) changed at 2026-06-12 12:03:10
                    .run/jekyll.log
                    ...done in 9.042658466 seconds.
                    
      Regenerating: 1 file(s) changed at 2026-06-12 12:03:19
                    .run/jekyll.log
                    ...done in 8.920022325 seconds.
                    
      Regenerating: 1 file(s) changed at 2026-06-12 12:03:28
                    .run/jekyll.log
                    ...done in 8.386942446 seconds.
                    
      Regenerating: 1 file(s) changed at 2026-06-12 12:03:37
                    .run/jekyll.log
                    ...done in 8.291447088 seconds.
                    
      Regenerating: 1 file(s) changed at 2026-06-12 12:03:45
                    .run/jekyll.log
                    ...done in 8.442134775 seconds.
                    
      Regenerating: 1 file(s) changed at 2026-06-12 12:03:54
                    .run/jekyll.log
                    ...done in 8.481490745 seconds.
                    
      Regenerating: 1 file(s) changed at 2026-06-12 12:04:02
                    .run/jekyll.log
                    ...done in 8.395828791 seconds.
                    
      Regenerating: 1 file(s) changed at 2026-06-12 12:04:11
                    .run/jekyll.log
                    ...done in 9.069403587 seconds.
                    
      Regenerating: 1 file(s) changed at 2026-06-12 12:04:20
                    .run/jekyll.log
                    ...done in 8.31138566 seconds.
                    
      Regenerating: 1 file(s) changed at 2026-06-12 12:04:28
                    .run/jekyll.log
                    ...done in 8.181813949 seconds.
                    
      Regenerating: 1 file(s) changed at 2026-06-12 12:04:37
                    .run/jekyll.log
                    ...done in 8.771489126 seconds.
                    
      Regenerating: 1 file(s) changed at 2026-06-12 12:04:45
                    .run/jekyll.log
                    ...done in 8.886091176 seconds.
                    
      Regenerating: 1 file(s) changed at 2026-06-12 12:04:54
                    .run/jekyll.log
                    ...done in 8.873124856 seconds.
                    
      Regenerating: 1 file(s) changed at 2026-06-12 12:05:03
                    .run/jekyll.log
                    ...done in 8.390518555 seconds.
                    
      Regenerating: 1 file(s) changed at 2026-06-12 12:05:12
                    .run/jekyll.log
                    ...done in 8.427782672 seconds.
                    
      Regenerating: 1 file(s) changed at 2026-06-12 12:05:20
                    .run/jekyll.log
                    ...done in 8.272216468 seconds.
                    
      Regenerating: 1 file(s) changed at 2026-06-12 12:05:29
                    .run/jekyll.log
                    ...done in 8.35631369 seconds.
                    
      Regenerating: 1 file(s) changed at 2026-06-12 12:05:37
                    .run/jekyll.log
                    ...done in 8.849341228 seconds.
                    
      Regenerating: 1 file(s) changed at 2026-06-12 12:05:46
                    .run/jekyll.log
                    ...done in 8.288458982 seconds.
                    
      Regenerating: 1 file(s) changed at 2026-06-12 12:05:55
                    .run/jekyll.log
                    ...done in 8.440181493 seconds.
                    
      Regenerating: 1 file(s) changed at 2026-06-12 12:06:03
                    .run/jekyll.log
                    ...done in 8.496812615 seconds.
                    
      Regenerating: 1 file(s) changed at 2026-06-12 12:06:12
                    .run/jekyll.log
                    ...done in 8.476517498 seconds.
                    
      Regenerating: 1 file(s) changed at 2026-06-12 12:06:20
                    .run/jekyll.log
                    ...done in 8.46731534 seconds.
                    
      Regenerating: 1 file(s) changed at 2026-06-12 12:06:29
                    .run/jekyll.log
                    ...done in 9.015838343 seconds.
                    
      Regenerating: 1 file(s) changed at 2026-06-12 12:06:38
                    .run/jekyll.log
                    ...done in 8.535501277 seconds.
                    
      Regenerating: 1 file(s) changed at 2026-06-12 12:06:47
                    .run/jekyll.log
                    ...done in 8.765065816 seconds.
                    
      Regenerating: 1 file(s) changed at 2026-06-12 12:06:56
                    .run/jekyll.log
                    ...done in 8.756467945 seconds.
                    
      Regenerating: 1 file(s) changed at 2026-06-12 12:07:04
                    .run/jekyll.log
                    ...done in 8.750588316 seconds.
                    
      Regenerating: 1 file(s) changed at 2026-06-12 12:07:13
                    .run/jekyll.log
                    ...done in 8.508411054 seconds.
                    
      Regenerating: 1 file(s) changed at 2026-06-12 12:07:22
                    .run/jekyll.log
                    ...done in 8.975259942 seconds.
                    
      Regenerating: 1 file(s) changed at 2026-06-12 12:07:31
                    .run/jekyll.log
                    ...done in 8.740133026 seconds.
                    
      Regenerating: 1 file(s) changed at 2026-06-12 12:07:40
                    .run/jekyll.log
                    ...done in 8.79238695 seconds.
                    
      Regenerating: 1 file(s) changed at 2026-06-12 12:07:49
                    .run/jekyll.log
                    ...done in 8.701951807 seconds.
                    
      Regenerating: 1 file(s) changed at 2026-06-12 12:07:57
                    .run/jekyll.log
                    ...done in 8.624478396 seconds.
                    
      Regenerating: 1 file(s) changed at 2026-06-12 12:08:06
                    .run/jekyll.log
                    ...done in 8.599569286 seconds.
                    
      Regenerating: 1 file(s) changed at 2026-06-12 12:08:15
                    .run/jekyll.log
                    ...done in 8.429056392 seconds.
                    
      Regenerating: 1 file(s) changed at 2026-06-12 12:08:23
                    .run/jekyll.log
                    ...done in 9.0715979 seconds.
                    
      Regenerating: 1 file(s) changed at 2026-06-12 12:08:33
                    .run/jekyll.log
                    ...done in 8.857614278 seconds.
                    
      Regenerating: 1 file(s) changed at 2026-06-12 12:08:42
                    .run/jekyll.log
                    ...done in 9.203278912 seconds.
                    
      Regenerating: 1 file(s) changed at 2026-06-12 12:08:51
                    .run/jekyll.log
                    ...done in 8.487938361 seconds.
                    
      Regenerating: 1 file(s) changed at 2026-06-12 12:08:59
                    .run/jekyll.log
                    ...done in 8.408868348 seconds.
                    
      Regenerating: 1 file(s) changed at 2026-06-12 12:09:08
                    .run/jekyll.log
                    ...done in 8.773428878 seconds.
                    
      Regenerating: 1 file(s) changed at 2026-06-12 12:09:17
                    .run/jekyll.log
                    ...done in 8.789595176 seconds.
                    
      Regenerating: 1 file(s) changed at 2026-06-12 12:09:26
                    .run/jekyll.log
                    ...done in 8.704674886 seconds.
                    
      Regenerating: 1 file(s) changed at 2026-06-12 12:09:35
                    .run/jekyll.log
                    ...done in 8.745663947 seconds.
                    
      Regenerating: 1 file(s) changed at 2026-06-12 12:09:43
                    .run/jekyll.log
                    ...done in 8.412463477 seconds.
                    
      Regenerating: 1 file(s) changed at 2026-06-12 12:09:52
                    .run/jekyll.log
                    ...done in 8.471398405 seconds.
                    
      Regenerating: 1 file(s) changed at 2026-06-12 12:10:00
                    .run/jekyll.log
                    ...done in 8.119444855 seconds.
                    
      Regenerating: 1 file(s) changed at 2026-06-12 12:10:09
                    .run/jekyll.log
                    ...done in 8.62649362 seconds.
                    
      Regenerating: 1 file(s) changed at 2026-06-12 12:10:17
                    .run/jekyll.log
                    ...done in 8.204660422 seconds.
                    
      Regenerating: 1 file(s) changed at 2026-06-12 12:10:26
                    .run/jekyll.log
                    ...done in 8.181026362 seconds.
                    
      Regenerating: 1 file(s) changed at 2026-06-12 12:10:34
                    .run/jekyll.log
                    ...done in 8.372877794 seconds.
                    
      Regenerating: 1 file(s) changed at 2026-06-12 12:10:42
                    .run/jekyll.log
                    ...done in 8.853745263 seconds.
                    
      Regenerating: 1 file(s) changed at 2026-06-12 12:10:51
                    .run/jekyll.log
                    ...done in 8.545890776 seconds.
                    
      Regenerating: 1 file(s) changed at 2026-06-12 12:11:00
                    .run/jekyll.log
                    ...done in 8.518251805 seconds.
                    
      Regenerating: 1 file(s) changed at 2026-06-12 12:11:09
                    .run/jekyll.log
                    ...done in 8.555917972 seconds.
                    
      Regenerating: 1 file(s) changed at 2026-06-12 12:11:17
                    .run/jekyll.log
                    ...done in 8.391150964 seconds.
                    
      Regenerating: 1 file(s) changed at 2026-06-12 12:11:26
                    .run/jekyll.log
                    ...done in 8.338015243 seconds.
                    
      Regenerating: 1 file(s) changed at 2026-06-12 12:11:34
                    .run/jekyll.log
                    ...done in 9.024200114 seconds.
                    
      Regenerating: 1 file(s) changed at 2026-06-12 12:11:43
                    .run/jekyll.log
                    ...done in 8.910599248 seconds.
                    
      Regenerating: 1 file(s) changed at 2026-06-12 12:11:52
                    .run/jekyll.log
                    ...done in 8.546284942 seconds.
                    
      Regenerating: 1 file(s) changed at 2026-06-12 12:12:01
                    .run/jekyll.log
                    ...done in 8.425712378 seconds.
                    
      Regenerating: 1 file(s) changed at 2026-06-12 12:12:10
                    .run/jekyll.log
                    ...done in 8.860293832 seconds.
                    
      Regenerating: 1 file(s) changed at 2026-06-12 12:12:19
                    .run/jekyll.log
                    ...done in 8.407179987 seconds.
                    
      Regenerating: 1 file(s) changed at 2026-06-12 12:12:27
                    .run/jekyll.log
                    ...done in 8.476409714 seconds.
                    
      Regenerating: 1 file(s) changed at 2026-06-12 12:12:36
                    .run/jekyll.log
                    ...done in 8.797925302 seconds.
                    
      Regenerating: 1 file(s) changed at 2026-06-12 12:12:45
                    .run/jekyll.log
                    ...done in 8.762384187 seconds.
                    
      Regenerating: 1 file(s) changed at 2026-06-12 12:12:53
                    .run/jekyll.log
                    ...done in 8.816332852 seconds.
                    
      Regenerating: 1 file(s) changed at 2026-06-12 12:13:02
                    .run/jekyll.log
                    ...done in 9.022258807 seconds.
                    
      Regenerating: 1 file(s) changed at 2026-06-12 12:13:11
                    .run/jekyll.log
                    ...done in 9.124222702 seconds.
                    
      Regenerating: 1 file(s) changed at 2026-06-12 12:13:21
                    .run/jekyll.log
                    ...done in 8.261128918 seconds.
                    
      Regenerating: 1 file(s) changed at 2026-06-12 12:13:29
                    .run/jekyll.log
                    ...done in 8.394949002 seconds.
                    
      Regenerating: 1 file(s) changed at 2026-06-12 12:13:37
                    .run/jekyll.log
                    ...done in 8.364212817 seconds.
                    
      Regenerating: 1 file(s) changed at 2026-06-12 12:13:46
                    .run/jekyll.log
                    ...done in 8.377785047 seconds.
                    
      Regenerating: 1 file(s) changed at 2026-06-12 12:13:54
                    .run/jekyll.log
                    ...done in 8.384361458 seconds.
                    
      Regenerating: 1 file(s) changed at 2026-06-12 12:14:03
                    .run/jekyll.log
                    ...done in 8.637951178 seconds.
                    
      Regenerating: 1 file(s) changed at 2026-06-12 12:14:12
                    .run/jekyll.log
                    ...done in 8.431972328 seconds.
                    
      Regenerating: 1 file(s) changed at 2026-06-12 12:14:20
                    .run/jekyll.log
                    ...done in 8.519504695 seconds.
                    
      Regenerating: 1 file(s) changed at 2026-06-12 12:14:29
                    .run/jekyll.log
                    ...done in 8.701973972 seconds.
                    
      Regenerating: 1 file(s) changed at 2026-06-12 12:14:38
                    .run/jekyll.log
                    ...done in 8.848236792 seconds.
                    
      Regenerating: 1 file(s) changed at 2026-06-12 12:14:47
                    .run/jekyll.log
                    ...done in 8.578823846 seconds.
                    
      Regenerating: 1 file(s) changed at 2026-06-12 12:14:55
                    .run/jekyll.log
                    ...done in 8.77076484 seconds.
                    
      Regenerating: 1 file(s) changed at 2026-06-12 12:15:04
                    .run/jekyll.log
                    ...done in 8.981749587 seconds.
                    
      Regenerating: 1 file(s) changed at 2026-06-12 12:15:13
                    .run/jekyll.log
                    ...done in 8.864725712 seconds.
                    
      Regenerating: 1 file(s) changed at 2026-06-12 12:15:22
                    .run/jekyll.log
                    ...done in 8.91801706 seconds.
                    
      Regenerating: 1 file(s) changed at 2026-06-12 12:15:31
                    .run/jekyll.log
                    ...done in 8.737402245 seconds.
                    
      Regenerating: 1 file(s) changed at 2026-06-12 12:15:40
                    .run/jekyll.log
                    ...done in 8.530109539 seconds.
                    
      Regenerating: 1 file(s) changed at 2026-06-12 12:15:49
                    .run/jekyll.log
                    ...done in 8.373105454 seconds.
                    
      Regenerating: 1 file(s) changed at 2026-06-12 12:15:57
                    .run/jekyll.log
                    ...done in 8.390797813 seconds.
                    
      Regenerating: 1 file(s) changed at 2026-06-12 12:16:06
                    .run/jekyll.log
                    ...done in 8.036754219 seconds.
                    
      Regenerating: 1 file(s) changed at 2026-06-12 12:16:14
                    .run/jekyll.log
                    ...done in 8.34679505 seconds.
                    
      Regenerating: 1 file(s) changed at 2026-06-12 12:16:22
                    .run/jekyll.log
                    ...done in 8.450063267 seconds.
                    
      Regenerating: 1 file(s) changed at 2026-06-12 12:16:31
                    .run/jekyll.log
                    ...done in 8.530722571 seconds.
                    
      Regenerating: 1 file(s) changed at 2026-06-12 12:16:39
                    .run/jekyll.log
                    ...done in 8.527749482 seconds.
                    
      Regenerating: 1 file(s) changed at 2026-06-12 12:16:48
                    .run/jekyll.log
                    ...done in 8.43619966 seconds.
                    
      Regenerating: 1 file(s) changed at 2026-06-12 12:16:57
                    .run/jekyll.log
                    ...done in 8.532491404 seconds.
                    
      Regenerating: 1 file(s) changed at 2026-06-12 12:17:05
                    .run/jekyll.log
                    ...done in 8.409570772 seconds.
                    
      Regenerating: 1 file(s) changed at 2026-06-12 12:17:14
                    .run/jekyll.log
                    ...done in 8.471137069 seconds.
                    
      Regenerating: 1 file(s) changed at 2026-06-12 12:17:22
                    .run/jekyll.log
                    ...done in 8.512438134 seconds.
                    
      Regenerating: 1 file(s) changed at 2026-06-12 12:17:31
                    .run/jekyll.log
                    ...done in 8.496686508 seconds.
                    
      Regenerating: 1 file(s) changed at 2026-06-12 12:17:39
                    .run/jekyll.log
                    ...done in 8.462547915 seconds.
                    
      Regenerating: 1 file(s) changed at 2026-06-12 12:17:48
                    .run/jekyll.log
                    ...done in 8.593937123 seconds.
                    
      Regenerating: 1 file(s) changed at 2026-06-12 12:17:57
                    .run/jekyll.log
                    ...done in 8.974760891 seconds.
                    
      Regenerating: 1 file(s) changed at 2026-06-12 12:18:06
                    .run/jekyll.log
                    ...done in 8.736379881 seconds.
                    
      Regenerating: 1 file(s) changed at 2026-06-12 12:18:15
                    .run/jekyll.log
                    ...done in 8.704231587 seconds.
                    
      Regenerating: 1 file(s) changed at 2026-06-12 12:18:23
                    .run/jekyll.log
                    ...done in 8.951455491 seconds.
                    
      Regenerating: 1 file(s) changed at 2026-06-12 12:18:32
                    .run/jekyll.log
                    ...done in 8.563201452 seconds.
                    
      Regenerating: 1 file(s) changed at 2026-06-12 12:18:41
                    .run/jekyll.log
                    ...done in 8.4886925 seconds.
                    
      Regenerating: 1 file(s) changed at 2026-06-12 12:18:50
                    .run/jekyll.log
                    ...done in 8.676199524 seconds.
                    
      Regenerating: 1 file(s) changed at 2026-06-12 12:18:59
                    .run/jekyll.log
                    ...done in 8.850582224 seconds.
                    
      Regenerating: 1 file(s) changed at 2026-06-12 12:19:07
                    .run/jekyll.log
                    ...done in 9.144630384 seconds.
                    
      Regenerating: 1 file(s) changed at 2026-06-12 12:19:17
                    .run/jekyll.log
                    ...done in 8.832813333 seconds.
                    
      Regenerating: 1 file(s) changed at 2026-06-12 12:19:26
                    .run/jekyll.log
                    ...done in 8.605907383 seconds.
                    
      Regenerating: 1 file(s) changed at 2026-06-12 12:19:34
                    .run/jekyll.log
                    ...done in 8.454257576 seconds.
                    
      Regenerating: 1 file(s) changed at 2026-06-12 12:19:43
                    .run/jekyll.log
                    ...done in 8.338497057 seconds.
                    
      Regenerating: 1 file(s) changed at 2026-06-12 12:19:51
                    .run/jekyll.log
                    ...done in 9.181909134 seconds.
                    
      Regenerating: 1 file(s) changed at 2026-06-12 12:20:01
                    .run/jekyll.log
                    ...done in 8.687782466 seconds.
                    
      Regenerating: 1 file(s) changed at 2026-06-12 12:20:09
                    .run/jekyll.log
                    ...done in 9.160266218 seconds.
                    
      Regenerating: 1 file(s) changed at 2026-06-12 12:20:19
                    .run/jekyll.log
                    ...done in 8.701996801 seconds.
                    
      Regenerating: 1 file(s) changed at 2026-06-12 12:20:27
                    .run/jekyll.log
                    ...done in 8.81765506 seconds.
                    
      Regenerating: 1 file(s) changed at 2026-06-12 12:20:36
                    .run/jekyll.log
                    ...done in 8.781760114 seconds.
                    
      Regenerating: 1 file(s) changed at 2026-06-12 12:20:45
                    .run/jekyll.log
                    ...done in 8.885525543 seconds.
                    
      Regenerating: 1 file(s) changed at 2026-06-12 12:20:54
                    .run/jekyll.log
                    ...done in 8.733695245 seconds.
                    
      Regenerating: 1 file(s) changed at 2026-06-12 12:21:03
                    .run/jekyll.log
                    ...done in 8.678847169 seconds.
                    
      Regenerating: 1 file(s) changed at 2026-06-12 12:21:12
                    .run/jekyll.log
                    ...done in 8.516950362 seconds.
                    
      Regenerating: 1 file(s) changed at 2026-06-12 12:21:21
                    .run/jekyll.log
                    ...done in 9.123915173 seconds.
                    
      Regenerating: 1 file(s) changed at 2026-06-12 12:21:30
                    .run/jekyll.log
                    ...done in 8.861062062 seconds.
                    
      Regenerating: 1 file(s) changed at 2026-06-12 12:21:39
                    .run/jekyll.log
                    ...done in 9.080293821 seconds.
                    
      Regenerating: 1 file(s) changed at 2026-06-12 12:21:48
                    .run/jekyll.log
                    ...done in 8.657683405 seconds.
                    
      Regenerating: 1 file(s) changed at 2026-06-12 12:21:57
                    .run/jekyll.log
                    ...done in 9.13150999 seconds.
                    
      Regenerating: 1 file(s) changed at 2026-06-12 12:22:06
                    .run/jekyll.log
                    ...done in 9.294521002 seconds.
                    
      Regenerating: 1 file(s) changed at 2026-06-12 12:22:15
                    .run/jekyll.log
                    ...done in 9.151368971 seconds.
                    
      Regenerating: 1 file(s) changed at 2026-06-12 12:22:25
                    .run/jekyll.log
                    ...done in 9.186881454 seconds.
                    
      Regenerating: 1 file(s) changed at 2026-06-12 12:22:34
                    .run/jekyll.log
                    ...done in 9.109395508 seconds.
                    
      Regenerating: 1 file(s) changed at 2026-06-12 12:22:43
                    .run/jekyll.log
                    ...done in 8.658346033 seconds.
                    
      Regenerating: 1 file(s) changed at 2026-06-12 12:22:52
                    .run/jekyll.log
                    ...done in 8.334584235 seconds.
                    
      Regenerating: 1 file(s) changed at 2026-06-12 12:23:00
                    .run/jekyll.log
                    ...done in 9.181878572 seconds.
                    
      Regenerating: 1 file(s) changed at 2026-06-12 12:23:09
                    .run/jekyll.log
                    ...done in 9.147273638 seconds.
                    
      Regenerating: 1 file(s) changed at 2026-06-12 12:23:19
                    .run/jekyll.log
                    ...done in 8.876433724 seconds.
                    
      Regenerating: 1 file(s) changed at 2026-06-12 12:23:28
                    .run/jekyll.log
                    ...done in 9.305631834 seconds.
                    
      Regenerating: 1 file(s) changed at 2026-06-12 12:23:37
                    .run/jekyll.log
                    ...done in 8.897706493 seconds.
                    
      Regenerating: 1 file(s) changed at 2026-06-12 12:23:46
                    .run/jekyll.log
                    ...done in 9.782687773 seconds.
                    
      Regenerating: 1 file(s) changed at 2026-06-12 12:23:56
                    .run/jekyll.log
                    ...done in 9.011409476 seconds.
                    
      Regenerating: 1 file(s) changed at 2026-06-12 12:24:05
                    .run/jekyll.log
                    ...done in 9.4156482 seconds.
                    
      Regenerating: 1 file(s) changed at 2026-06-12 12:24:15
                    .run/jekyll.log
                    ...done in 9.44896677 seconds.
                    
      Regenerating: 1 file(s) changed at 2026-06-12 12:24:24
                    .run/jekyll.log
                    ...done in 9.11497473 seconds.
                    
      Regenerating: 1 file(s) changed at 2026-06-12 12:24:33
                    .run/jekyll.log
                    ...done in 8.340817445 seconds.
                    
      Regenerating: 1 file(s) changed at 2026-06-12 12:24:42
                    .run/jekyll.log
                    ...done in 8.51266508 seconds.
                    
      Regenerating: 1 file(s) changed at 2026-06-12 12:24:50
                    .run/jekyll.log
                    ...done in 8.667566383 seconds.
                    
      Regenerating: 1 file(s) changed at 2026-06-12 12:24:59
                    .run/jekyll.log
                    ...done in 9.131025884 seconds.
                    
      Regenerating: 1 file(s) changed at 2026-06-12 12:25:08
                    .run/jekyll.log
                    ...done in 8.901743185 seconds.
                    
      Regenerating: 1 file(s) changed at 2026-06-12 12:25:17
                    .run/jekyll.log
                    ...done in 8.955498317 seconds.
                    
      Regenerating: 1 file(s) changed at 2026-06-12 12:25:26
                    .run/jekyll.log
                    ...done in 8.564110446 seconds.
                    
      Regenerating: 1 file(s) changed at 2026-06-12 12:25:35
                    .run/jekyll.log
                    ...done in 8.45496543 seconds.
                    
      Regenerating: 1 file(s) changed at 2026-06-12 12:25:44
                    .run/jekyll.log
                    ...done in 9.495144989 seconds.
                    
      Regenerating: 1 file(s) changed at 2026-06-12 12:25:53
                    .run/jekyll.log
                    ...done in 8.937273337 seconds.
                    
      Regenerating: 1 file(s) changed at 2026-06-12 12:26:02
                    .run/jekyll.log
                    ...done in 8.674316943 seconds.
                    
      Regenerating: 1 file(s) changed at 2026-06-12 12:26:11
                    .run/jekyll.log
                    ...done in 8.980973881 seconds.
                    
      Regenerating: 1 file(s) changed at 2026-06-12 12:26:20
                    .run/jekyll.log
                    ...done in 9.131202031 seconds.
                    
      Regenerating: 1 file(s) changed at 2026-06-12 12:26:29
                    .run/jekyll.log
                    ...done in 9.034222149 seconds.
                    
      Regenerating: 1 file(s) changed at 2026-06-12 12:26:39
                    .run/jekyll.log
                    ...done in 9.283743327 seconds.
                    
      Regenerating: 1 file(s) changed at 2026-06-12 12:26:48
                    .run/jekyll.log
                    ...done in 9.616443864 seconds.
                    
      Regenerating: 1 file(s) changed at 2026-06-12 12:26:58
                    .run/jekyll.log
                    ...done in 9.372744006 seconds.
                    
      Regenerating: 1 file(s) changed at 2026-06-12 12:27:07
                    .run/jekyll.log
                    ...done in 9.180538749 seconds.
                    
      Regenerating: 1 file(s) changed at 2026-06-12 12:27:16
                    .run/jekyll.log
                    ...done in 9.197333302 seconds.
                    
      Regenerating: 1 file(s) changed at 2026-06-12 12:27:26
                    .run/jekyll.log
                    ...done in 9.115007609 seconds.
                    
      Regenerating: 1 file(s) changed at 2026-06-12 12:27:35
                    .run/jekyll.log
                    ...done in 8.916563128 seconds.
                    
      Regenerating: 1 file(s) changed at 2026-06-12 12:27:44
                    .run/jekyll.log
                    ...done in 9.053993397 seconds.
                    
      Regenerating: 1 file(s) changed at 2026-06-12 12:27:53
                    .run/jekyll.log
                    ...done in 8.9431249 seconds.
                    
      Regenerating: 1 file(s) changed at 2026-06-12 12:28:02
                    .run/jekyll.log
                    ...done in 8.992735321 seconds.
                    
      Regenerating: 1 file(s) changed at 2026-06-12 12:28:11
                    .run/jekyll.log
                    ...done in 8.96092702 seconds.
                    
      Regenerating: 1 file(s) changed at 2026-06-12 12:28:20
                    .run/jekyll.log
                    ...done in 8.97303278 seconds.
                    
      Regenerating: 1 file(s) changed at 2026-06-12 12:28:29
                    .run/jekyll.log
                    ...done in 9.040745227 seconds.
                    
      Regenerating: 1 file(s) changed at 2026-06-12 12:28:39
                    .run/jekyll.log
                    ...done in 9.133421322 seconds.
                    
      Regenerating: 1 file(s) changed at 2026-06-12 12:28:48
                    .run/jekyll.log
                    ...done in 8.860503744 seconds.
                    
      Regenerating: 1 file(s) changed at 2026-06-12 12:28:57
                    .run/jekyll.log
                    ...done in 9.135240236 seconds.
                    
      Regenerating: 1 file(s) changed at 2026-06-12 12:29:06
                    .run/jekyll.log
                    ...done in 8.602442792 seconds.
                    
      Regenerating: 1 file(s) changed at 2026-06-12 12:29:15
                    .run/jekyll.log
                    ...done in 8.867994072 seconds.
                    
      Regenerating: 1 file(s) changed at 2026-06-12 12:29:24
                    .run/jekyll.log
                    ...done in 9.026380467 seconds.
                    
      Regenerating: 1 file(s) changed at 2026-06-12 12:29:33
                    .run/jekyll.log
                    ...done in 8.930027864 seconds.
                    
      Regenerating: 1 file(s) changed at 2026-06-12 12:29:42
                    .run/jekyll.log
                    ...done in 9.308802267 seconds.
                    
      Regenerating: 1 file(s) changed at 2026-06-12 12:29:51
                    .run/jekyll.log
                    ...done in 8.992639235 seconds.
                    
      Regenerating: 1 file(s) changed at 2026-06-12 12:30:00
                    .run/jekyll.log
                    ...done in 9.374319135 seconds.
                    
      Regenerating: 1 file(s) changed at 2026-06-12 12:30:10
                    .run/jekyll.log
                    ...done in 9.411687272 seconds.
                    
      Regenerating: 1 file(s) changed at 2026-06-12 12:30:19
                    .run/jekyll.log
                    ...done in 9.291769285 seconds.
                    
      Regenerating: 1 file(s) changed at 2026-06-12 12:30:29
                    .run/jekyll.log
                    ...done in 9.435322618 seconds.
                    
      Regenerating: 1 file(s) changed at 2026-06-12 12:30:38
                    .run/jekyll.log
                    ...done in 9.360919098 seconds.
                    
      Regenerating: 1 file(s) changed at 2026-06-12 12:30:48
                    .run/jekyll.log
                    ...done in 9.333539885 seconds.
                    
      Regenerating: 1 file(s) changed at 2026-06-12 12:30:57
                    .run/jekyll.log
                    ...done in 9.101904692 seconds.
                    
      Regenerating: 1 file(s) changed at 2026-06-12 12:31:06
                    .run/jekyll.log
                    ...done in 9.355066289 seconds.
                    
      Regenerating: 1 file(s) changed at 2026-06-12 12:31:16
                    .run/jekyll.log
                    ...done in 9.401854247 seconds.
                    
      Regenerating: 1 file(s) changed at 2026-06-12 12:31:25
                    .run/jekyll.log
                    ...done in 9.404303389 seconds.
                    
      Regenerating: 1 file(s) changed at 2026-06-12 12:31:35
                    .run/jekyll.log
                    ...done in 9.533819804 seconds.
                    
      Regenerating: 1 file(s) changed at 2026-06-12 12:31:44
                    .run/jekyll.log
                    ...done in 9.278693955 seconds.
                    
      Regenerating: 1 file(s) changed at 2026-06-12 12:31:54
                    .run/jekyll.log
                    ...done in 8.837593725 seconds.
                    
      Regenerating: 1 file(s) changed at 2026-06-12 12:32:03
                    .run/jekyll.log
                    ...done in 8.395707249 seconds.
                    
      Regenerating: 1 file(s) changed at 2026-06-12 12:32:11
                    .run/jekyll.log
                    ...done in 9.115044973 seconds.
                    
      Regenerating: 1 file(s) changed at 2026-06-12 12:32:20
                    .run/jekyll.log
                    ...done in 9.203191786 seconds.
                    
      Regenerating: 1 file(s) changed at 2026-06-12 12:32:30
                    .run/jekyll.log
                    ...done in 8.768843284 seconds.
                    
      Regenerating: 1 file(s) changed at 2026-06-12 12:32:39
                    .run/jekyll.log
                    ...done in 8.535132105 seconds.
                    
      Regenerating: 1 file(s) changed at 2026-06-12 12:32:47
                    .run/jekyll.log
                    ...done in 8.716239951 seconds.
                    
      Regenerating: 1 file(s) changed at 2026-06-12 12:32:56
                    .run/jekyll.log
                    ...done in 8.482555971 seconds.
                    
      Regenerating: 1 file(s) changed at 2026-06-12 12:33:05
                    .run/jekyll.log
                    ...done in 8.646399829 seconds.
                    
      Regenerating: 1 file(s) changed at 2026-06-12 12:33:13
                    .run/jekyll.log
                    ...done in 8.791678949 seconds.
                    
      Regenerating: 1 file(s) changed at 2026-06-12 12:33:22
                    .run/jekyll.log
                    ...done in 8.600540853 seconds.
                    
      Regenerating: 1 file(s) changed at 2026-06-12 12:33:31
                    .run/jekyll.log
                    ...done in 8.746906861 seconds.
                    
      Regenerating: 1 file(s) changed at 2026-06-12 12:33:40
                    .run/jekyll.log
                    ...done in 8.883507144 seconds.
                    
      Regenerating: 1 file(s) changed at 2026-06-12 12:33:49
                    .run/jekyll.log
                    ...done in 8.670998068 seconds.
                    
      Regenerating: 1 file(s) changed at 2026-06-12 12:33:58
                    .run/jekyll.log
                    ...done in 9.814415815 seconds.
                    
      Regenerating: 1 file(s) changed at 2026-06-12 12:34:07
                    .run/jekyll.log
                    ...done in 9.01784081 seconds.
                    
      Regenerating: 1 file(s) changed at 2026-06-12 12:34:17
                    .run/jekyll.log
                    ...done in 8.531800218 seconds.
                    
      Regenerating: 1 file(s) changed at 2026-06-12 12:34:25
                    .run/jekyll.log
                    ...done in 8.889622816 seconds.
                    
      Regenerating: 1 file(s) changed at 2026-06-12 12:34:34
                    .run/jekyll.log
                    ...done in 9.440240255 seconds.
                    
      Regenerating: 1 file(s) changed at 2026-06-12 12:34:44
                    .run/jekyll.log
                    ...done in 8.73687555 seconds.
                    
      Regenerating: 1 file(s) changed at 2026-06-12 12:34:53
                    .run/jekyll.log
                    ...done in 9.505429355 seconds.
                    
      Regenerating: 1 file(s) changed at 2026-06-12 12:35:02
                    .run/jekyll.log
                    ...done in 8.913972395 seconds.
                    
      Regenerating: 1 file(s) changed at 2026-06-12 12:35:11
                    .run/jekyll.log
                    ...done in 8.952601436 seconds.
                    
      Regenerating: 1 file(s) changed at 2026-06-12 12:35:20
                    .run/jekyll.log
                    ...done in 9.570420407 seconds.
                    
      Regenerating: 1 file(s) changed at 2026-06-12 12:35:30
                    .run/jekyll.log
                    ...done in 9.028896555 seconds.
                    
      Regenerating: 1 file(s) changed at 2026-06-12 12:35:39
                    .run/jekyll.log
                    ...done in 8.823950696 seconds.
                    
      Regenerating: 1 file(s) changed at 2026-06-12 12:35:48
                    .run/jekyll.log
                    ...done in 9.130931925 seconds.
                    
      Regenerating: 1 file(s) changed at 2026-06-12 12:35:57
                    .run/jekyll.log
                    ...done in 9.092249553 seconds.
                    
      Regenerating: 1 file(s) changed at 2026-06-12 12:36:06
                    .run/jekyll.log
                    ...done in 9.027706128 seconds.
                    
      Regenerating: 1 file(s) changed at 2026-06-12 12:36:16
                    .run/jekyll.log
                    ...done in 9.809070558 seconds.
                    
      Regenerating: 1 file(s) changed at 2026-06-12 12:36:25
                    .run/jekyll.log
                    ...done in 9.1259534 seconds.
                    
      Regenerating: 1 file(s) changed at 2026-06-12 12:36:35
                    .run/jekyll.log
                    ...done in 9.476009316 seconds.
                    
      Regenerating: 1 file(s) changed at 2026-06-12 12:36:44
                    .run/jekyll.log
                    ...done in 8.555044818 seconds.
                    
      Regenerating: 1 file(s) changed at 2026-06-12 12:36:53
                    .run/jekyll.log
                    ...done in 9.369329658 seconds.
                    
      Regenerating: 1 file(s) changed at 2026-06-12 12:37:02
                    .run/jekyll.log
                    ...done in 9.384921277 seconds.
                    
      Regenerating: 1 file(s) changed at 2026-06-12 12:37:12
                    .run/jekyll.log
                    ...done in 8.946813659 seconds.
                    
      Regenerating: 1 file(s) changed at 2026-06-12 12:37:21
                    .run/jekyll.log
                    ...done in 8.682109974 seconds.
                    
      Regenerating: 1 file(s) changed at 2026-06-12 12:37:30
                    .run/jekyll.log
                    ...done in 9.271766504 seconds.
                    
      Regenerating: 1 file(s) changed at 2026-06-12 12:37:39
                    .run/jekyll.log
                    ...done in 9.341301033 seconds.
                    
      Regenerating: 1 file(s) changed at 2026-06-12 12:37:49
                    .run/jekyll.log
                    ...done in 9.779682406 seconds.
                    
      Regenerating: 1 file(s) changed at 2026-06-12 12:37:58
                    .run/jekyll.log
                    ...done in 9.388323154 seconds.
                    
      Regenerating: 1 file(s) changed at 2026-06-12 12:38:08
                    .run/jekyll.log
                    ...done in 9.691820241 seconds.
                    
      Regenerating: 1 file(s) changed at 2026-06-12 12:38:18
                    .run/jekyll.log
                    ...done in 8.936738221 seconds.
                    
      Regenerating: 1 file(s) changed at 2026-06-12 12:38:27
                    .run/jekyll.log
                    ...done in 8.79576693 seconds.
                    
      Regenerating: 1 file(s) changed at 2026-06-12 12:38:36
                    .run/jekyll.log
                    ...done in 9.447671699 seconds.
                    
      Regenerating: 1 file(s) changed at 2026-06-12 12:38:45
                    .run/jekyll.log
                    ...done in 8.998955047 seconds.
                    
      Regenerating: 1 file(s) changed at 2026-06-12 12:38:54
                    .run/jekyll.log
                    ...done in 9.150012357 seconds.
                    
      Regenerating: 1 file(s) changed at 2026-06-12 12:39:04
                    .run/jekyll.log
                    ...done in 9.231075905 seconds.
                    
      Regenerating: 1 file(s) changed at 2026-06-12 12:39:13
                    .run/jekyll.log
                    ...done in 9.108827543 seconds.
                    
      Regenerating: 1 file(s) changed at 2026-06-12 12:39:22
                    .run/jekyll.log
                    ...done in 9.561754654 seconds.
                    
      Regenerating: 1 file(s) changed at 2026-06-12 12:39:32
                    .run/jekyll.log
                    ...done in 9.676813407 seconds.
                    
      Regenerating: 1 file(s) changed at 2026-06-12 12:39:42
                    .run/jekyll.log
                    ...done in 9.395463812 seconds.
                    
      Regenerating: 1 file(s) changed at 2026-06-12 12:39:51
                    .run/jekyll.log
                    ...done in 9.492580016 seconds.
                    
      Regenerating: 1 file(s) changed at 2026-06-12 12:40:01
                    .run/jekyll.log
                    ...done in 9.136077452 seconds.
                    
      Regenerating: 1 file(s) changed at 2026-06-12 12:40:10
                    .run/jekyll.log
                    ...done in 9.221523399 seconds.
                    
      Regenerating: 1 file(s) changed at 2026-06-12 12:40:19
                    .run/jekyll.log
                    ...done in 8.915861909 seconds.
                    
      Regenerating: 1 file(s) changed at 2026-06-12 12:40:28
                    .run/jekyll.log
                    ...done in 8.899628601 seconds.
                    
      Regenerating: 1 file(s) changed at 2026-06-12 12:40:37
                    .run/jekyll.log
                    ...done in 8.895693753 seconds.
                    
      Regenerating: 1 file(s) changed at 2026-06-12 12:40:46
                    .run/jekyll.log
                    ...done in 9.436416342 seconds.
                    
      Regenerating: 1 file(s) changed at 2026-06-12 12:40:56
                    .run/jekyll.log
                    ...done in 9.315503405 seconds.
                    
      Regenerating: 1 file(s) changed at 2026-06-12 12:41:05
                    .run/jekyll.log
                    ...done in 8.99679948 seconds.
                    
      Regenerating: 1 file(s) changed at 2026-06-12 12:41:14
                    .run/jekyll.log
                    ...done in 9.274663616 seconds.
                    
      Regenerating: 1 file(s) changed at 2026-06-12 12:41:24
                    .run/jekyll.log
                    ...done in 9.008563779 seconds.
                    
      Regenerating: 1 file(s) changed at 2026-06-12 12:41:33
                    .run/jekyll.log
                    ...done in 9.375350346 seconds.
                    
      Regenerating: 1 file(s) changed at 2026-06-12 12:41:42
                    .run/jekyll.log
                    ...done in 9.150320979 seconds.
                    
      Regenerating: 1 file(s) changed at 2026-06-12 12:41:51
                    .run/jekyll.log
                    ...done in 9.155988218 seconds.
                    
      Regenerating: 1 file(s) changed at 2026-06-12 12:42:01
                    .run/jekyll.log
                    ...done in 8.931394684 seconds.
                    
      Regenerating: 1 file(s) changed at 2026-06-12 12:42:10
                    .run/jekyll.log
                    ...done in 8.559397779 seconds.
                    
      Regenerating: 1 file(s) changed at 2026-06-12 12:42:18
                    .run/jekyll.log
                    ...done in 9.775967172 seconds.
                    
      Regenerating: 1 file(s) changed at 2026-06-12 12:42:28
                    .run/jekyll.log
                    ...done in 9.649007487 seconds.
                    
      Regenerating: 1 file(s) changed at 2026-06-12 12:42:38
                    .run/jekyll.log
                    ...done in 9.21827041 seconds.
                    
      Regenerating: 1 file(s) changed at 2026-06-12 12:42:47
                    .run/jekyll.log
                    ...done in 8.789008726 seconds.
                    
      Regenerating: 1 file(s) changed at 2026-06-12 12:42:56
                    .run/jekyll.log
                    ...done in 8.883370878 seconds.
                    
      Regenerating: 1 file(s) changed at 2026-06-12 12:43:05
                    .run/jekyll.log
                    ...done in 8.995295433 seconds.
                    
      Regenerating: 1 file(s) changed at 2026-06-12 12:43:14
                    .run/jekyll.log
                    ...done in 8.932160796 seconds.
                    
      Regenerating: 1 file(s) changed at 2026-06-12 12:43:23
                    .run/jekyll.log
                    ...done in 8.844203209 seconds.
                    
      Regenerating: 1 file(s) changed at 2026-06-12 12:43:32
                    .run/jekyll.log
                    ...done in 9.35494293 seconds.
                    
      Regenerating: 1 file(s) changed at 2026-06-12 12:43:42
                    .run/jekyll.log
                    ...done in 9.488536482 seconds.
                    
      Regenerating: 1 file(s) changed at 2026-06-12 12:43:51
                    .run/jekyll.log
                    ...done in 9.378944175 seconds.
                    
      Regenerating: 1 file(s) changed at 2026-06-12 12:44:01
                    .run/jekyll.log
                    ...done in 10.268243335 seconds.
                    
      Regenerating: 1 file(s) changed at 2026-06-12 12:44:11
                    .run/jekyll.log
                    ...done in 9.624341147 seconds.
                    
      Regenerating: 1 file(s) changed at 2026-06-12 12:44:21
                    .run/jekyll.log
                    ...done in 9.190142986 seconds.
                    
      Regenerating: 1 file(s) changed at 2026-06-12 12:44:30
                    .run/jekyll.log
                    ...done in 9.495267458 seconds.
                    
      Regenerating: 1 file(s) changed at 2026-06-12 12:44:40
                    .run/jekyll.log
                    ...done in 9.617671343 seconds.
                    
      Regenerating: 1 file(s) changed at 2026-06-12 12:44:49
                    .run/jekyll.log
                    ...done in 9.699122152 seconds.
                    
      Regenerating: 1 file(s) changed at 2026-06-12 12:44:59
                    .run/jekyll.log
                    ...done in 9.49734817 seconds.
                    
      Regenerating: 1 file(s) changed at 2026-06-12 12:45:09
                    .run/jekyll.log
                    ...done in 9.006286027 seconds.
                    
      Regenerating: 1 file(s) changed at 2026-06-12 12:45:18
                    .run/jekyll.log
                    ...done in 9.391918053 seconds.
                    
      Regenerating: 1 file(s) changed at 2026-06-12 12:45:27
                    .run/jekyll.log
                    ...done in 9.606957937 seconds.
                    
      Regenerating: 1 file(s) changed at 2026-06-12 12:45:37
                    .run/jekyll.log
                    ...done in 9.093024845 seconds.
                    
      Regenerating: 1 file(s) changed at 2026-06-12 12:45:46
                    .run/jekyll.log
                    ...done in 8.615867594 seconds.
                    
      Regenerating: 1 file(s) changed at 2026-06-12 12:45:55
                    .run/jekyll.log
                    ...done in 9.941555158 seconds.
                    
      Regenerating: 1 file(s) changed at 2026-06-12 12:46:05
                    .run/jekyll.log
                    ...done in 9.553839947 seconds.
                    
      Regenerating: 1 file(s) changed at 2026-06-12 12:46:15
                    .run/jekyll.log
                    ...done in 9.114391828 seconds.
                    
      Regenerating: 1 file(s) changed at 2026-06-12 12:46:24
                    .run/jekyll.log
                    ...done in 9.664947114 seconds.
                    
      Regenerating: 1 file(s) changed at 2026-06-12 12:46:34
                    .run/jekyll.log
                    ...done in 9.394578559 seconds.
                    
      Regenerating: 1 file(s) changed at 2026-06-12 12:46:43
                    .run/jekyll.log
                    ...done in 9.034042211 seconds.
                    
      Regenerating: 1 file(s) changed at 2026-06-12 12:46:52
                    .run/jekyll.log
                    ...done in 9.065905785 seconds.
                    
      Regenerating: 1 file(s) changed at 2026-06-12 12:47:02
                    .run/jekyll.log
                    ...done in 9.174077364 seconds.
                    
      Regenerating: 1 file(s) changed at 2026-06-12 12:47:11
                    .run/jekyll.log
                    ...done in 9.588720872 seconds.
                    
      Regenerating: 1 file(s) changed at 2026-06-12 12:47:21
                    .run/jekyll.log
                    ...done in 9.832821832 seconds.
                    
      Regenerating: 1 file(s) changed at 2026-06-12 12:47:30
                    .run/jekyll.log
                    ...done in 9.119974133 seconds.
                    
      Regenerating: 1 file(s) changed at 2026-06-12 12:47:40
                    .run/jekyll.log
                    ...done in 9.54480896 seconds.
                    
      Regenerating: 1 file(s) changed at 2026-06-12 12:47:49
                    .run/jekyll.log
                    ...done in 9.613947892 seconds.
                    
      Regenerating: 1 file(s) changed at 2026-06-12 12:47:59
                    .run/jekyll.log
                    ...done in 9.138571159 seconds.
                    
      Regenerating: 1 file(s) changed at 2026-06-12 12:48:08
                    .run/jekyll.log
                    ...done in 9.481352075 seconds.
                    
      Regenerating: 1 file(s) changed at 2026-06-12 12:48:18
                    .run/jekyll.log
                    ...done in 8.813815353 seconds.
                    
      Regenerating: 1 file(s) changed at 2026-06-12 12:48:27
                    .run/jekyll.log
                    ...done in 9.188180799 seconds.
                    
      Regenerating: 1 file(s) changed at 2026-06-12 12:48:36
                    .run/jekyll.log
                    ...done in 8.762389171 seconds.
                    
      Regenerating: 1 file(s) changed at 2026-06-12 12:48:45
                    .run/jekyll.log
                    ...done in 8.852130235 seconds.
                    
      Regenerating: 1 file(s) changed at 2026-06-12 12:48:54
                    .run/jekyll.log
                    ...done in 8.669056329 seconds.
                    
      Regenerating: 1 file(s) changed at 2026-06-12 12:49:03
                    .run/jekyll.log
                    ...done in 8.731234295 seconds.
                    
      Regenerating: 1 file(s) changed at 2026-06-12 12:49:11
                    .run/jekyll.log
                    ...done in 8.618490528 seconds.
                    
      Regenerating: 1 file(s) changed at 2026-06-12 12:49:20
                    .run/jekyll.log
                    ...done in 8.717569511 seconds.
                    
      Regenerating: 1 file(s) changed at 2026-06-12 12:49:29
                    .run/jekyll.log
                    ...done in 8.810114573 seconds.
                    
      Regenerating: 1 file(s) changed at 2026-06-12 12:49:38
                    .run/jekyll.log
                    ...done in 8.640118146 seconds.
                    
      Regenerating: 1 file(s) changed at 2026-06-12 12:49:47
                    .run/jekyll.log
                    ...done in 8.673038167 seconds.
                    
      Regenerating: 1 file(s) changed at 2026-06-12 12:49:55
                    .run/jekyll.log
                    ...done in 8.596454665 seconds.
                    
      Regenerating: 1 file(s) changed at 2026-06-12 12:50:04
                    .run/jekyll.log
                    ...done in 8.609359091 seconds.
                    
      Regenerating: 1 file(s) changed at 2026-06-12 12:50:13
                    .run/jekyll.log
                    ...done in 8.505573424 seconds.
                    
      Regenerating: 1 file(s) changed at 2026-06-12 12:50:21
                    .run/jekyll.log
                    ...done in 8.523800719 seconds.
                    
      Regenerating: 1 file(s) changed at 2026-06-12 12:50:30
                    .run/jekyll.log
                    ...done in 9.172768213 seconds.
                    
      Regenerating: 1 file(s) changed at 2026-06-12 12:50:39
                    .run/jekyll.log
                    ...done in 8.554758097 seconds.
                    
      Regenerating: 1 file(s) changed at 2026-06-12 12:50:48
                    .run/jekyll.log
                    ...done in 8.488687053 seconds.
                    
      Regenerating: 1 file(s) changed at 2026-06-12 12:50:57
                    .run/jekyll.log
                    ...done in 8.577074344 seconds.
                    
      Regenerating: 1 file(s) changed at 2026-06-12 12:51:05
                    .run/jekyll.log
                    ...done in 8.788911296 seconds.
                    
      Regenerating: 1 file(s) changed at 2026-06-12 12:51:14
                    .run/jekyll.log
                    ...done in 8.595517317 seconds.
                    
      Regenerating: 1 file(s) changed at 2026-06-12 12:51:23
                    .run/jekyll.log
                    ...done in 9.357167029 seconds.
                    
      Regenerating: 1 file(s) changed at 2026-06-12 12:51:32
                    .run/jekyll.log
                    ...done in 8.834285826 seconds.
                    
      Regenerating: 1 file(s) changed at 2026-06-12 12:51:41
                    .run/jekyll.log
                    ...done in 8.650562847 seconds.
                    
      Regenerating: 1 file(s) changed at 2026-06-12 12:51:50
                    .run/jekyll.log
                    ...done in 8.647822739 seconds.
                    
      Regenerating: 1 file(s) changed at 2026-06-12 12:51:59
                    .run/jekyll.log
                    ...done in 8.742662114 seconds.
                    
      Regenerating: 1 file(s) changed at 2026-06-12 12:52:08
                    .run/jekyll.log
                    ...done in 8.919880573 seconds.
                    
      Regenerating: 1 file(s) changed at 2026-06-12 12:52:17
                    .run/jekyll.log
                    ...done in 8.606295372 seconds.
                    
      Regenerating: 1 file(s) changed at 2026-06-12 12:52:25
                    .run/jekyll.log
                    ...done in 8.626078177 seconds.
                    
      Regenerating: 1 file(s) changed at 2026-06-12 12:52:34
                    .run/jekyll.log
                    ...done in 8.820849568 seconds.
                    
      Regenerating: 1 file(s) changed at 2026-06-12 12:52:43
                    .run/jekyll.log
                    ...done in 9.714471888 seconds.
                    
      Regenerating: 1 file(s) changed at 2026-06-12 12:52:53
                    .run/jekyll.log
                    ...done in 8.771690345 seconds.
                    
      Regenerating: 1 file(s) changed at 2026-06-12 12:53:02
                    .run/jekyll.log
                    ...done in 8.684158756 seconds.
                    
      Regenerating: 1 file(s) changed at 2026-06-12 12:53:10
                    .run/jekyll.log
                    ...done in 8.83874085 seconds.
                    
      Regenerating: 1 file(s) changed at 2026-06-12 12:53:19
                    .run/jekyll.log
                    ...done in 9.11585465 seconds.
                    
      Regenerating: 1 file(s) changed at 2026-06-12 12:53:29
                    .run/jekyll.log
                    ...done in 8.654748703 seconds.
                    
      Regenerating: 1 file(s) changed at 2026-06-12 12:53:37
                    .run/jekyll.log
                    ...done in 8.686793054 seconds.
                    
      Regenerating: 1 file(s) changed at 2026-06-12 12:53:46
                    .run/jekyll.log
                    ...done in 8.95120593 seconds.
                    
      Regenerating: 1 file(s) changed at 2026-06-12 12:53:55
                    .run/jekyll.log
                    ...done in 8.612168433 seconds.
                    
      Regenerating: 1 file(s) changed at 2026-06-12 12:54:04
                    .run/jekyll.log
                    ...done in 8.414206485 seconds.
                    
      Regenerating: 1 file(s) changed at 2026-06-12 12:54:12
                    .run/jekyll.log
                    ...done in 9.221754364 seconds.
                    
      Regenerating: 1 file(s) changed at 2026-06-12 12:54:22
                    .run/jekyll.log
                    ...done in 8.56110396 seconds.
                    
      Regenerating: 1 file(s) changed at 2026-06-12 12:54:30
                    .run/jekyll.log
                    ...done in 9.272446724 seconds.
                    
      Regenerating: 1 file(s) changed at 2026-06-12 12:54:40
                    .run/jekyll.log
                    ...done in 8.876147501 seconds.
                    
      Regenerating: 1 file(s) changed at 2026-06-12 12:54:49
                    .run/jekyll.log
                    ...done in 8.808265699 seconds.
                    
      Regenerating: 1 file(s) changed at 2026-06-12 12:54:58
                    .run/jekyll.log
                    ...done in 8.621909487 seconds.
                    
      Regenerating: 1 file(s) changed at 2026-06-12 12:55:06
                    .run/jekyll.log
                    ...done in 8.897159255 seconds.
                    
      Regenerating: 1 file(s) changed at 2026-06-12 12:55:15
                    .run/jekyll.log
                    ...done in 8.41824262 seconds.
                    
      Regenerating: 1 file(s) changed at 2026-06-12 12:55:24
                    .run/jekyll.log
                    ...done in 8.653039721 seconds.
                    
      Regenerating: 1 file(s) changed at 2026-06-12 12:55:33
                    .run/jekyll.log
                    ...done in 8.451712047 seconds.
                    
      Regenerating: 1 file(s) changed at 2026-06-12 12:55:41
                    .run/jekyll.log
                    ...done in 10.352969075 seconds.
                    
      Regenerating: 1 file(s) changed at 2026-06-12 12:55:52
                    .run/jekyll.log
                    ...done in 9.799543837 seconds.
                    
      Regenerating: 1 file(s) changed at 2026-06-12 12:56:02
                    .run/jekyll.log
                    ...done in 9.253644176 seconds.
                    
      Regenerating: 1 file(s) changed at 2026-06-12 12:56:11
                    .run/jekyll.log
                    ...done in 9.516547428 seconds.
                    
      Regenerating: 1 file(s) changed at 2026-06-12 12:56:21
                    .run/jekyll.log
                    ...done in 9.997461402 seconds.
                    
      Regenerating: 1 file(s) changed at 2026-06-12 12:56:31
                    .run/jekyll.log
                    ...done in 9.478977223 seconds.
                    
      Regenerating: 1 file(s) changed at 2026-06-12 12:56:40
                    .run/jekyll.log
                    ...done in 9.373958818 seconds.
                    
      Regenerating: 1 file(s) changed at 2026-06-12 12:56:50
                    .run/jekyll.log
                    ...done in 9.126409019 seconds.
                    
      Regenerating: 1 file(s) changed at 2026-06-12 12:56:59
                    .run/jekyll.log
                    ...done in 9.007448893 seconds.
                    
      Regenerating: 1 file(s) changed at 2026-06-12 12:57:08
                    .run/jekyll.log
                    ...done in 9.494835545 seconds.
                    
      Regenerating: 1 file(s) changed at 2026-06-12 12:57:18
                    .run/jekyll.log
                    ...done in 9.869602312 seconds.
                    
      Regenerating: 1 file(s) changed at 2026-06-12 12:57:28
                    .run/jekyll.log
                    ...done in 9.853370956 seconds.
                    
      Regenerating: 1 file(s) changed at 2026-06-12 12:57:38
                    .run/jekyll.log
                    ...done in 9.261315976 seconds.
                    
      Regenerating: 1 file(s) changed at 2026-06-12 12:57:47
                    .run/jekyll.log
                    ...done in 9.410053242 seconds.
                    
      Regenerating: 1 file(s) changed at 2026-06-12 12:57:56
                    .run/jekyll.log
                    ...done in 9.35699835 seconds.
                    
      Regenerating: 1 file(s) changed at 2026-06-12 12:58:06
                    .run/jekyll.log
                    ...done in 9.679498829 seconds.
                    
      Regenerating: 1 file(s) changed at 2026-06-12 12:58:16
                    .run/jekyll.log
                    ...done in 9.385621978 seconds.
                    
      Regenerating: 1 file(s) changed at 2026-06-12 12:58:25
                    .run/jekyll.log
                    ...done in 8.603628828 seconds.
                    
      Regenerating: 1 file(s) changed at 2026-06-12 12:58:34
                    .run/jekyll.log
                    ...done in 9.069726582 seconds.
                    
      Regenerating: 1 file(s) changed at 2026-06-12 12:58:43
                    .run/jekyll.log
                    ...done in 9.172022327 seconds.
                    
      Regenerating: 1 file(s) changed at 2026-06-12 12:58:52
                    .run/jekyll.log
                    ...done in 9.062389112 seconds.
                    
      Regenerating: 1 file(s) changed at 2026-06-12 12:59:01
                    .run/jekyll.log
                    ...done in 9.394332481 seconds.
                    
      Regenerating: 1 file(s) changed at 2026-06-12 12:59:11
                    .run/jekyll.log
                    ...done in 9.043729194 seconds.
                    
      Regenerating: 1 file(s) changed at 2026-06-12 12:59:20
                    .run/jekyll.log
                    ...done in 9.357470816 seconds.
                    
      Regenerating: 1 file(s) changed at 2026-06-12 12:59:30
                    .run/jekyll.log
                    ...done in 9.280201905 seconds.
                    
      Regenerating: 1 file(s) changed at 2026-06-12 12:59:39
                    .run/jekyll.log
                    ...done in 9.072326958 seconds.
                    
      Regenerating: 1 file(s) changed at 2026-06-12 12:59:48
                    .run/jekyll.log
                    ...done in 9.423859319 seconds.
                    
      Regenerating: 1 file(s) changed at 2026-06-12 12:59:58
                    .run/jekyll.log
                    ...done in 8.878996564 seconds.
                    
      Regenerating: 1 file(s) changed at 2026-06-12 13:00:07
                    .run/jekyll.log
                    ...done in 9.169326928 seconds.
                    
      Regenerating: 1 file(s) changed at 2026-06-12 13:00:16
                    .run/jekyll.log
                    ...done in 9.623954687 seconds.
                    
      Regenerating: 1 file(s) changed at 2026-06-12 13:00:26
                    .run/jekyll.log
                    ...done in 9.264845516 seconds.
                    
      Regenerating: 1 file(s) changed at 2026-06-12 13:00:35
                    .run/jekyll.log
                    ...done in 10.670108781 seconds.
                    
      Regenerating: 1 file(s) changed at 2026-06-12 13:00:46
                    .run/jekyll.log
                    ...done in 11.005378164 seconds.
                    
      Regenerating: 1 file(s) changed at 2026-06-12 13:00:57
                    .run/jekyll.log
                    ...done in 10.486291458 seconds.
                    
      Regenerating: 1 file(s) changed at 2026-06-12 13:01:07
                    .run/jekyll.log
                    ...done in 10.401846905 seconds.
                    
      Regenerating: 1 file(s) changed at 2026-06-12 13:01:18
                    .run/jekyll.log
                    ...done in 9.313920498 seconds.
                    
      Regenerating: 1 file(s) changed at 2026-06-12 13:01:27
                    .run/jekyll.log
                    ...done in 9.451710907 seconds.
                    
      Regenerating: 1 file(s) changed at 2026-06-12 13:01:37
                    .run/jekyll.log
                    ...done in 9.792488968 seconds.
                    
      Regenerating: 1 file(s) changed at 2026-06-12 13:01:47
                    .run/jekyll.log
                    ...done in 9.522086868 seconds.
                    
      Regenerating: 1 file(s) changed at 2026-06-12 13:01:56
                    .run/jekyll.log
                    ...done in 9.278848063 seconds.
                    
      Regenerating: 1 file(s) changed at 2026-06-12 13:02:06
                    .run/jekyll.log
                    ...done in 9.8143533 seconds.
                    
      Regenerating: 1 file(s) changed at 2026-06-12 13:02:16
                    .run/jekyll.log
                    ...done in 9.654022823 seconds.
                    
      Regenerating: 1 file(s) changed at 2026-06-12 13:02:25
                    .run/jekyll.log
                    ...done in 10.471458455 seconds.
                    
      Regenerating: 1 file(s) changed at 2026-06-12 13:02:36
                    .run/jekyll.log
                    ...done in 9.917131297 seconds.
                    
      Regenerating: 1 file(s) changed at 2026-06-12 13:02:46
                    .run/jekyll.log
                    ...done in 9.874663247 seconds.
                    
      Regenerating: 1 file(s) changed at 2026-06-12 13:02:56
                    .run/jekyll.log
                    ...done in 9.397803528 seconds.
                    
      Regenerating: 1 file(s) changed at 2026-06-12 13:03:06
                    .run/jekyll.log
                    ...done in 9.531604903 seconds.
                    
      Regenerating: 1 file(s) changed at 2026-06-12 13:03:15
                    .run/jekyll.log
                    ...done in 9.222577105 seconds.
                    
      Regenerating: 1 file(s) changed at 2026-06-12 13:03:24
                    .run/jekyll.log
                    ...done in 9.566698735 seconds.
                    
      Regenerating: 1 file(s) changed at 2026-06-12 13:03:34
                    .run/jekyll.log
                    ...done in 10.20483408 seconds.
                    
      Regenerating: 1 file(s) changed at 2026-06-12 13:03:44
                    .run/jekyll.log
                    ...done in 9.438735228 seconds.
                    
      Regenerating: 1 file(s) changed at 2026-06-12 13:03:54
                    .run/jekyll.log
                    ...done in 9.489418887 seconds.
                    
      Regenerating: 1 file(s) changed at 2026-06-12 13:04:04
                    .run/jekyll.log
                    ...done in 9.625539801 seconds.
                    
      Regenerating: 1 file(s) changed at 2026-06-12 13:04:13
                    .run/jekyll.log
                    ...done in 10.200809612 seconds.
                    
      Regenerating: 1 file(s) changed at 2026-06-12 13:04:24
                    .run/jekyll.log
                    ...done in 9.725833803 seconds.
                    
      Regenerating: 1 file(s) changed at 2026-06-12 13:04:33
                    .run/jekyll.log
                    ...done in 9.514366286 seconds.
                    
      Regenerating: 1 file(s) changed at 2026-06-12 13:04:43
                    .run/jekyll.log
                    ...done in 9.486341789 seconds.
                    
      Regenerating: 1 file(s) changed at 2026-06-12 13:04:53
                    .run/jekyll.log
                    ...done in 9.983378009 seconds.
                    
      Regenerating: 1 file(s) changed at 2026-06-12 13:05:03
                    .run/jekyll.log
                    ...done in 9.477168092 seconds.
                    
      Regenerating: 1 file(s) changed at 2026-06-12 13:05:12
                    .run/jekyll.log
                    ...done in 9.465725058 seconds.
                    
      Regenerating: 1 file(s) changed at 2026-06-12 13:05:22
                    .run/jekyll.log
                    ...done in 9.227691552 seconds.
                    
      Regenerating: 1 file(s) changed at 2026-06-12 13:05:31
                    .run/jekyll.log
                    ...done in 9.732595287 seconds.
                    
      Regenerating: 1 file(s) changed at 2026-06-12 13:05:41
                    .run/jekyll.log
                    ...done in 10.343989544 seconds.
                    
      Regenerating: 1 file(s) changed at 2026-06-12 13:05:51
                    .run/jekyll.log
                    ...done in 9.369013381 seconds.
                    
      Regenerating: 1 file(s) changed at 2026-06-12 13:06:01
                    .run/jekyll.log
                    ...done in 9.84275256 seconds.
                    
      Regenerating: 1 file(s) changed at 2026-06-12 13:06:11
                    .run/jekyll.log
                    ...done in 9.475895791 seconds.
                    
      Regenerating: 1 file(s) changed at 2026-06-12 13:06:20
                    .run/jekyll.log
                    ...done in 9.502014889 seconds.
                    
      Regenerating: 1 file(s) changed at 2026-06-12 13:06:30
                    .run/jekyll.log
                    ...done in 10.285714244 seconds.
                    
      Regenerating: 1 file(s) changed at 2026-06-12 13:06:40
                    .run/jekyll.log
                    ...done in 9.126007088 seconds.
                    
      Regenerating: 1 file(s) changed at 2026-06-12 13:06:50
                    .run/jekyll.log
                    ...done in 9.159471201 seconds.
                    
      Regenerating: 1 file(s) changed at 2026-06-12 13:06:59
                    .run/jekyll.log
                    ...done in 9.253087392 seconds.
                    
      Regenerating: 1 file(s) changed at 2026-06-12 13:07:08
                    .run/jekyll.log
                    ...done in 9.195620002 seconds.
                    
      Regenerating: 1 file(s) changed at 2026-06-12 13:07:18
                    .run/jekyll.log
                    ...done in 9.522235992 seconds.
                    
      Regenerating: 1 file(s) changed at 2026-06-12 13:07:27
                    .run/jekyll.log
                    ...done in 9.651027643 seconds.
                    
      Regenerating: 1 file(s) changed at 2026-06-12 13:07:37
                    .run/jekyll.log
                    ...done in 9.603559331 seconds.
                    
      Regenerating: 1 file(s) changed at 2026-06-12 13:07:47
                    .run/jekyll.log
                    ...done in 9.57867942 seconds.
                    
      Regenerating: 1 file(s) changed at 2026-06-12 13:07:56
                    .run/jekyll.log
                    ...done in 9.600804801 seconds.
                    
      Regenerating: 1 file(s) changed at 2026-06-12 13:08:06
                    .run/jekyll.log
                    ...done in 9.985195244 seconds.
                    
      Regenerating: 1 file(s) changed at 2026-06-12 13:08:16
                    .run/jekyll.log
                    ...done in 9.430846046 seconds.
                    
      Regenerating: 1 file(s) changed at 2026-06-12 13:08:26
                    .run/jekyll.log
                    ...done in 9.823582331 seconds.
                    
      Regenerating: 1 file(s) changed at 2026-06-12 13:08:36
                    .run/jekyll.log
                    ...done in 9.450181826 seconds.
                    
      Regenerating: 1 file(s) changed at 2026-06-12 13:08:45
                    .run/jekyll.log
                    ...done in 10.049032216 seconds.
                    
      Regenerating: 1 file(s) changed at 2026-06-12 13:08:55
                    .run/jekyll.log
                    ...done in 9.425368531 seconds.
                    
      Regenerating: 1 file(s) changed at 2026-06-12 13:09:05
                    .run/jekyll.log
                    ...done in 8.631304788 seconds.
                    
      Regenerating: 1 file(s) changed at 2026-06-12 13:09:14
                    .run/jekyll.log
                    ...done in 8.575821139 seconds.
                    
      Regenerating: 1 file(s) changed at 2026-06-12 13:09:22
                    .run/jekyll.log
                    ...done in 8.732703535 seconds.
                    
      Regenerating: 1 file(s) changed at 2026-06-12 13:09:31
                    .run/jekyll.log
                    ...done in 8.492311599 seconds.
                    
      Regenerating: 1 file(s) changed at 2026-06-12 13:09:40
                    .run/jekyll.log
                    ...done in 8.475021994 seconds.
                    
      Regenerating: 1 file(s) changed at 2026-06-12 13:09:48
                    .run/jekyll.log
                    ...done in 8.373757707 seconds.
                    
      Regenerating: 1 file(s) changed at 2026-06-12 13:09:57
                    .run/jekyll.log
                    ...done in 8.768553097 seconds.
                    
      Regenerating: 1 file(s) changed at 2026-06-12 13:10:06
                    .run/jekyll.log
                    ...done in 9.111456131 seconds.
                    
      Regenerating: 1 file(s) changed at 2026-06-12 13:10:15
                    .run/jekyll.log
                    ...done in 8.751210483 seconds.
                    
      Regenerating: 1 file(s) changed at 2026-06-12 13:10:24
                    .run/jekyll.log
                    ...done in 8.753197108 seconds.
                    
      Regenerating: 1 file(s) changed at 2026-06-12 13:10:32
                    .run/jekyll.log
                    ...done in 9.338374758 seconds.
                    
      Regenerating: 1 file(s) changed at 2026-06-12 13:10:42
                    .run/jekyll.log
                    ...done in 8.997507168 seconds.
                    
      Regenerating: 1 file(s) changed at 2026-06-12 13:10:51
                    .run/jekyll.log
                    ...done in 8.98156036 seconds.
                    
      Regenerating: 1 file(s) changed at 2026-06-12 13:11:00
                    .run/jekyll.log
                    ...done in 9.343584588 seconds.
                    
      Regenerating: 1 file(s) changed at 2026-06-12 13:11:10
                    .run/jekyll.log
                    ...done in 8.828894155 seconds.
                    
      Regenerating: 1 file(s) changed at 2026-06-12 13:11:18
                    .run/jekyll.log
                    ...done in 8.947498215 seconds.
                    
      Regenerating: 1 file(s) changed at 2026-06-12 13:11:28
                    .run/jekyll.log
                    ...done in 8.903819887 seconds.
                    
      Regenerating: 1 file(s) changed at 2026-06-12 13:11:37
                    .run/jekyll.log
                    ...done in 8.757309407 seconds.
                    
      Regenerating: 1 file(s) changed at 2026-06-12 13:11:45
                    .run/jekyll.log
                    ...done in 8.737020763 seconds.
                    
      Regenerating: 1 file(s) changed at 2026-06-12 13:11:54
                    .run/jekyll.log
                    ...done in 8.399776008 seconds.
                    
      Regenerating: 1 file(s) changed at 2026-06-12 13:12:03
                    .run/jekyll.log
                    ...done in 8.359509463 seconds.
                    
      Regenerating: 1 file(s) changed at 2026-06-12 13:12:11
                    .run/jekyll.log
                    ...done in 8.615752819 seconds.
                    
      Regenerating: 1 file(s) changed at 2026-06-12 13:12:20
                    .run/jekyll.log
                    ...done in 9.4602123 seconds.
                    
      Regenerating: 1 file(s) changed at 2026-06-12 13:12:29
                    .run/jekyll.log
                    ...done in 8.955935663 seconds.
                    
      Regenerating: 1 file(s) changed at 2026-06-12 13:12:39
                    .run/jekyll.log
                    ...done in 8.966466674 seconds.
                    
      Regenerating: 1 file(s) changed at 2026-06-12 13:12:48
                    .run/jekyll.log
                    ...done in 8.858578767 seconds.
                    
      Regenerating: 1 file(s) changed at 2026-06-12 13:12:57
                    .run/jekyll.log
                    ...done in 8.760127001 seconds.
                    
      Regenerating: 1 file(s) changed at 2026-06-12 13:13:05
                    .run/jekyll.log
                    ...done in 9.05717468 seconds.
                    
      Regenerating: 1 file(s) changed at 2026-06-12 13:13:15
                    .run/jekyll.log
                    ...done in 9.879080786 seconds.
                    
      Regenerating: 1 file(s) changed at 2026-06-12 13:13:25
                    .run/jekyll.log
                    ...done in 8.787261417 seconds.
                    
      Regenerating: 1 file(s) changed at 2026-06-12 13:13:33
                    .run/jekyll.log
                    ...done in 8.977493898 seconds.
                    
      Regenerating: 1 file(s) changed at 2026-06-12 13:13:43
                    .run/jekyll.log
                    ...done in 9.03779892 seconds.
                    
      Regenerating: 1 file(s) changed at 2026-06-12 13:13:52
                    .run/jekyll.log
                    ...done in 9.026947839 seconds.
                    
      Regenerating: 1 file(s) changed at 2026-06-12 13:14:01
                    .run/jekyll.log
                    ...done in 8.943365204 seconds.
                    
      Regenerating: 1 file(s) changed at 2026-06-12 13:14:10
                    .run/jekyll.log
                    ...done in 8.815378263 seconds.
                    
      Regenerating: 1 file(s) changed at 2026-06-12 13:14:19
                    .run/jekyll.log
                    ...done in 8.965830436 seconds.
                    
      Regenerating: 2 file(s) changed at 2026-06-12 13:14:28
                    .run/jekyll.log
                    .run/tutorial_frontend.log
                    ...done in 8.964850404 seconds.
                    
      Regenerating: 1 file(s) changed at 2026-06-12 13:14:37
                    .run/jekyll.log
                    ...done in 9.325899528 seconds.
                    
      Regenerating: 1 file(s) changed at 2026-06-12 13:14:46
                    .run/jekyll.log
                    ...done in 9.313858959 seconds.
                    
      Regenerating: 1 file(s) changed at 2026-06-12 13:14:56
                    .run/jekyll.log
                    ...done in 9.209010978 seconds.
                    
      Regenerating: 1 file(s) changed at 2026-06-12 13:15:05
                    .run/jekyll.log
                    ...done in 8.994988595 seconds.
                    
      Regenerating: 1 file(s) changed at 2026-06-12 13:15:14
                    .run/jekyll.log
                    ...done in 9.821391991 seconds.
                    
      Regenerating: 1 file(s) changed at 2026-06-12 13:15:24
                    .run/jekyll.log
                    ...done in 9.030571999 seconds.
                    
      Regenerating: 1 file(s) changed at 2026-06-12 13:15:33
                    .run/jekyll.log
                    ...done in 8.858187756 seconds.
                    
      Regenerating: 1 file(s) changed at 2026-06-12 13:15:42
                    .run/jekyll.log
                    ...done in 9.067424932 seconds.
                    
      Regenerating: 1 file(s) changed at 2026-06-12 13:15:51
                    .run/jekyll.log
                    ...done in 9.045279417 seconds.
                    
      Regenerating: 1 file(s) changed at 2026-06-12 13:16:00
                    .run/jekyll.log
                    ...done in 8.982720062 seconds.
                    
      Regenerating: 1 file(s) changed at 2026-06-12 13:16:10
                    .run/jekyll.log
                    ...done in 9.077114324 seconds.
                    
      Regenerating: 1 file(s) changed at 2026-06-12 13:16:19
                    .run/jekyll.log
                    ...done in 8.908101339 seconds.
                    
      Regenerating: 1 file(s) changed at 2026-06-12 13:16:28
                    .run/jekyll.log
                    ...done in 8.842117746 seconds.
                    
      Regenerating: 1 file(s) changed at 2026-06-12 13:16:37
                    .run/jekyll.log
                    ...done in 8.863261503 seconds.
                    
      Regenerating: 1 file(s) changed at 2026-06-12 13:16:46
                    .run/jekyll.log
                    ...done in 8.917121769 seconds.
                    
      Regenerating: 1 file(s) changed at 2026-06-12 13:16:55
                    .run/jekyll.log
                    ...done in 8.875933262 seconds.
                    
      Regenerating: 1 file(s) changed at 2026-06-12 13:17:04
                    .run/jekyll.log
                    ...done in 8.652810028 seconds.
                    
      Regenerating: 1 file(s) changed at 2026-06-12 13:17:12
                    .run/jekyll.log
                    ...done in 9.343583245 seconds.
                    
      Regenerating: 1 file(s) changed at 2026-06-12 13:17:22
                    .run/jekyll.log
                    ...done in 8.851460278 seconds.
                    
      Regenerating: 1 file(s) changed at 2026-06-12 13:17:31
                    .run/jekyll.log
                    ...done in 8.517747182 seconds.
                    
      Regenerating: 1 file(s) changed at 2026-06-12 13:17:39
                    .run/jekyll.log
                    ...done in 9.415709852 seconds.
                    
      Regenerating: 2 file(s) changed at 2026-06-12 13:17:49
                    .run/jekyll.log
                    .run/tutorial_frontend.log
                    ...done in 9.159136332 seconds.
                    
      Regenerating: 1 file(s) changed at 2026-06-12 13:17:58
                    .run/jekyll.log
                    ...done in 8.976865507 seconds.
                    
      Regenerating: 1 file(s) changed at 2026-06-12 13:18:07
                    .run/jekyll.log
                    ...done in 8.911138683 seconds.
                    
      Regenerating: 1 file(s) changed at 2026-06-12 13:18:16
                    .run/jekyll.log
                    ...done in 9.0494947 seconds.
                    
      Regenerating: 1 file(s) changed at 2026-06-12 13:18:25
                    .run/jekyll.log
                    ...done in 9.163898665 seconds.
                    
      Regenerating: 1 file(s) changed at 2026-06-12 13:18:35
                    .run/jekyll.log
                    ...done in 9.406771606 seconds.
                    
      Regenerating: 1 file(s) changed at 2026-06-12 13:18:44
                    .run/jekyll.log
                    ...done in 9.263830614 seconds.
                    
      Regenerating: 1 file(s) changed at 2026-06-12 13:18:54
                    .run/jekyll.log
                    ...done in 9.183406932 seconds.
                    
      Regenerating: 1 file(s) changed at 2026-06-12 13:19:03
                    .run/jekyll.log
                    ...done in 9.124378136 seconds.
                    
      Regenerating: 2 file(s) changed at 2026-06-12 13:19:12
                    .run/jekyll.log
                    .run/tutorial_backend.log
                    ...done in 8.524884145 seconds.
                    
      Regenerating: 1 file(s) changed at 2026-06-12 13:19:21
                    .run/jekyll.log
                    ...done in 8.835826809 seconds.
                    
      Regenerating: 1 file(s) changed at 2026-06-12 13:19:30
                    .run/jekyll.log
                    ...done in 8.962994172 seconds.
                    
      Regenerating: 1 file(s) changed at 2026-06-12 13:19:39
                    .run/jekyll.log
                    ...done in 9.115059199 seconds.
                    
      Regenerating: 1 file(s) changed at 2026-06-12 13:19:48
                    .run/jekyll.log
                    ...done in 8.766779976 seconds.
                    
      Regenerating: 1 file(s) changed at 2026-06-12 13:19:57
                    .run/jekyll.log
                    ...done in 9.710582891 seconds.
                    
      Regenerating: 1 file(s) changed at 2026-06-12 13:20:07
                    .run/jekyll.log
                    ...done in 8.567548817 seconds.
                    
      Regenerating: 1 file(s) changed at 2026-06-12 13:20:15
                    .run/jekyll.log
                    ...done in 9.292422981 seconds.
                    
      Regenerating: 1 file(s) changed at 2026-06-12 13:20:25
                    .run/jekyll.log
                    ...done in 9.213906376 seconds.
                    
      Regenerating: 1 file(s) changed at 2026-06-12 13:20:34
                    .run/jekyll.log
                    ...done in 8.837404444 seconds.
                    
      Regenerating: 1 file(s) changed at 2026-06-12 13:20:43
                    .run/jekyll.log
                    ...done in 8.86492783 seconds.
                    
      Regenerating: 1 file(s) changed at 2026-06-12 13:20:52
                    .run/jekyll.log
                    ...done in 9.095906235 seconds.
                    
      Regenerating: 1 file(s) changed at 2026-06-12 13:21:01
                    .run/jekyll.log
                    ...done in 9.067246116 seconds.
                    
      Regenerating: 1 file(s) changed at 2026-06-12 13:21:10
                    .run/jekyll.log
                    ...done in 9.537385992 seconds.
                    
      Regenerating: 1 file(s) changed at 2026-06-12 13:21:20
                    .run/jekyll.log
                    ...done in 8.796220072 seconds.
                    
      Regenerating: 1 file(s) changed at 2026-06-12 13:21:29
                    .run/jekyll.log
                    ...done in 9.093455002 seconds.
                    
      Regenerating: 1 file(s) changed at 2026-06-12 13:21:38
                    .run/jekyll.log
                    ...done in 8.775196651 seconds.
                    
      Regenerating: 1 file(s) changed at 2026-06-12 13:21:47
                    .run/jekyll.log
                    ...done in 9.595703193 seconds.
                    
      Regenerating: 1 file(s) changed at 2026-06-12 13:21:56
                    .run/jekyll.log
                    ...done in 9.432357607 seconds.
                    
      Regenerating: 1 file(s) changed at 2026-06-12 13:22:06
                    .run/jekyll.log
                    ...done in 8.539386175 seconds.
                    
      Regenerating: 1 file(s) changed at 2026-06-12 13:22:15
                    .run/jekyll.log
                    ...done in 9.069173781 seconds.
                    
      Regenerating: 1 file(s) changed at 2026-06-12 13:22:24
                    .run/jekyll.log
                    ...done in 9.063287613 seconds.
                    
      Regenerating: 1 file(s) changed at 2026-06-12 13:22:33
                    .run/jekyll.log
                    ...done in 9.082222864 seconds.
                    
      Regenerating: 1 file(s) changed at 2026-06-12 13:22:42
                    .run/jekyll.log
                    ...done in 8.786129846 seconds.
                    
      Regenerating: 1 file(s) changed at 2026-06-12 13:22:51
                    .run/jekyll.log
                    ...done in 8.888166385 seconds.
                    
      Regenerating: 1 file(s) changed at 2026-06-12 13:23:00
                    .run/jekyll.log
                    ...done in 8.857747079 seconds.
                    
      Regenerating: 1 file(s) changed at 2026-06-12 13:23:09
                    .run/jekyll.log
                    ...done in 8.668168184 seconds.
                    
      Regenerating: 1 file(s) changed at 2026-06-12 13:23:18
                    .run/jekyll.log
                    ...done in 9.454349119 seconds.
                    
      Regenerating: 1 file(s) changed at 2026-06-12 13:23:27
                    .run/jekyll.log
                    ...done in 8.959868306 seconds.
                    
      Regenerating: 1 file(s) changed at 2026-06-12 13:23:36
                    .run/jekyll.log
                    ...done in 9.068134142 seconds.
                    
      Regenerating: 1 file(s) changed at 2026-06-12 13:23:46
                    .run/jekyll.log
                    ...done in 9.099281284 seconds.
                    
      Regenerating: 1 file(s) changed at 2026-06-12 13:23:55
                    .run/jekyll.log
                    ...done in 8.821405632 seconds.
                    
      Regenerating: 1 file(s) changed at 2026-06-12 13:24:04
                    .run/jekyll.log
                    ...done in 9.241549941 seconds.
                    
      Regenerating: 1 file(s) changed at 2026-06-12 13:24:13
                    .run/jekyll.log
                    ...done in 8.844864705 seconds.
                    
      Regenerating: 1 file(s) changed at 2026-06-12 13:24:22
                    .run/jekyll.log
                    ...done in 8.925235858 seconds.
                    
      Regenerating: 1 file(s) changed at 2026-06-12 13:24:31
                    .run/jekyll.log
                    ...done in 8.914749435 seconds.
                    
      Regenerating: 1 file(s) changed at 2026-06-12 13:24:40
                    .run/jekyll.log
                    ...done in 9.26383813 seconds.
                    
      Regenerating: 1 file(s) changed at 2026-06-12 13:24:49
                    .run/jekyll.log
                    ...done in 9.073550342 seconds.
                    
      Regenerating: 1 file(s) changed at 2026-06-12 13:24:59
                    .run/jekyll.log
                    ...done in 9.325303701 seconds.
                    
      Regenerating: 1 file(s) changed at 2026-06-12 13:25:08
                    .run/jekyll.log
                    ...done in 9.007571754 seconds.
                    
      Regenerating: 1 file(s) changed at 2026-06-12 13:25:17
                    .run/jekyll.log
                    ...done in 8.680192267 seconds.
                    
      Regenerating: 2 file(s) changed at 2026-06-12 13:25:26
                    .run/jekyll.log
                    .run/tutorial_frontend.log
                    ...done in 8.624616543 seconds.
                    
      Regenerating: 1 file(s) changed at 2026-06-12 13:25:35
                    .run/jekyll.log
                    ...done in 8.469210429 seconds.
                    
      Regenerating: 1 file(s) changed at 2026-06-12 13:25:43
                    .run/jekyll.log
                    ...done in 8.967221736 seconds.
                    
      Regenerating: 1 file(s) changed at 2026-06-12 13:25:52
                    .run/jekyll.log
                    ...done in 9.190215222 seconds.
                    
      Regenerating: 1 file(s) changed at 2026-06-12 13:26:02
                    .run/jekyll.log
                    ...done in 8.627401524 seconds.
                    
      Regenerating: 1 file(s) changed at 2026-06-12 13:26:10
                    .run/jekyll.log
                    ...done in 8.876304725 seconds.
                    
      Regenerating: 1 file(s) changed at 2026-06-12 13:26:19
                    .run/jekyll.log
                    ...done in 8.912135279 seconds.
                    
      Regenerating: 1 file(s) changed at 2026-06-12 13:26:28
                    .run/jekyll.log
                    ...done in 9.169779624 seconds.
                    
      Regenerating: 1 file(s) changed at 2026-06-12 13:26:38
                    .run/jekyll.log
                    ...done in 8.575216224 seconds.
                    
      Regenerating: 1 file(s) changed at 2026-06-12 13:26:46
                    .run/jekyll.log
                    ...done in 8.886228066 seconds.
                    
      Regenerating: 1 file(s) changed at 2026-06-12 13:26:55
                    .run/jekyll.log
                    ...done in 8.933703989 seconds.
                    
      Regenerating: 1 file(s) changed at 2026-06-12 13:27:04
                    .run/jekyll.log
                    ...done in 9.287518553 seconds.
                    
      Regenerating: 1 file(s) changed at 2026-06-12 13:27:14
                    .run/jekyll.log
                    ...done in 8.953650844 seconds.
                    
      Regenerating: 1 file(s) changed at 2026-06-12 13:27:23
                    .run/jekyll.log
                    ...done in 8.572196325 seconds.
                    
      Regenerating: 1 file(s) changed at 2026-06-12 13:27:31
                    .run/jekyll.log
                    ...done in 9.176734876 seconds.
                    
      Regenerating: 1 file(s) changed at 2026-06-12 13:27:41
                    .run/jekyll.log
                    ...done in 9.524470659 seconds.
                    
      Regenerating: 1 file(s) changed at 2026-06-12 13:27:50
                    .run/jekyll.log
                    ...done in 9.257643357 seconds.
                    
      Regenerating: 1 file(s) changed at 2026-06-12 13:28:00
                    .run/jekyll.log
                    ...done in 9.33630956 seconds.
                    
      Regenerating: 1 file(s) changed at 2026-06-12 13:28:09
                    .run/jekyll.log
                    ...done in 9.354767831 seconds.
                    
      Regenerating: 1 file(s) changed at 2026-06-12 13:28:18
                    .run/jekyll.log
                    ...done in 8.945419687 seconds.
                    
      Regenerating: 1 file(s) changed at 2026-06-12 13:28:28
                    .run/jekyll.log
                    ...done in 9.503522753 seconds.
                    
      Regenerating: 1 file(s) changed at 2026-06-12 13:28:37
                    .run/jekyll.log
                    ...done in 8.628041207 seconds.
                    
      Regenerating: 1 file(s) changed at 2026-06-12 13:28:46
                    .run/jekyll.log
                    ...done in 8.998855413 seconds.
                    
      Regenerating: 1 file(s) changed at 2026-06-12 13:28:55
                    .run/jekyll.log
                    ...done in 8.870048629 seconds.
                    
      Regenerating: 1 file(s) changed at 2026-06-12 13:29:04
                    .run/jekyll.log
                    ...done in 8.918768785 seconds.
                    
      Regenerating: 1 file(s) changed at 2026-06-12 13:29:13
                    .run/jekyll.log
                    ...done in 9.072511889 seconds.
                    
      Regenerating: 1 file(s) changed at 2026-06-12 13:29:22
                    .run/jekyll.log
                    ...done in 8.55821705 seconds.
                    
      Regenerating: 1 file(s) changed at 2026-06-12 13:29:31
                    .run/jekyll.log
                    ...done in 8.967942068 seconds.
                    
      Regenerating: 1 file(s) changed at 2026-06-12 13:29:40
                    .run/jekyll.log
                    ...done in 9.609379341 seconds.
                    
      Regenerating: 1 file(s) changed at 2026-06-12 13:29:50
                    .run/jekyll.log
                    ...done in 8.933770087 seconds.
                    
      Regenerating: 1 file(s) changed at 2026-06-12 13:29:59
                    .run/jekyll.log
                    ...done in 9.320831695 seconds.
                    
      Regenerating: 1 file(s) changed at 2026-06-12 13:30:08
                    .run/jekyll.log
                    ...done in 8.560864369 seconds.
                    
      Regenerating: 1 file(s) changed at 2026-06-12 13:30:17
                    .run/jekyll.log
                    ...done in 9.054611187 seconds.
                    
      Regenerating: 1 file(s) changed at 2026-06-12 13:30:26
                    .run/jekyll.log
                    ...done in 9.227767059 seconds.
                    
      Regenerating: 2 file(s) changed at 2026-06-12 13:30:35
                    .run/jekyll.log
                    .run/tutorial_frontend.log
                    ...done in 8.770938623 seconds.
                    
      Regenerating: 2 file(s) changed at 2026-06-12 13:30:44
                    .run/jekyll.log
                    .run/tutorial_frontend.log
                    ...done in 9.064735044 seconds.
                    
      Regenerating: 1 file(s) changed at 2026-06-12 13:30:53
                    .run/jekyll.log
                    ...done in 9.091009241 seconds.
                    
      Regenerating: 1 file(s) changed at 2026-06-12 13:31:02
                    .run/jekyll.log
                    ...done in 8.888970013 seconds.
                    
      Regenerating: 1 file(s) changed at 2026-06-12 13:31:11
                    .run/jekyll.log
                    ...done in 8.55490613 seconds.
                    
      Regenerating: 1 file(s) changed at 2026-06-12 13:31:20
                    .run/jekyll.log
                    ...done in 9.305683432 seconds.
                    
      Regenerating: 1 file(s) changed at 2026-06-12 13:31:29
                    .run/jekyll.log
                    ...done in 8.965849943 seconds.
                    
      Regenerating: 1 file(s) changed at 2026-06-12 13:31:38
                    .run/jekyll.log
                    ...done in 8.922889172 seconds.
                    
      Regenerating: 1 file(s) changed at 2026-06-12 13:31:48
                    .run/jekyll.log
                    ...done in 8.95339031 seconds.
                    
      Regenerating: 1 file(s) changed at 2026-06-12 13:31:57
                    .run/jekyll.log
                    ...done in 8.906895652 seconds.
                    
      Regenerating: 1 file(s) changed at 2026-06-12 13:32:06
                    .run/jekyll.log
                    ...done in 8.904085267 seconds.
                    
      Regenerating: 1 file(s) changed at 2026-06-12 13:32:15
                    .run/jekyll.log
                    ...done in 8.86955363 seconds.
                    
      Regenerating: 1 file(s) changed at 2026-06-12 13:32:24
                    .run/jekyll.log
                    ...done in 9.03974328 seconds.
                    
      Regenerating: 1 file(s) changed at 2026-06-12 13:32:33
                    .run/jekyll.log
                    ...done in 8.963677924 seconds.
                    
      Regenerating: 1 file(s) changed at 2026-06-12 13:32:42
                    .run/jekyll.log
                    ...done in 9.365266507 seconds.
                    
      Regenerating: 1 file(s) changed at 2026-06-12 13:32:51
                    .run/jekyll.log
                    ...done in 8.552383957 seconds.
                    
      Regenerating: 1 file(s) changed at 2026-06-12 13:33:00
                    .run/jekyll.log
                    ...done in 8.669645247 seconds.
                    
      Regenerating: 1 file(s) changed at 2026-06-12 13:33:09
                    .run/jekyll.log
                    ...done in 9.701102118 seconds.
                    
      Regenerating: 1 file(s) changed at 2026-06-12 13:33:18
                    .run/jekyll.log
                    ...done in 9.351962986 seconds.
                    
      Regenerating: 2 file(s) changed at 2026-06-12 13:33:28
                    .run/jekyll.log
                    .run/tutorial_frontend.log
                    ...done in 8.941247105 seconds.
                    
      Regenerating: 1 file(s) changed at 2026-06-12 13:33:37
                    .run/jekyll.log
                    ...done in 8.628974107 seconds.
                    
      Regenerating: 1 file(s) changed at 2026-06-12 13:33:46
                    .run/jekyll.log
                    ...done in 9.135656803 seconds.
                    
      Regenerating: 1 file(s) changed at 2026-06-12 13:33:55
                    .run/jekyll.log
                    ...done in 9.248686514 seconds.
                    
      Regenerating: 1 file(s) changed at 2026-06-12 13:34:04
                    .run/jekyll.log
                    ...done in 8.655963645 seconds.
                    
      Regenerating: 1 file(s) changed at 2026-06-12 13:34:13
                    .run/jekyll.log
                    ...done in 9.036618235 seconds.
                    
      Regenerating: 1 file(s) changed at 2026-06-12 13:34:22
                    .run/jekyll.log
                    ...done in 9.397281321 seconds.
                    
      Regenerating: 1 file(s) changed at 2026-06-12 13:34:32
                    .run/jekyll.log
                    ...done in 9.219767868 seconds.
                    
      Regenerating: 1 file(s) changed at 2026-06-12 13:34:41
                    .run/jekyll.log
                    ...done in 9.543683963 seconds.
                    
      Regenerating: 1 file(s) changed at 2026-06-12 13:34:51
                    .run/jekyll.log
                    ...done in 9.115987998 seconds.
                    
      Regenerating: 1 file(s) changed at 2026-06-12 13:35:00
                    .run/jekyll.log
                    ...done in 8.976775456 seconds.
                    
      Regenerating: 1 file(s) changed at 2026-06-12 13:35:09
                    .run/jekyll.log
                    ...done in 9.215957143 seconds.
                    
      Regenerating: 1 file(s) changed at 2026-06-12 13:35:18
                    .run/jekyll.log
                    ...done in 9.192762515 seconds.
                    
      Regenerating: 1 file(s) changed at 2026-06-12 13:35:28
                    .run/jekyll.log
                    ...done in 9.014950157 seconds.
                    
      Regenerating: 1 file(s) changed at 2026-06-12 13:35:37
                    .run/jekyll.log
                    ...done in 9.593798095 seconds.
                    
      Regenerating: 1 file(s) changed at 2026-06-12 13:35:46
                    .run/jekyll.log
                    ...done in 9.299943916 seconds.
                    
      Regenerating: 1 file(s) changed at 2026-06-12 13:35:56
                    .run/jekyll.log
                    ...done in 9.143028247 seconds.
                    
      Regenerating: 1 file(s) changed at 2026-06-12 13:36:05
                    .run/jekyll.log
                    ...done in 9.060963067 seconds.
                    
      Regenerating: 1 file(s) changed at 2026-06-12 13:36:14
                    .run/jekyll.log
                    ...done in 9.25377017 seconds.
                    
      Regenerating: 1 file(s) changed at 2026-06-12 13:36:23
                    .run/jekyll.log
                    ...done in 9.293589794 seconds.
                    
      Regenerating: 1 file(s) changed at 2026-06-12 13:36:33
                    .run/jekyll.log
                    ...done in 9.297115558 seconds.
                    
      Regenerating: 1 file(s) changed at 2026-06-12 13:36:42
                    .run/jekyll.log
                    ...done in 9.126221694 seconds.
                    
      Regenerating: 1 file(s) changed at 2026-06-12 13:36:51
                    .run/jekyll.log
                    ...done in 9.418277286 seconds.
                    
      Regenerating: 1 file(s) changed at 2026-06-12 13:37:01
                    .run/jekyll.log
                    ...done in 8.669464798 seconds.
                    
      Regenerating: 1 file(s) changed at 2026-06-12 13:37:10
                    .run/jekyll.log
                    ...done in 9.190716448 seconds.
                    
      Regenerating: 1 file(s) changed at 2026-06-12 13:37:19
                    .run/jekyll.log
                    ...done in 9.615617574 seconds.
                    
      Regenerating: 1 file(s) changed at 2026-06-12 13:37:29
                    .run/jekyll.log
                    ...done in 8.987969155 seconds.
                    
      Regenerating: 1 file(s) changed at 2026-06-12 13:37:38
                    .run/jekyll.log
                    ...done in 8.977552081 seconds.
                    
      Regenerating: 1 file(s) changed at 2026-06-12 13:37:47
                    .run/jekyll.log
                    ...done in 9.036296145 seconds.
                    
      Regenerating: 1 file(s) changed at 2026-06-12 13:37:56
                    .run/jekyll.log
                    ...done in 8.956961665 seconds.
                    
      Regenerating: 1 file(s) changed at 2026-06-12 13:38:05
                    .run/jekyll.log
                    ...done in 9.009428687 seconds.
                    
      Regenerating: 1 file(s) changed at 2026-06-12 13:38:14
                    .run/jekyll.log
                    ...done in 8.957321097 seconds.
                    
      Regenerating: 1 file(s) changed at 2026-06-12 13:38:23
                    .run/jekyll.log
                    ...done in 9.411449629 seconds.
                    
      Regenerating: 1 file(s) changed at 2026-06-12 13:38:33
                    .run/jekyll.log
                    ...done in 8.578657224 seconds.
                    
      Regenerating: 1 file(s) changed at 2026-06-12 13:38:42
                    .run/jekyll.log
                    ...done in 9.212433276 seconds.
                    
      Regenerating: 1 file(s) changed at 2026-06-12 13:38:51
                    .run/jekyll.log
                    ...done in 9.260446539 seconds.
                    
      Regenerating: 1 file(s) changed at 2026-06-12 13:39:00
                    .run/jekyll.log
                    ...done in 8.695081066 seconds.
                    
      Regenerating: 1 file(s) changed at 2026-06-12 13:39:09
                    .run/jekyll.log
                    ...done in 9.35791634 seconds.
                    
      Regenerating: 1 file(s) changed at 2026-06-12 13:39:18
                    .run/jekyll.log
                    ...done in 9.374602297 seconds.
                    
      Regenerating: 1 file(s) changed at 2026-06-12 13:39:28
                    .run/jekyll.log
                    ...done in 9.1550155 seconds.
                    
      Regenerating: 1 file(s) changed at 2026-06-12 13:39:37
                    .run/jekyll.log
                    ...done in 9.291321901 seconds.
                    
      Regenerating: 1 file(s) changed at 2026-06-12 13:39:47
                    .run/jekyll.log
                    ...done in 9.268673047 seconds.
                    
      Regenerating: 1 file(s) changed at 2026-06-12 13:39:56
                    .run/jekyll.log
                    ...done in 9.239799928 seconds.
                    
      Regenerating: 1 file(s) changed at 2026-06-12 13:40:05
                    .run/jekyll.log
                    ...done in 9.317966864 seconds.
                    
      Regenerating: 1 file(s) changed at 2026-06-12 13:40:15
                    .run/jekyll.log
                    ...done in 9.17208826 seconds.
                    
      Regenerating: 1 file(s) changed at 2026-06-12 13:40:24
                    .run/jekyll.log
                    ...done in 8.81110591 seconds.
                    
      Regenerating: 1 file(s) changed at 2026-06-12 13:40:33
                    .run/jekyll.log
                    ...done in 9.657961457 seconds.
                    
      Regenerating: 1 file(s) changed at 2026-06-12 13:40:43
                    .run/jekyll.log
                    ...done in 9.535828601 seconds.
                    
      Regenerating: 1 file(s) changed at 2026-06-12 13:40:52
                    .run/jekyll.log
                    ...done in 9.16175859 seconds.
                    
      Regenerating: 1 file(s) changed at 2026-06-12 13:41:02
                    .run/jekyll.log
                    ...done in 9.055261425 seconds.
                    
      Regenerating: 1 file(s) changed at 2026-06-12 13:41:11
                    .run/jekyll.log
                    ...done in 9.163752738 seconds.
                    
      Regenerating: 1 file(s) changed at 2026-06-12 13:41:20
                    .run/jekyll.log
                    ...done in 9.173902334 seconds.
                    
      Regenerating: 1 file(s) changed at 2026-06-12 13:41:29
                    .run/jekyll.log
                    ...done in 9.216094534 seconds.
                    
      Regenerating: 1 file(s) changed at 2026-06-12 13:41:39
                    .run/jekyll.log
                    ...done in 9.226558271 seconds.
                    
      Regenerating: 1 file(s) changed at 2026-06-12 13:41:48
                    .run/jekyll.log
                    ...done in 9.322043555 seconds.
                    
      Regenerating: 1 file(s) changed at 2026-06-12 13:41:57
                    .run/jekyll.log
                    ...done in 9.275381954 seconds.
                    
      Regenerating: 1 file(s) changed at 2026-06-12 13:42:07
                    .run/jekyll.log
                    ...done in 9.814670503 seconds.
                    
      Regenerating: 1 file(s) changed at 2026-06-12 13:42:17
                    .run/jekyll.log
                    ...done in 9.096839609 seconds.
                    
      Regenerating: 1 file(s) changed at 2026-06-12 13:42:26
                    .run/jekyll.log
                    ...done in 10.402827608 seconds.
                    
      Regenerating: 1 file(s) changed at 2026-06-12 13:42:36
                    .run/jekyll.log
                    ...done in 9.816566907 seconds.
                    
      Regenerating: 1 file(s) changed at 2026-06-12 13:42:46
                    .run/jekyll.log
                    ...done in 9.610370649 seconds.
                    
      Regenerating: 1 file(s) changed at 2026-06-12 13:42:56
                    .run/jekyll.log
                    ...done in 10.906749139 seconds.
                    
      Regenerating: 1 file(s) changed at 2026-06-12 13:43:07
                    .run/jekyll.log
                    ...done in 10.482078354 seconds.
                    
      Regenerating: 1 file(s) changed at 2026-06-12 13:43:17
                    .run/jekyll.log
                    ...done in 9.710786861 seconds.
                    
      Regenerating: 1 file(s) changed at 2026-06-12 13:43:27
                    .run/jekyll.log
                    ...done in 9.782864871 seconds.
                    
      Regenerating: 1 file(s) changed at 2026-06-12 13:43:37
                    .run/jekyll.log
                    ...done in 9.705851047 seconds.
                    
      Regenerating: 1 file(s) changed at 2026-06-12 13:43:47
                    .run/jekyll.log
                    ...done in 10.100521251 seconds.
                    
      Regenerating: 1 file(s) changed at 2026-06-12 13:43:57
                    .run/jekyll.log
                    ...done in 10.05909024 seconds.
                    
      Regenerating: 1 file(s) changed at 2026-06-12 13:44:07
                    .run/jekyll.log
                    ...done in 9.862613426 seconds.
                    
      Regenerating: 1 file(s) changed at 2026-06-12 13:44:17
                    .run/jekyll.log
                    ...done in 9.895130616 seconds.
                    
      Regenerating: 1 file(s) changed at 2026-06-12 13:44:27
                    .run/jekyll.log
                    ...done in 10.352781993 seconds.
                    
      Regenerating: 1 file(s) changed at 2026-06-12 13:44:38
                    .run/jekyll.log
                    ...done in 9.929560408 seconds.
                    
      Regenerating: 1 file(s) changed at 2026-06-12 13:44:48
                    .run/jekyll.log
                    ...done in 9.881540092 seconds.
                    
      Regenerating: 1 file(s) changed at 2026-06-12 13:44:58
                    .run/jekyll.log
                    ...done in 9.481364235 seconds.
                    
      Regenerating: 1 file(s) changed at 2026-06-12 13:45:07
                    .run/jekyll.log
                    ...done in 10.28619723 seconds.
                    
      Regenerating: 1 file(s) changed at 2026-06-12 13:45:18
                    .run/jekyll.log
                    ...done in 9.288478818 seconds.
                    
      Regenerating: 1 file(s) changed at 2026-06-12 13:45:27
                    .run/jekyll.log
                    ...done in 10.625679814 seconds.
                    
      Regenerating: 2 file(s) changed at 2026-06-12 13:45:38
                    .run/jekyll.log
                    docs/chap3_motion_planning/DS-planning.md
                    ...done in 10.196709797 seconds.
                    
      Regenerating: 2 file(s) changed at 2026-06-12 13:45:48
                    .run/jekyll.log
                    docs/chap3_motion_planning/DS-planning.md
                    ...done in 10.747573144 seconds.
                    
      Regenerating: 2 file(s) changed at 2026-06-12 13:45:59
                    .run/jekyll.log
                    docs/chap3_motion_planning/DS-planning.md
                    ...done in 9.900827694 seconds.
                    
      Regenerating: 1 file(s) changed at 2026-06-12 13:46:09
                    .run/jekyll.log
                    ...done in 10.157366005 seconds.
                    
      Regenerating: 1 file(s) changed at 2026-06-12 13:46:19
                    .run/jekyll.log
                    ...done in 10.139859248 seconds.
                    
      Regenerating: 1 file(s) changed at 2026-06-12 13:46:30
                    .run/jekyll.log
                    ...done in 11.88662131 seconds.
                    
      Regenerating: 2 file(s) changed at 2026-06-12 13:46:41
                    .run/jekyll.log
                    .run/tutorial_backend.log
                    ...done in 15.204644495 seconds.
                    
      Regenerating: 2 file(s) changed at 2026-06-12 13:46:57
                    .run/jekyll.log
                    .run/tutorial_backend.log
                    ...done in 12.210048131 seconds.
                    
      Regenerating: 3 file(s) changed at 2026-06-12 13:47:09
                    .run/jekyll.log
                    .run/tutorial_backend.log
                    .run/tutorial_frontend.log
                    ...done in 9.798122015 seconds.
                    
      Regenerating: 2 file(s) changed at 2026-06-12 13:47:19
                    .run/jekyll.log
                    .run/tutorial_backend.log
                    ...done in 9.444689162 seconds.
                    
      Regenerating: 1 file(s) changed at 2026-06-12 13:47:29
                    .run/jekyll.log
                    ...done in 8.856927272 seconds.
                    
      Regenerating: 1 file(s) changed at 2026-06-12 13:47:38
                    .run/jekyll.log
                    ...done in 9.392065814 seconds.
                    
      Regenerating: 1 file(s) changed at 2026-06-12 13:47:47
                    .run/jekyll.log
                    ...done in 9.325681667 seconds.
                    
      Regenerating: 1 file(s) changed at 2026-06-12 13:47:56
                    .run/jekyll.log
                    ...done in 9.237824209 seconds.
                    
      Regenerating: 1 file(s) changed at 2026-06-12 13:48:06
                    .run/jekyll.log
                    ...done in 9.351947231 seconds.
                    
      Regenerating: 1 file(s) changed at 2026-06-12 13:48:15
                    .run/jekyll.log
                    ...done in 9.279510983 seconds.
                    
      Regenerating: 1 file(s) changed at 2026-06-12 13:48:25
                    .run/jekyll.log
                    ...done in 8.97468005 seconds.
                    
      Regenerating: 1 file(s) changed at 2026-06-12 13:48:34
                    .run/jekyll.log
                    ...done in 9.660804856 seconds.
                    
      Regenerating: 1 file(s) changed at 2026-06-12 13:48:43
                    .run/jekyll.log
                    ...done in 9.193745228 seconds.
                    
      Regenerating: 1 file(s) changed at 2026-06-12 13:48:53
                    .run/jekyll.log
                    ...done in 9.412014261 seconds.
                    
      Regenerating: 1 file(s) changed at 2026-06-12 13:49:02
                    .run/jekyll.log
                    ...done in 9.351436552 seconds.
                    
      Regenerating: 1 file(s) changed at 2026-06-12 13:49:12
                    .run/jekyll.log
                    ...done in 10.287497654 seconds.
                    
      Regenerating: 1 file(s) changed at 2026-06-12 13:49:22
                    .run/jekyll.log
                    ...done in 9.762021939 seconds.
                    
      Regenerating: 1 file(s) changed at 2026-06-12 13:49:32
                    .run/jekyll.log
                    ...done in 9.772375811 seconds.
                    
      Regenerating: 1 file(s) changed at 2026-06-12 13:49:42
                    .run/jekyll.log
                    ...done in 9.596802672 seconds.
                    
      Regenerating: 1 file(s) changed at 2026-06-12 13:49:52
                    .run/jekyll.log
                    ...done in 9.125760241 seconds.
                    
      Regenerating: 1 file(s) changed at 2026-06-12 13:50:01
                    .run/jekyll.log
                    ...done in 10.045862565 seconds.
                    
      Regenerating: 1 file(s) changed at 2026-06-12 13:50:11
                    .run/jekyll.log
                    ...done in 10.464590122 seconds.
                    
      Regenerating: 1 file(s) changed at 2026-06-12 13:50:21
                    .run/jekyll.log
                    ...done in 10.062767918 seconds.
                    
      Regenerating: 1 file(s) changed at 2026-06-12 13:50:32
                    .run/jekyll.log
                    ...done in 9.559589894 seconds.
                    
      Regenerating: 1 file(s) changed at 2026-06-12 13:50:41
                    .run/jekyll.log
                    ...done in 8.772250563 seconds.
                    
      Regenerating: 1 file(s) changed at 2026-06-12 13:50:50
                    .run/jekyll.log
                    ...done in 9.631582604 seconds.
                    
      Regenerating: 1 file(s) changed at 2026-06-12 13:51:00
                    .run/jekyll.log
                    ...done in 8.862037304 seconds.
                    
      Regenerating: 1 file(s) changed at 2026-06-12 13:51:09
                    .run/jekyll.log
                    ...done in 9.640307097 seconds.
                    
      Regenerating: 1 file(s) changed at 2026-06-12 13:51:19
                    .run/jekyll.log
                    ...done in 9.187663137 seconds.
                    
      Regenerating: 1 file(s) changed at 2026-06-12 13:51:28
                    .run/jekyll.log
                    ...done in 9.150948836 seconds.
                    
      Regenerating: 1 file(s) changed at 2026-06-12 13:51:37
                    .run/jekyll.log
                    ...done in 9.19958867 seconds.
                    
      Regenerating: 1 file(s) changed at 2026-06-12 13:51:46
                    .run/jekyll.log
                    ...done in 9.214972439 seconds.
                    
      Regenerating: 1 file(s) changed at 2026-06-12 13:51:56
                    .run/jekyll.log
                    ...done in 8.762153584 seconds.
                    
      Regenerating: 1 file(s) changed at 2026-06-12 13:52:05
                    .run/jekyll.log
                    ...done in 9.301996012 seconds.
                    
      Regenerating: 1 file(s) changed at 2026-06-12 13:52:14
                    .run/jekyll.log
                    ...done in 9.34722361 seconds.
                    
      Regenerating: 1 file(s) changed at 2026-06-12 13:52:23
                    .run/jekyll.log
                    ...done in 9.243691638 seconds.
                    
      Regenerating: 1 file(s) changed at 2026-06-12 13:52:33
                    .run/jekyll.log
                    ...done in 8.840320696 seconds.
                    
      Regenerating: 1 file(s) changed at 2026-06-12 13:52:42
                    .run/jekyll.log
                    ...done in 10.257880455 seconds.
                    
      Regenerating: 1 file(s) changed at 2026-06-12 13:52:52
                    .run/jekyll.log
                    ...done in 9.351558363 seconds.
                    
      Regenerating: 1 file(s) changed at 2026-06-12 13:53:02
                    .run/jekyll.log
                    ...done in 9.644907988 seconds.
                    
      Regenerating: 1 file(s) changed at 2026-06-12 13:53:11
                    .run/jekyll.log
                    ...done in 9.188102331 seconds.
                    
      Regenerating: 1 file(s) changed at 2026-06-12 13:53:21
                    .run/jekyll.log
                    ...done in 8.929011649 seconds.
                    
      Regenerating: 1 file(s) changed at 2026-06-12 13:53:30
                    .run/jekyll.log
                    ...done in 9.286140057 seconds.
                    
      Regenerating: 1 file(s) changed at 2026-06-12 13:53:39
                    .run/jekyll.log
                    ...done in 8.833574864 seconds.
                    
      Regenerating: 1 file(s) changed at 2026-06-12 13:53:48
                    .run/jekyll.log
                    ...done in 9.394837179 seconds.
                    
      Regenerating: 1 file(s) changed at 2026-06-12 13:53:57
                    .run/jekyll.log
                    ...done in 9.389402 seconds.
                    
      Regenerating: 1 file(s) changed at 2026-06-12 13:54:07
                    .run/jekyll.log
                    ...done in 9.728312041 seconds.
                    
      Regenerating: 1 file(s) changed at 2026-06-12 13:54:17
                    .run/jekyll.log
                    ...done in 9.723950115 seconds.
                    
      Regenerating: 1 file(s) changed at 2026-06-12 13:54:27
                    .run/jekyll.log
                    ...done in 10.692623196 seconds.
                    
      Regenerating: 1 file(s) changed at 2026-06-12 13:54:37
                    .run/jekyll.log
                    ...done in 11.058615931 seconds.
                    
      Regenerating: 1 file(s) changed at 2026-06-12 13:54:49
                    .run/jekyll.log
                    ...done in 10.644441826 seconds.
                    
      Regenerating: 1 file(s) changed at 2026-06-12 13:54:59
                    .run/jekyll.log
                    ...done in 10.117764828 seconds.
                    
      Regenerating: 1 file(s) changed at 2026-06-12 13:55:09
                    .run/jekyll.log
                    ...done in 9.70482669 seconds.
                    
      Regenerating: 1 file(s) changed at 2026-06-12 13:55:19
                    .run/jekyll.log
                    ...done in 10.433327184 seconds.
                    
      Regenerating: 1 file(s) changed at 2026-06-12 13:55:30
                    .run/jekyll.log
                    ...done in 10.018536062 seconds.
                    
      Regenerating: 1 file(s) changed at 2026-06-12 13:55:40
                    .run/jekyll.log
                    ...done in 10.91146101 seconds.
                    
      Regenerating: 1 file(s) changed at 2026-06-12 13:55:51
                    .run/jekyll.log
                    ...done in 10.062037823 seconds.
                    
      Regenerating: 1 file(s) changed at 2026-06-12 13:56:01
                    .run/jekyll.log
                    ...done in 10.92893939 seconds.
                    
      Regenerating: 1 file(s) changed at 2026-06-12 13:56:12
                    .run/jekyll.log
                    ...done in 10.623157793 seconds.
                    
      Regenerating: 1 file(s) changed at 2026-06-12 13:56:23
                    .run/jekyll.log
                    ...done in 10.890784793 seconds.
                    
      Regenerating: 1 file(s) changed at 2026-06-12 13:56:34
                    .run/jekyll.log
                    ...done in 9.862996805 seconds.
                    
      Regenerating: 1 file(s) changed at 2026-06-12 13:56:44
                    .run/jekyll.log
                    ...done in 10.602767821 seconds.
                    
      Regenerating: 1 file(s) changed at 2026-06-12 13:56:55
                    .run/jekyll.log
                    ...done in 10.206159656 seconds.
                    
      Regenerating: 2 file(s) changed at 2026-06-12 13:57:05
                    .run/jekyll.log
                    .run/tutorial_frontend.log
                    ...done in 10.145802234 seconds.
                    
      Regenerating: 1 file(s) changed at 2026-06-12 13:57:15
                    .run/jekyll.log
                    ...done in 10.087180928 seconds.
                    
      Regenerating: 1 file(s) changed at 2026-06-12 13:57:25
                    .run/jekyll.log
                    ...done in 9.936979144 seconds.
                    
      Regenerating: 1 file(s) changed at 2026-06-12 13:57:35
                    .run/jekyll.log
                    ...done in 9.997094814 seconds.
                    
      Regenerating: 1 file(s) changed at 2026-06-12 13:57:45
                    .run/jekyll.log
                    ...done in 10.117798645 seconds.
                    
      Regenerating: 1 file(s) changed at 2026-06-12 13:57:56
                    .run/jekyll.log
                    ...done in 10.010000743 seconds.
                    
      Regenerating: 1 file(s) changed at 2026-06-12 13:58:06
                    .run/jekyll.log
                    ...done in 9.905041171 seconds.
                    
      Regenerating: 1 file(s) changed at 2026-06-12 13:58:16
                    .run/jekyll.log
                    ...done in 10.220425261 seconds.
                    
      Regenerating: 1 file(s) changed at 2026-06-12 13:58:26
                    .run/jekyll.log
                    ...done in 10.492447696 seconds.
                    
      Regenerating: 1 file(s) changed at 2026-06-12 13:58:37
                    .run/jekyll.log
                    ...done in 10.085764856 seconds.
                    
      Regenerating: 1 file(s) changed at 2026-06-12 13:58:47
                    .run/jekyll.log
                    ...done in 10.784291476 seconds.
                    
      Regenerating: 1 file(s) changed at 2026-06-12 13:58:58
                    .run/jekyll.log
                    ...done in 9.797617049 seconds.
                    
      Regenerating: 1 file(s) changed at 2026-06-12 13:59:08
                    .run/jekyll.log
                    ...done in 11.06563897 seconds.
                    
      Regenerating: 1 file(s) changed at 2026-06-12 13:59:19
                    .run/jekyll.log
                    ...done in 10.569587427 seconds.
                    
      Regenerating: 1 file(s) changed at 2026-06-12 13:59:29
                    .run/jekyll.log
                    ...done in 10.646245451 seconds.
                    
      Regenerating: 1 file(s) changed at 2026-06-12 13:59:40
                    .run/jekyll.log
                    ...done in 10.529118692 seconds.
                    
      Regenerating: 1 file(s) changed at 2026-06-12 13:59:51
                    .run/jekyll.log
                    ...done in 10.067837067 seconds.
                    
      Regenerating: 1 file(s) changed at 2026-06-12 14:00:01
                    .run/jekyll.log
                    ...done in 9.996979696 seconds.
                    
      Regenerating: 1 file(s) changed at 2026-06-12 14:00:11
                    .run/jekyll.log
                    ...done in 11.16479633 seconds.
                    
      Regenerating: 1 file(s) changed at 2026-06-12 14:00:22
                    .run/jekyll.log
                    ...done in 10.161383647 seconds.
                    
      Regenerating: 1 file(s) changed at 2026-06-12 14:00:33
                    .run/jekyll.log
                    ...done in 9.562654412 seconds.
                    
      Regenerating: 1 file(s) changed at 2026-06-12 14:00:42
                    .run/jekyll.log
                    ...done in 10.521223525 seconds.
                    
      Regenerating: 1 file(s) changed at 2026-06-12 14:00:53
                    .run/jekyll.log
                    ...done in 10.534671604 seconds.
                    
      Regenerating: 1 file(s) changed at 2026-06-12 14:01:04
                    .run/jekyll.log
                    ...done in 9.590230745 seconds.
                    
      Regenerating: 1 file(s) changed at 2026-06-12 14:01:13
                    .run/jekyll.log
                    ...done in 10.354148173 seconds.
                    
      Regenerating: 1 file(s) changed at 2026-06-12 14:01:24
                    .run/jekyll.log
                    ...done in 9.848625944 seconds.
                    
      Regenerating: 1 file(s) changed at 2026-06-12 14:01:34
                    .run/jekyll.log
                    ...done in 9.447316609 seconds.
                    
      Regenerating: 1 file(s) changed at 2026-06-12 14:01:43
                    .run/jekyll.log
                    ...done in 11.192262157 seconds.
                    
      Regenerating: 1 file(s) changed at 2026-06-12 14:01:54
                    .run/jekyll.log
                    ...done in 9.971349697 seconds.
                    
      Regenerating: 1 file(s) changed at 2026-06-12 14:02:05
                    .run/jekyll.log
                    ...done in 9.892402526 seconds.
                    
      Regenerating: 1 file(s) changed at 2026-06-12 14:02:15
                    .run/jekyll.log
                    ...done in 10.299052697 seconds.
                    
      Regenerating: 1 file(s) changed at 2026-06-12 14:02:25
                    .run/jekyll.log
                    ...done in 9.998457897 seconds.
                    
      Regenerating: 1 file(s) changed at 2026-06-12 14:02:35
                    .run/jekyll.log
                    ...done in 10.518029908 seconds.
                    
      Regenerating: 1 file(s) changed at 2026-06-12 14:02:46
                    .run/jekyll.log
                    ...done in 10.170593403 seconds.
                    
      Regenerating: 1 file(s) changed at 2026-06-12 14:02:56
                    .run/jekyll.log
                    ...done in 10.624194411 seconds.
                    
      Regenerating: 1 file(s) changed at 2026-06-12 14:03:07
                    .run/jekyll.log
                    ...done in 10.987963959 seconds.
                    
      Regenerating: 1 file(s) changed at 2026-06-12 14:03:18
                    .run/jekyll.log
                    ...done in 10.17252092 seconds.
                    
      Regenerating: 1 file(s) changed at 2026-06-12 14:03:28
                    .run/jekyll.log
                    ...done in 10.153782269 seconds.
                    
      Regenerating: 1 file(s) changed at 2026-06-12 14:03:38
                    .run/jekyll.log
                    ...done in 10.718897184 seconds.
                    
      Regenerating: 1 file(s) changed at 2026-06-12 14:03:49
                    .run/jekyll.log
                    ...done in 11.078574498 seconds.
                    
      Regenerating: 1 file(s) changed at 2026-06-12 14:04:00
                    .run/jekyll.log
                    ...done in 9.757981548 seconds.
                    
      Regenerating: 1 file(s) changed at 2026-06-12 14:04:10
                    .run/jekyll.log
                    ...done in 9.901537598 seconds.
                    
      Regenerating: 1 file(s) changed at 2026-06-12 14:04:20
                    .run/jekyll.log
                    ...done in 9.780584916 seconds.
                    
      Regenerating: 1 file(s) changed at 2026-06-12 14:04:30
                    .run/jekyll.log
                    ...done in 10.147494272 seconds.
                    
      Regenerating: 1 file(s) changed at 2026-06-12 14:04:40
                    .run/jekyll.log
                    ...done in 10.19946255 seconds.
                    
      Regenerating: 1 file(s) changed at 2026-06-12 14:04:51
                    .run/jekyll.log
                    ...done in 10.745698732 seconds.
                    
      Regenerating: 1 file(s) changed at 2026-06-12 14:05:01
                    .run/jekyll.log
                    ...done in 9.76977031 seconds.
                    
      Regenerating: 1 file(s) changed at 2026-06-12 14:05:11
                    .run/jekyll.log
                    ...done in 10.009566187 seconds.
                    
      Regenerating: 1 file(s) changed at 2026-06-12 14:05:21
                    .run/jekyll.log
                    ...done in 10.523641075 seconds.
                    
      Regenerating: 1 file(s) changed at 2026-06-12 14:05:32
                    .run/jekyll.log
                    ...done in 9.936128774 seconds.
                    
      Regenerating: 1 file(s) changed at 2026-06-12 14:05:42
                    .run/jekyll.log
                    ...done in 11.093875404 seconds.
                    
      Regenerating: 1 file(s) changed at 2026-06-12 14:05:53
                    .run/jekyll.log
                    ...done in 10.350345737 seconds.
                    
      Regenerating: 1 file(s) changed at 2026-06-12 14:06:04
                    .run/jekyll.log
                    ...done in 11.172261214 seconds.
                    
      Regenerating: 1 file(s) changed at 2026-06-12 14:06:15
                    .run/jekyll.log
                    ...done in 10.462954935 seconds.
                    
      Regenerating: 1 file(s) changed at 2026-06-12 14:06:26
                    .run/jekyll.log
                    ...done in 10.392490906 seconds.
                    
      Regenerating: 1 file(s) changed at 2026-06-12 14:06:36
                    .run/jekyll.log
                    ...done in 10.084980979 seconds.
                    
      Regenerating: 1 file(s) changed at 2026-06-12 14:06:46
                    .run/jekyll.log
                    ...done in 10.995154355 seconds.
                    
      Regenerating: 1 file(s) changed at 2026-06-12 14:06:57
                    .run/jekyll.log
                    ...done in 9.491848019 seconds.
                    
      Regenerating: 1 file(s) changed at 2026-06-12 14:07:07
                    .run/jekyll.log
                    ...done in 9.884791852 seconds.
                    
      Regenerating: 1 file(s) changed at 2026-06-12 14:07:17
                    .run/jekyll.log
                    ...done in 9.32096141 seconds.
                    
      Regenerating: 1 file(s) changed at 2026-06-12 14:07:26
                    .run/jekyll.log
                    ...done in 10.657576843 seconds.
                    
      Regenerating: 1 file(s) changed at 2026-06-12 14:07:37
                    .run/jekyll.log
                    ...done in 10.138278998 seconds.
                    
      Regenerating: 1 file(s) changed at 2026-06-12 14:07:47
                    .run/jekyll.log
                    ...done in 10.293993142 seconds.
                    
      Regenerating: 2 file(s) changed at 2026-06-12 14:07:58
                    .run/jekyll.log
                    .run/tutorial_frontend.log
                    ...done in 9.833699537 seconds.
                    
      Regenerating: 2 file(s) changed at 2026-06-12 14:08:08
                    .run/jekyll.log
                    .run/tutorial_frontend.log
                    ...done in 9.70884018 seconds.
                    
      Regenerating: 1 file(s) changed at 2026-06-12 14:08:17
                    .run/jekyll.log
                    ...done in 11.562989964 seconds.
                    
      Regenerating: 1 file(s) changed at 2026-06-12 14:08:29
                    .run/jekyll.log
                    ...done in 10.431658167 seconds.
                    
      Regenerating: 1 file(s) changed at 2026-06-12 14:08:40
                    .run/jekyll.log
                    ...done in 11.412931084 seconds.
                    
      Regenerating: 1 file(s) changed at 2026-06-12 14:08:51
                    .run/jekyll.log
                    ...done in 10.174289056 seconds.
                    
      Regenerating: 1 file(s) changed at 2026-06-12 14:09:01
                    .run/jekyll.log
                    ...done in 9.368746191 seconds.
                    
      Regenerating: 1 file(s) changed at 2026-06-12 14:09:11
                    .run/jekyll.log
                    ...done in 8.996857294 seconds.
                    
      Regenerating: 1 file(s) changed at 2026-06-12 14:09:20
                    .run/jekyll.log
                    ...done in 10.239554783 seconds.
                    
      Regenerating: 1 file(s) changed at 2026-06-12 14:09:30
                    .run/jekyll.log
                    ...done in 9.964478747 seconds.
                    
      Regenerating: 1 file(s) changed at 2026-06-12 14:09:40
                    .run/jekyll.log
                    ...done in 9.658457827 seconds.
                    
      Regenerating: 2 file(s) changed at 2026-06-12 14:09:50
                    .run/jekyll.log
                    .run/tutorial_frontend.log
                    ...done in 10.140552156 seconds.
                    
      Regenerating: 1 file(s) changed at 2026-06-12 14:10:00
                    .run/jekyll.log
                    ...done in 9.496707956 seconds.
                    
      Regenerating: 1 file(s) changed at 2026-06-12 14:10:10
                    .run/jekyll.log
                    ...done in 9.025953199 seconds.
                    
      Regenerating: 1 file(s) changed at 2026-06-12 14:10:19
                    .run/jekyll.log
                    ...done in 9.564596297 seconds.
                    
      Regenerating: 1 file(s) changed at 2026-06-12 14:10:29
                    .run/jekyll.log
                    ...done in 9.708579218 seconds.
                    
      Regenerating: 1 file(s) changed at 2026-06-12 14:10:39
                    .run/jekyll.log
                    ...done in 9.045056835 seconds.
                    
      Regenerating: 1 file(s) changed at 2026-06-12 14:10:48
                    .run/jekyll.log
                    ...done in 9.330756141 seconds.
                    
      Regenerating: 1 file(s) changed at 2026-06-12 14:10:57
                    .run/jekyll.log
                    ...done in 8.908619052 seconds.
                    
      Regenerating: 1 file(s) changed at 2026-06-12 14:11:06
                    .run/jekyll.log
                    ...done in 9.492852526 seconds.
                    
      Regenerating: 1 file(s) changed at 2026-06-12 14:11:16
                    .run/jekyll.log
                    ...done in 9.40288239 seconds.
                    
      Regenerating: 1 file(s) changed at 2026-06-12 14:11:25
                    .run/jekyll.log
                    ...done in 9.424402359 seconds.
                    
      Regenerating: 1 file(s) changed at 2026-06-12 14:11:35
                    .run/jekyll.log
                    ...done in 9.496623561 seconds.
                    
      Regenerating: 1 file(s) changed at 2026-06-12 14:11:44
                    .run/jekyll.log
                    ...done in 9.637971574 seconds.
                    
      Regenerating: 1 file(s) changed at 2026-06-12 14:11:54
                    .run/jekyll.log
                    ...done in 9.481633178 seconds.
                    
      Regenerating: 1 file(s) changed at 2026-06-12 14:12:04
                    .run/jekyll.log
                    ...done in 9.064707585 seconds.
                    
      Regenerating: 1 file(s) changed at 2026-06-12 14:12:13
                    .run/jekyll.log
                    ...done in 9.537637702 seconds.
                    
      Regenerating: 1 file(s) changed at 2026-06-12 14:12:23
                    .run/jekyll.log
                    ...done in 10.180182566 seconds.
                    
      Regenerating: 1 file(s) changed at 2026-06-12 14:12:33
                    .run/jekyll.log
                    ...done in 9.471775614 seconds.
                    
      Regenerating: 1 file(s) changed at 2026-06-12 14:12:42
                    .run/jekyll.log
                    ...done in 10.205291958 seconds.
                    
      Regenerating: 1 file(s) changed at 2026-06-12 14:12:53
                    .run/jekyll.log
                    ...done in 9.291685881 seconds.
                    
      Regenerating: 1 file(s) changed at 2026-06-12 14:13:02
                    .run/jekyll.log
                    ...done in 10.093053343 seconds.
                    
      Regenerating: 1 file(s) changed at 2026-06-12 14:13:12
                    .run/jekyll.log
                    ...done in 9.031050102 seconds.
                    
      Regenerating: 1 file(s) changed at 2026-06-12 14:13:21
                    .run/jekyll.log
                    ...done in 9.616879368 seconds.
                    
      Regenerating: 1 file(s) changed at 2026-06-12 14:13:31
                    .run/jekyll.log
                    ...done in 9.717879764 seconds.
                    
      Regenerating: 1 file(s) changed at 2026-06-12 14:13:41
                    .run/jekyll.log
                    ...done in 9.322363168 seconds.
                    
      Regenerating: 1 file(s) changed at 2026-06-12 14:13:50
                    .run/jekyll.log
                    ...done in 10.814557719 seconds.
                    
      Regenerating: 1 file(s) changed at 2026-06-12 14:14:01
                    .run/jekyll.log
                    ...done in 9.442422799 seconds.
                    
      Regenerating: 1 file(s) changed at 2026-06-12 14:14:11
                    .run/jekyll.log
                    ...done in 9.411368706 seconds.
                    
      Regenerating: 1 file(s) changed at 2026-06-12 14:14:20
                    .run/jekyll.log
                    ...done in 9.935974347 seconds.
                    
      Regenerating: 1 file(s) changed at 2026-06-12 14:14:30
                    .run/jekyll.log
                    ...done in 8.864773505 seconds.
                    
      Regenerating: 1 file(s) changed at 2026-06-12 14:14:39
                    .run/jekyll.log
                    ...done in 9.00369329 seconds.
                    
      Regenerating: 1 file(s) changed at 2026-06-12 14:14:48
                    .run/jekyll.log
                    ...done in 9.456929768 seconds.
                    
      Regenerating: 1 file(s) changed at 2026-06-12 14:14:58
                    .run/jekyll.log
                    ...done in 9.94321499 seconds.
                    
      Regenerating: 1 file(s) changed at 2026-06-12 14:15:08
                    .run/jekyll.log
                    ...done in 9.42063955 seconds.
                    
      Regenerating: 1 file(s) changed at 2026-06-12 14:15:18
                    .run/jekyll.log
                    ...done in 9.386134898 seconds.
                    
      Regenerating: 1 file(s) changed at 2026-06-12 14:15:27
                    .run/jekyll.log
                    ...done in 9.650936905 seconds.
                    
      Regenerating: 1 file(s) changed at 2026-06-12 14:15:37
                    .run/jekyll.log
                    ...done in 9.492036163 seconds.
                    
      Regenerating: 1 file(s) changed at 2026-06-12 14:15:46
                    .run/jekyll.log
                    ...done in 9.565055937 seconds.
                    
      Regenerating: 1 file(s) changed at 2026-06-12 14:15:56
                    .run/jekyll.log
                    ...done in 9.528019235 seconds.
                    
      Regenerating: 1 file(s) changed at 2026-06-12 14:16:06
                    .run/jekyll.log
                    ...done in 9.067020236 seconds.
                    
      Regenerating: 1 file(s) changed at 2026-06-12 14:16:15
                    .run/jekyll.log
                    ...done in 9.530039152 seconds.
                    
      Regenerating: 1 file(s) changed at 2026-06-12 14:16:24
                    .run/jekyll.log
                    ...done in 9.154744416 seconds.
                    
      Regenerating: 1 file(s) changed at 2026-06-12 14:16:34
                    .run/jekyll.log
                    ...done in 9.977387269 seconds.
                    
      Regenerating: 1 file(s) changed at 2026-06-12 14:16:44
                    .run/jekyll.log
                    ...done in 9.106549864 seconds.
                    
      Regenerating: 1 file(s) changed at 2026-06-12 14:16:53
                    .run/jekyll.log
                    ...done in 9.578919977 seconds.
                    
      Regenerating: 1 file(s) changed at 2026-06-12 14:17:03
                    .run/jekyll.log
                    ...done in 9.236233467 seconds.
                    
      Regenerating: 1 file(s) changed at 2026-06-12 14:17:12
                    .run/jekyll.log
                    ...done in 10.690202213 seconds.
                    
      Regenerating: 1 file(s) changed at 2026-06-12 14:17:23
                    .run/jekyll.log
                    ...done in 9.697668354 seconds.
                    
      Regenerating: 1 file(s) changed at 2026-06-12 14:17:33
                    .run/jekyll.log
                    ...done in 9.502039392 seconds.
                    
      Regenerating: 1 file(s) changed at 2026-06-12 14:17:42
                    .run/jekyll.log
                    ...done in 10.025319675 seconds.
                    
      Regenerating: 1 file(s) changed at 2026-06-12 14:17:52
                    .run/jekyll.log
                    ...done in 9.074492401 seconds.
                    
      Regenerating: 1 file(s) changed at 2026-06-12 14:18:02
                    .run/jekyll.log
                    ...done in 9.887412952 seconds.
                    
      Regenerating: 1 file(s) changed at 2026-06-12 14:18:12
                    .run/jekyll.log
                    ...done in 9.507542885 seconds.
                    
      Regenerating: 1 file(s) changed at 2026-06-12 14:18:21
                    .run/jekyll.log
                    ...done in 9.040703887 seconds.
                    
      Regenerating: 1 file(s) changed at 2026-06-12 14:18:30
                    .run/jekyll.log
                    ...done in 9.963136794 seconds.
                    
      Regenerating: 1 file(s) changed at 2026-06-12 14:18:40
                    .run/jekyll.log
                    ...done in 9.558971513 seconds.
                    
      Regenerating: 1 file(s) changed at 2026-06-12 14:18:50
                    .run/jekyll.log
                    ...done in 9.555453369 seconds.
                    
      Regenerating: 1 file(s) changed at 2026-06-12 14:19:00
                    .run/jekyll.log
                    ...done in 9.562015672 seconds.
                    
      Regenerating: 1 file(s) changed at 2026-06-12 14:19:09
                    .run/jekyll.log
                    ...done in 9.543156292 seconds.
                    
      Regenerating: 1 file(s) changed at 2026-06-12 14:19:19
                    .run/jekyll.log
                    ...done in 9.604887722 seconds.
                    
      Regenerating: 1 file(s) changed at 2026-06-12 14:19:29
                    .run/jekyll.log
                    ...done in 9.533967438 seconds.
                    
      Regenerating: 1 file(s) changed at 2026-06-12 14:19:38
                    .run/jekyll.log
                    ...done in 9.512390929 seconds.
                    
      Regenerating: 1 file(s) changed at 2026-06-12 14:19:48
                    .run/jekyll.log
                    ...done in 9.039205962 seconds.
                    
      Regenerating: 1 file(s) changed at 2026-06-12 14:19:57
                    .run/jekyll.log
                    ...done in 9.529374921 seconds.
                    
      Regenerating: 1 file(s) changed at 2026-06-12 14:20:07
                    .run/jekyll.log
                    ...done in 9.118497164 seconds.
                    
      Regenerating: 1 file(s) changed at 2026-06-12 14:20:16
                    .run/jekyll.log
                    ...done in 9.507041465 seconds.
                    
      Regenerating: 1 file(s) changed at 2026-06-12 14:20:25
                    .run/jekyll.log
                    ...done in 9.683238523 seconds.
                    
      Regenerating: 1 file(s) changed at 2026-06-12 14:20:35
                    .run/jekyll.log
                    ...done in 9.645697403 seconds.
                    
      Regenerating: 1 file(s) changed at 2026-06-12 14:20:45
                    .run/jekyll.log
                    ...done in 9.51108771 seconds.
                    
      Regenerating: 1 file(s) changed at 2026-06-12 14:20:55
                    .run/jekyll.log
                    ...done in 9.542306353 seconds.
                    
      Regenerating: 1 file(s) changed at 2026-06-12 14:21:04
                    .run/jekyll.log
                    ...done in 9.471504048 seconds.
                    
      Regenerating: 1 file(s) changed at 2026-06-12 14:21:14
                    .run/jekyll.log
                    ...done in 9.50713705 seconds.
                    
      Regenerating: 1 file(s) changed at 2026-06-12 14:21:23
                    .run/jekyll.log
                    ...done in 9.084550172 seconds.
                    
      Regenerating: 1 file(s) changed at 2026-06-12 14:21:33
                    .run/jekyll.log
                    ...done in 9.479435812 seconds.
                    
      Regenerating: 1 file(s) changed at 2026-06-12 14:21:42
                    .run/jekyll.log
                    ...done in 9.446911263 seconds.
                    
      Regenerating: 1 file(s) changed at 2026-06-12 14:21:52
                    .run/jekyll.log
                    ...done in 9.103919461 seconds.
                    
      Regenerating: 1 file(s) changed at 2026-06-12 14:22:01
                    .run/jekyll.log
                    ...done in 9.950064843 seconds.
                    
      Regenerating: 1 file(s) changed at 2026-06-12 14:22:11
                    .run/jekyll.log
                    ...done in 8.998983648 seconds.
                    
      Regenerating: 1 file(s) changed at 2026-06-12 14:22:20
                    .run/jekyll.log
                    ...done in 9.486112793 seconds.
                    
      Regenerating: 1 file(s) changed at 2026-06-12 14:22:30
                    .run/jekyll.log
                    ...done in 10.010635843 seconds.
                    
      Regenerating: 1 file(s) changed at 2026-06-12 14:22:40
                    .run/jekyll.log
                    ...done in 9.628626815 seconds.
                    
      Regenerating: 1 file(s) changed at 2026-06-12 14:22:50
                    .run/jekyll.log
                    ...done in 9.091622851 seconds.
                    
      Regenerating: 1 file(s) changed at 2026-06-12 14:22:59
                    .run/jekyll.log
                    ...done in 9.967672414 seconds.
                    
      Regenerating: 1 file(s) changed at 2026-06-12 14:23:09
                    .run/jekyll.log
                    ...done in 9.472039065 seconds.
                    
      Regenerating: 1 file(s) changed at 2026-06-12 14:23:18
                    .run/jekyll.log
                    ...done in 9.587795817 seconds.
                    
      Regenerating: 1 file(s) changed at 2026-06-12 14:23:28
                    .run/jekyll.log
                    ...done in 9.02240871 seconds.
                    
      Regenerating: 1 file(s) changed at 2026-06-12 14:23:37
                    .run/jekyll.log
                    ...done in 10.177409873 seconds.
                    
      Regenerating: 1 file(s) changed at 2026-06-12 14:23:47
                    .run/jekyll.log
                    ...done in 9.774649963 seconds.
                    
      Regenerating: 1 file(s) changed at 2026-06-12 14:23:57
                    .run/jekyll.log
                    ...done in 10.149895928 seconds.
                    
      Regenerating: 1 file(s) changed at 2026-06-12 14:24:08
                    .run/jekyll.log
                    ...done in 8.957107519 seconds.
                    
      Regenerating: 1 file(s) changed at 2026-06-12 14:24:17
                    .run/jekyll.log
                    ...done in 10.00790221 seconds.
                    
      Regenerating: 1 file(s) changed at 2026-06-12 14:24:27
                    .run/jekyll.log
                    ...done in 9.440390861 seconds.
                    
      Regenerating: 1 file(s) changed at 2026-06-12 14:24:36
                    .run/jekyll.log
                    ...done in 9.487404059 seconds.
                    
      Regenerating: 1 file(s) changed at 2026-06-12 14:24:46
                    .run/jekyll.log
                    ...done in 9.467976216 seconds.
                    
      Regenerating: 1 file(s) changed at 2026-06-12 14:24:55
                    .run/jekyll.log
                    ...done in 9.474554017 seconds.
                    
      Regenerating: 1 file(s) changed at 2026-06-12 14:25:05
                    .run/jekyll.log
                    ...done in 9.491998466 seconds.
                    
      Regenerating: 1 file(s) changed at 2026-06-12 14:25:15
                    .run/jekyll.log
                    ...done in 9.678949778 seconds.
                    
      Regenerating: 1 file(s) changed at 2026-06-12 14:25:24
                    .run/jekyll.log
                    ...done in 9.236634552 seconds.
                    
      Regenerating: 1 file(s) changed at 2026-06-12 14:25:34
                    .run/jekyll.log
                    ...done in 10.378681163 seconds.
                    
      Regenerating: 1 file(s) changed at 2026-06-12 14:25:44
                    .run/jekyll.log
                    ...done in 9.908094334 seconds.
                    
      Regenerating: 1 file(s) changed at 2026-06-12 14:25:54
                    .run/jekyll.log
                    ...done in 10.505656319 seconds.
                    
      Regenerating: 1 file(s) changed at 2026-06-12 14:26:05
                    .run/jekyll.log
                    ...done in 9.885889414 seconds.
                    
      Regenerating: 1 file(s) changed at 2026-06-12 14:26:15
                    .run/jekyll.log
                    ...done in 9.07595534 seconds.
                    
      Regenerating: 1 file(s) changed at 2026-06-12 14:26:24
                    .run/jekyll.log
                    ...done in 9.996991783 seconds.
                    
      Regenerating: 1 file(s) changed at 2026-06-12 14:26:34
                    .run/jekyll.log
                    ...done in 9.564213113 seconds.
                    
      Regenerating: 1 file(s) changed at 2026-06-12 14:26:44
                    .run/jekyll.log
                    ...done in 9.593780931 seconds.
                    
      Regenerating: 1 file(s) changed at 2026-06-12 14:26:53
                    .run/jekyll.log
                    ...done in 9.514782856 seconds.
                    
      Regenerating: 1 file(s) changed at 2026-06-12 14:27:03
                    .run/jekyll.log
                    ...done in 9.038992751 seconds.
                    
      Regenerating: 1 file(s) changed at 2026-06-12 14:27:12
                    .run/jekyll.log
                    ...done in 9.717675082 seconds.
                    
      Regenerating: 1 file(s) changed at 2026-06-12 14:27:22
                    .run/jekyll.log
                    ...done in 9.092866439 seconds.
                    
      Regenerating: 1 file(s) changed at 2026-06-12 14:27:31
                    .run/jekyll.log
                    ...done in 10.192097786 seconds.
                    
      Regenerating: 1 file(s) changed at 2026-06-12 14:27:42
                    .run/jekyll.log
                    ...done in 9.199929872 seconds.
                    
      Regenerating: 2 file(s) changed at 2026-06-12 14:27:51
                    .run/jekyll.log
                    .run/tutorial_frontend.log
                    ...done in 10.277808371 seconds.
                    
      Regenerating: 1 file(s) changed at 2026-06-12 14:28:01
                    .run/jekyll.log
                    ...done in 9.652122755 seconds.
                    
      Regenerating: 1 file(s) changed at 2026-06-12 14:28:11
                    .run/jekyll.log
                    ...done in 9.865981514 seconds.
                    
      Regenerating: 1 file(s) changed at 2026-06-12 14:28:21
                    .run/jekyll.log
                    ...done in 10.743078996 seconds.
                    
      Regenerating: 1 file(s) changed at 2026-06-12 14:28:32
                    .run/jekyll.log
                    ...done in 11.013241158 seconds.
                    
      Regenerating: 1 file(s) changed at 2026-06-12 14:28:43
                    .run/jekyll.log
                    ...done in 10.790932193 seconds.
                    
      Regenerating: 1 file(s) changed at 2026-06-12 14:28:54
                    .run/jekyll.log
                    ...done in 9.917956888 seconds.
                    
      Regenerating: 1 file(s) changed at 2026-06-12 14:29:04
                    .run/jekyll.log
                    ...done in 9.733095783 seconds.
                    
      Regenerating: 1 file(s) changed at 2026-06-12 14:29:14
                    .run/jekyll.log
                    ...done in 9.738464053 seconds.
                    
      Regenerating: 1 file(s) changed at 2026-06-12 14:29:23
                    .run/jekyll.log
                    ...done in 9.305941261 seconds.
                    
      Regenerating: 1 file(s) changed at 2026-06-12 14:29:33
                    .run/jekyll.log
                    ...done in 10.195224391 seconds.
                    
      Regenerating: 1 file(s) changed at 2026-06-12 14:29:43
                    .run/jekyll.log
                    ...done in 9.505990196 seconds.
                    
      Regenerating: 2 file(s) changed at 2026-06-12 14:29:53
                    .run/jekyll.log
                    .run/tutorial_frontend.log
                    ...done in 9.512823981 seconds.
                    
      Regenerating: 2 file(s) changed at 2026-06-12 14:30:02
                    .run/jekyll.log
                    .run/tutorial_frontend.log
                    ...done in 9.618595238 seconds.
                    
      Regenerating: 1 file(s) changed at 2026-06-12 14:30:12
                    .run/jekyll.log
                    ...done in 9.884849775 seconds.
                    
      Regenerating: 1 file(s) changed at 2026-06-12 14:30:22
                    .run/jekyll.log
                    ...done in 9.949932316 seconds.
                    
      Regenerating: 1 file(s) changed at 2026-06-12 14:30:32
                    .run/jekyll.log
                    ...done in 9.687138901 seconds.
                    
      Regenerating: 1 file(s) changed at 2026-06-12 14:30:42
                    .run/jekyll.log
                    ...done in 9.740744622 seconds.
                    
      Regenerating: 1 file(s) changed at 2026-06-12 14:30:52
                    .run/jekyll.log
                    ...done in 9.33372608 seconds.
                    
      Regenerating: 1 file(s) changed at 2026-06-12 14:31:01
                    .run/jekyll.log
                    ...done in 9.528883154 seconds.
                    
      Regenerating: 2 file(s) changed at 2026-06-12 14:31:11
                    .run/jekyll.log
                    .run/tutorial_frontend.log
                    ...done in 9.630926039 seconds.
                    
      Regenerating: 1 file(s) changed at 2026-06-12 14:31:21
                    .run/jekyll.log
                    ...done in 9.68187401 seconds.
                    
      Regenerating: 1 file(s) changed at 2026-06-12 14:31:30
                    .run/jekyll.log
                    ...done in 9.139692473 seconds.
                    
      Regenerating: 1 file(s) changed at 2026-06-12 14:31:40
                    .run/jekyll.log
                    ...done in 11.019595859 seconds.
                    
      Regenerating: 1 file(s) changed at 2026-06-12 14:31:51
                    .run/jekyll.log
                    ...done in 9.560822499 seconds.
                    
      Regenerating: 1 file(s) changed at 2026-06-12 14:32:00
                    .run/jekyll.log
                    ...done in 9.461020222 seconds.
                    
      Regenerating: 1 file(s) changed at 2026-06-12 14:32:10
                    .run/jekyll.log
                    ...done in 9.450259289 seconds.
                    
      Regenerating: 1 file(s) changed at 2026-06-12 14:32:19
                    .run/jekyll.log
                    ...done in 8.9646249 seconds.
                    
      Regenerating: 1 file(s) changed at 2026-06-12 14:32:29
                    .run/jekyll.log
                    ...done in 9.551381842 seconds.
                    
      Regenerating: 2 file(s) changed at 2026-06-12 14:32:38
                    .run/jekyll.log
                    .run/tutorial_frontend.log
                    ...done in 9.087128162 seconds.
                    
      Regenerating: 1 file(s) changed at 2026-06-12 14:32:47
                    .run/jekyll.log
                    ...done in 10.244385739 seconds.
                    
      Regenerating: 1 file(s) changed at 2026-06-12 14:32:58
                    .run/jekyll.log
                    ...done in 9.195345805 seconds.
                    
      Regenerating: 1 file(s) changed at 2026-06-12 14:33:07
                    .run/jekyll.log
                    ...done in 9.817761786 seconds.
                    
      Regenerating: 1 file(s) changed at 2026-06-12 14:33:17
                    .run/jekyll.log
                    ...done in 9.640998702 seconds.
                    
      Regenerating: 1 file(s) changed at 2026-06-12 14:33:27
                    .run/jekyll.log
                    ...done in 10.313933841 seconds.
                    
      Regenerating: 1 file(s) changed at 2026-06-12 14:33:37
                    .run/jekyll.log
                    ...done in 9.623728112 seconds.
                    
      Regenerating: 1 file(s) changed at 2026-06-12 14:33:47
                    .run/jekyll.log
                    ...done in 9.345335366 seconds.
                    
      Regenerating: 1 file(s) changed at 2026-06-12 14:33:56
                    .run/jekyll.log
                    ...done in 10.295053403 seconds.
                    
      Regenerating: 1 file(s) changed at 2026-06-12 14:34:07
                    .run/jekyll.log
                    ...done in 9.142563732 seconds.
                    
      Regenerating: 1 file(s) changed at 2026-06-12 14:34:16
                    .run/jekyll.log
                    ...done in 10.904363212 seconds.
                    
      Regenerating: 1 file(s) changed at 2026-06-12 14:34:27
                    .run/jekyll.log
                    ...done in 9.75690673 seconds.
                    
      Regenerating: 1 file(s) changed at 2026-06-12 14:34:37
                    .run/jekyll.log
                    ...done in 9.735548092 seconds.
                    
      Regenerating: 1 file(s) changed at 2026-06-12 14:34:47
                    .run/jekyll.log
                    ...done in 9.684848518 seconds.
                    
      Regenerating: 1 file(s) changed at 2026-06-12 14:34:56
                    .run/jekyll.log
                    ...done in 9.339826989 seconds.
                    
      Regenerating: 1 file(s) changed at 2026-06-12 14:35:06
                    .run/jekyll.log
                    ...done in 9.783979463 seconds.
                    
      Regenerating: 1 file(s) changed at 2026-06-12 14:35:16
                    .run/jekyll.log
                    ...done in 10.065518932 seconds.
                    
      Regenerating: 1 file(s) changed at 2026-06-12 14:35:26
                    .run/jekyll.log
                    ...done in 9.629605243 seconds.
                    
      Regenerating: 1 file(s) changed at 2026-06-12 14:35:36
                    .run/jekyll.log
                    ...done in 9.340967599 seconds.
                    
      Regenerating: 1 file(s) changed at 2026-06-12 14:35:45
                    .run/jekyll.log
                    ...done in 10.836792681 seconds.
                    
      Regenerating: 1 file(s) changed at 2026-06-12 14:35:56
                    .run/jekyll.log
                    ...done in 9.726573436 seconds.
                    
      Regenerating: 1 file(s) changed at 2026-06-12 14:36:06
                    .run/jekyll.log
                    ...done in 9.137988178 seconds.
                    
      Regenerating: 1 file(s) changed at 2026-06-12 14:36:15
                    .run/jekyll.log
                    ...done in 10.226709919 seconds.
                    
      Regenerating: 1 file(s) changed at 2026-06-12 14:36:25
                    .run/jekyll.log
                    ...done in 9.617694114 seconds.
                    
      Regenerating: 1 file(s) changed at 2026-06-12 14:36:35
                    .run/jekyll.log
                    ...done in 9.586865043 seconds.
                    
      Regenerating: 1 file(s) changed at 2026-06-12 14:36:45
                    .run/jekyll.log
                    ...done in 9.108171259 seconds.
                    
      Regenerating: 1 file(s) changed at 2026-06-12 14:36:54
                    .run/jekyll.log
                    ...done in 10.084093847 seconds.
                    
      Regenerating: 1 file(s) changed at 2026-06-12 14:37:04
                    .run/jekyll.log
                    ...done in 9.1149098 seconds.
                    
      Regenerating: 1 file(s) changed at 2026-06-12 14:37:13
                    .run/jekyll.log
                    ...done in 9.710887908 seconds.
                    
      Regenerating: 1 file(s) changed at 2026-06-12 14:37:23
                    .run/jekyll.log
                    ...done in 8.976112413 seconds.
                    
      Regenerating: 1 file(s) changed at 2026-06-12 14:37:32
                    .run/jekyll.log
                    ...done in 10.047853133 seconds.
                    
      Regenerating: 1 file(s) changed at 2026-06-12 14:37:42
                    .run/jekyll.log
                    ...done in 10.292106623 seconds.
                    
      Regenerating: 1 file(s) changed at 2026-06-12 14:37:53
                    .run/jekyll.log
                    ...done in 9.905389982 seconds.
                    
      Regenerating: 1 file(s) changed at 2026-06-12 14:38:03
                    .run/jekyll.log
                    ...done in 9.834696705 seconds.
                    
      Regenerating: 1 file(s) changed at 2026-06-12 14:38:13
                    .run/jekyll.log
                    ...done in 9.320465468 seconds.
                    
      Regenerating: 1 file(s) changed at 2026-06-12 14:38:22
                    .run/jekyll.log
                    ...done in 10.418521847 seconds.
                    
      Regenerating: 1 file(s) changed at 2026-06-12 14:38:33
                    .run/jekyll.log
                    ...done in 10.16862102 seconds.
                    
      Regenerating: 1 file(s) changed at 2026-06-12 14:38:43
                    .run/jekyll.log
                    ...done in 9.663468988 seconds.
                    
      Regenerating: 1 file(s) changed at 2026-06-12 14:38:53
                    .run/jekyll.log
                    ...done in 9.046439417 seconds.
                    
      Regenerating: 1 file(s) changed at 2026-06-12 14:39:02
                    .run/jekyll.log
                    ...done in 10.089312994 seconds.
                    
      Regenerating: 1 file(s) changed at 2026-06-12 14:39:12
                    .run/jekyll.log
                    ...done in 10.144807818 seconds.
                    
      Regenerating: 1 file(s) changed at 2026-06-12 14:39:22
                    .run/jekyll.log
                    ...done in 9.591566196 seconds.
                    
      Regenerating: 1 file(s) changed at 2026-06-12 14:39:32
                    .run/jekyll.log
                    ...done in 9.172432757 seconds.
                    
      Regenerating: 1 file(s) changed at 2026-06-12 14:39:41
                    .run/jekyll.log
                    ...done in 9.671948721 seconds.
                    
      Regenerating: 1 file(s) changed at 2026-06-12 14:39:51
                    .run/jekyll.log
                    ...done in 9.75256478 seconds.
                    
      Regenerating: 1 file(s) changed at 2026-06-12 14:40:01
                    .run/jekyll.log
                    ...done in 9.730540185 seconds.
                    
      Regenerating: 1 file(s) changed at 2026-06-12 14:40:11
                    .run/jekyll.log
                    ...done in 9.388044087 seconds.
                    
      Regenerating: 1 file(s) changed at 2026-06-12 14:40:20
                    .run/jekyll.log
                    ...done in 9.963952133 seconds.
                    
      Regenerating: 1 file(s) changed at 2026-06-12 14:40:30
                    .run/jekyll.log
                    ...done in 9.940672886 seconds.
                    
      Regenerating: 1 file(s) changed at 2026-06-12 14:40:40
                    .run/jekyll.log
                    ...done in 9.822012456 seconds.
                    
      Regenerating: 1 file(s) changed at 2026-06-12 14:40:50
                    .run/jekyll.log
                    ...done in 9.895829509 seconds.
                    
      Regenerating: 1 file(s) changed at 2026-06-12 14:41:00
                    .run/jekyll.log
                    ...done in 10.271436501 seconds.
                    
      Regenerating: 1 file(s) changed at 2026-06-12 14:41:11
                    .run/jekyll.log
                    ...done in 10.32212393 seconds.
                    
      Regenerating: 1 file(s) changed at 2026-06-12 14:41:21
                    .run/jekyll.log
                    ...done in 9.334702416 seconds.
                    
      Regenerating: 1 file(s) changed at 2026-06-12 14:41:30
                    .run/jekyll.log
                    ...done in 9.735366895 seconds.
                    
      Regenerating: 1 file(s) changed at 2026-06-12 14:41:40
                    .run/jekyll.log
                    ...done in 9.721301705 seconds.
                    
      Regenerating: 1 file(s) changed at 2026-06-12 14:41:50
                    .run/jekyll.log
                    ...done in 9.177519196 seconds.
                    
      Regenerating: 1 file(s) changed at 2026-06-12 14:41:59
                    .run/jekyll.log
                    ...done in 10.317715627 seconds.
                    
      Regenerating: 1 file(s) changed at 2026-06-12 14:42:10
                    .run/jekyll.log
                    ...done in 9.734577794 seconds.
                    
      Regenerating: 1 file(s) changed at 2026-06-12 14:42:20
                    .run/jekyll.log
                    ...done in 9.8616016 seconds.
                    
      Regenerating: 1 file(s) changed at 2026-06-12 14:42:30
                    .run/jekyll.log
                    ...done in 9.73742665 seconds.
                    
      Regenerating: 1 file(s) changed at 2026-06-12 14:42:39
                    .run/jekyll.log
                    ...done in 9.803098476 seconds.
                    
      Regenerating: 1 file(s) changed at 2026-06-12 14:42:49
                    .run/jekyll.log
                    ...done in 9.373096384 seconds.
                    
      Regenerating: 1 file(s) changed at 2026-06-12 14:42:59
                    .run/jekyll.log
                    ...done in 9.737537408 seconds.
                    
      Regenerating: 1 file(s) changed at 2026-06-12 14:43:09
                    .run/jekyll.log
                    ...done in 10.295259773 seconds.
                    
      Regenerating: 1 file(s) changed at 2026-06-12 14:43:19
                    .run/jekyll.log
                    ...done in 9.109141828 seconds.
                    
      Regenerating: 1 file(s) changed at 2026-06-12 14:43:28
                    .run/jekyll.log
                    ...done in 10.151824569 seconds.
                    
      Regenerating: 1 file(s) changed at 2026-06-12 14:43:39
                    .run/jekyll.log
                    ...done in 9.063384868 seconds.
                    
      Regenerating: 1 file(s) changed at 2026-06-12 14:43:48
                    .run/jekyll.log
                    ...done in 9.531752225 seconds.
                    
      Regenerating: 1 file(s) changed at 2026-06-12 14:43:57
                    .run/jekyll.log
                    ...done in 9.621924511 seconds.
                    
      Regenerating: 1 file(s) changed at 2026-06-12 14:44:07
                    .run/jekyll.log
                    ...done in 9.644621548 seconds.
                    
      Regenerating: 1 file(s) changed at 2026-06-12 14:44:17
                    .run/jekyll.log
                    ...done in 9.204341154 seconds.
                    
      Regenerating: 1 file(s) changed at 2026-06-12 14:44:26
                    .run/jekyll.log
                    ...done in 10.204962928 seconds.
                    
      Regenerating: 1 file(s) changed at 2026-06-12 14:44:36
                    .run/jekyll.log
                    ...done in 9.653573185 seconds.
                    
      Regenerating: 1 file(s) changed at 2026-06-12 14:44:46
                    .run/jekyll.log
                    ...done in 9.162514282 seconds.
                    
      Regenerating: 1 file(s) changed at 2026-06-12 14:44:55
                    .run/jekyll.log
                    ...done in 10.384354072 seconds.
                    
      Regenerating: 1 file(s) changed at 2026-06-12 14:45:06
                    .run/jekyll.log
                    ...done in 9.244606137 seconds.
                    
      Regenerating: 1 file(s) changed at 2026-06-12 14:45:15
                    .run/jekyll.log
                    ...done in 10.241379976 seconds.
                    
      Regenerating: 1 file(s) changed at 2026-06-12 14:45:26
                    .run/jekyll.log
                    ...done in 9.661144219 seconds.
                    
      Regenerating: 1 file(s) changed at 2026-06-12 14:45:35
                    .run/jekyll.log
                    ...done in 9.098541346 seconds.
                    
      Regenerating: 1 file(s) changed at 2026-06-12 14:45:45
                    .run/jekyll.log
                    ...done in 9.616710839 seconds.
                    
      Regenerating: 1 file(s) changed at 2026-06-12 14:45:54
                    .run/jekyll.log
                    ...done in 10.259661866 seconds.
                    
      Regenerating: 1 file(s) changed at 2026-06-12 14:46:05
                    .run/jekyll.log
                    ...done in 9.104860036 seconds.
                    
      Regenerating: 1 file(s) changed at 2026-06-12 14:46:14
                    .run/jekyll.log
                    ...done in 10.314106832 seconds.
                    
      Regenerating: 1 file(s) changed at 2026-06-12 14:46:24
                    .run/jekyll.log
                    ...done in 9.400480974 seconds.
                    
      Regenerating: 1 file(s) changed at 2026-06-12 14:46:34
                    .run/jekyll.log
                    ...done in 10.473480853 seconds.
                    
      Regenerating: 1 file(s) changed at 2026-06-12 14:46:44
                    .run/jekyll.log
                    ...done in 9.48372948 seconds.
                    
      Regenerating: 1 file(s) changed at 2026-06-12 14:46:54
                    .run/jekyll.log
                    ...done in 9.733564244 seconds.
                    
      Regenerating: 1 file(s) changed at 2026-06-12 14:47:04
                    .run/jekyll.log
                    ...done in 9.916925167 seconds.
                    
      Regenerating: 1 file(s) changed at 2026-06-12 14:47:14
                    .run/jekyll.log
                    ...done in 9.955816105 seconds.
                    
      Regenerating: 1 file(s) changed at 2026-06-12 14:47:24
                    .run/jekyll.log
                    ...done in 9.834584613 seconds.
                    
      Regenerating: 1 file(s) changed at 2026-06-12 14:47:34
                    .run/jekyll.log
                    ...done in 9.333184075 seconds.
                    
      Regenerating: 1 file(s) changed at 2026-06-12 14:47:43
                    .run/jekyll.log
                    ...done in 9.36605133 seconds.
                    
      Regenerating: 1 file(s) changed at 2026-06-12 14:47:53
                    .run/jekyll.log
                    ...done in 9.936870158 seconds.
                    
      Regenerating: 1 file(s) changed at 2026-06-12 14:48:03
                    .run/jekyll.log
                    ...done in 9.801431528 seconds.
                    
      Regenerating: 1 file(s) changed at 2026-06-12 14:48:13
                    .run/jekyll.log
                    ...done in 9.672460089 seconds.
                    
      Regenerating: 1 file(s) changed at 2026-06-12 14:48:22
                    .run/jekyll.log
                    ...done in 9.360108203 seconds.
                    
      Regenerating: 1 file(s) changed at 2026-06-12 14:48:32
                    .run/jekyll.log
                    ...done in 9.831044623 seconds.
                    
      Regenerating: 1 file(s) changed at 2026-06-12 14:48:42
                    .run/jekyll.log
                    ...done in 9.930903922 seconds.
                    
      Regenerating: 1 file(s) changed at 2026-06-12 14:48:52
                    .run/jekyll.log
                    ...done in 9.361603517 seconds.
                    
      Regenerating: 1 file(s) changed at 2026-06-12 14:49:01
                    .run/jekyll.log
                    ...done in 10.403300821 seconds.
                    
      Regenerating: 1 file(s) changed at 2026-06-12 14:49:12
                    .run/jekyll.log
                    ...done in 9.300162878 seconds.
                    
      Regenerating: 1 file(s) changed at 2026-06-12 14:49:21
                    .run/jekyll.log
                    ...done in 11.030598018 seconds.
                    
      Regenerating: 1 file(s) changed at 2026-06-12 14:49:32
                    .run/jekyll.log
                    ...done in 9.271839316 seconds.
                    
      Regenerating: 1 file(s) changed at 2026-06-12 14:49:42
                    .run/jekyll.log
                    ...done in 9.775799351 seconds.
                    
      Regenerating: 1 file(s) changed at 2026-06-12 14:49:52
                    .run/jekyll.log
                    ...done in 9.935378455 seconds.
                    
      Regenerating: 1 file(s) changed at 2026-06-12 14:50:02
                    .run/jekyll.log
                    ...done in 9.81958793 seconds.
                    
      Regenerating: 1 file(s) changed at 2026-06-12 14:50:11
                    .run/jekyll.log
                    ...done in 9.834597385 seconds.
                    
      Regenerating: 1 file(s) changed at 2026-06-12 14:50:21
                    .run/jekyll.log
                    ...done in 9.784026291 seconds.
                    
      Regenerating: 1 file(s) changed at 2026-06-12 14:50:31
                    .run/jekyll.log
                    ...done in 9.746141793 seconds.
                    
      Regenerating: 1 file(s) changed at 2026-06-12 14:50:41
                    .run/jekyll.log
                    ...done in 9.798903319 seconds.
                    
      Regenerating: 1 file(s) changed at 2026-06-12 14:50:51
                    .run/jekyll.log
                    ...done in 9.295929146 seconds.
                    
      Regenerating: 1 file(s) changed at 2026-06-12 14:51:00
                    .run/jekyll.log
                    ...done in 9.949671411 seconds.
                    
      Regenerating: 1 file(s) changed at 2026-06-12 14:51:10
                    .run/jekyll.log
                    ...done in 10.739009869 seconds.
                    
      Regenerating: 1 file(s) changed at 2026-06-12 14:51:21
                    .run/jekyll.log
                    ...done in 10.969848053 seconds.
                    
      Regenerating: 1 file(s) changed at 2026-06-12 14:51:32
                    .run/jekyll.log
                    ...done in 10.402403461 seconds.
                    
      Regenerating: 1 file(s) changed at 2026-06-12 14:51:43
                    .run/jekyll.log
                    ...done in 11.08126326 seconds.
                    
      Regenerating: 1 file(s) changed at 2026-06-12 14:51:54
                    .run/jekyll.log
                    ...done in 9.855445269 seconds.
                    
      Regenerating: 1 file(s) changed at 2026-06-12 14:52:04
                    .run/jekyll.log
                    ...done in 10.512041797 seconds.
                    
      Regenerating: 1 file(s) changed at 2026-06-12 14:52:15
                    .run/jekyll.log
                    ...done in 9.456920105 seconds.
                    
      Regenerating: 1 file(s) changed at 2026-06-12 14:52:24
                    .run/jekyll.log
                    ...done in 10.624535332 seconds.
                    
      Regenerating: 1 file(s) changed at 2026-06-12 14:52:35
                    .run/jekyll.log
                    ...done in 9.218058824 seconds.
                    
      Regenerating: 1 file(s) changed at 2026-06-12 14:52:44
                    .run/jekyll.log
                    ...done in 10.357381646 seconds.
                    
      Regenerating: 1 file(s) changed at 2026-06-12 14:52:55
                    .run/jekyll.log
                    ...done in 9.219474755 seconds.
                    
      Regenerating: 1 file(s) changed at 2026-06-12 14:53:04
                    .run/jekyll.log
                    ...done in 11.087557232 seconds.
                    
      Regenerating: 1 file(s) changed at 2026-06-12 14:53:15
                    .run/jekyll.log
                    ...done in 9.84413316 seconds.
                    
      Regenerating: 1 file(s) changed at 2026-06-12 14:53:25
                    .run/jekyll.log
                    ...done in 9.435016127 seconds.
                    
      Regenerating: 1 file(s) changed at 2026-06-12 14:53:35
                    .run/jekyll.log
                    ...done in 9.96123706 seconds.
                    
      Regenerating: 1 file(s) changed at 2026-06-12 14:53:45
                    .run/jekyll.log
                    ...done in 9.941173975 seconds.
                    
      Regenerating: 1 file(s) changed at 2026-06-12 14:53:55
                    .run/jekyll.log
                    ...done in 9.453251361 seconds.
                    
      Regenerating: 1 file(s) changed at 2026-06-12 14:54:04
                    .run/jekyll.log
                    ...done in 10.607458915 seconds.
                    
      Regenerating: 1 file(s) changed at 2026-06-12 14:54:15
                    .run/jekyll.log
                    ...done in 9.82680789 seconds.
                    
      Regenerating: 1 file(s) changed at 2026-06-12 14:54:25
                    .run/jekyll.log
                    ...done in 9.37781567 seconds.
                    
      Regenerating: 1 file(s) changed at 2026-06-12 14:54:34
                    .run/jekyll.log
                    ...done in 10.467582313 seconds.
                    
      Regenerating: 1 file(s) changed at 2026-06-12 14:54:45
                    .run/jekyll.log
                    ...done in 9.294060234 seconds.
                    
      Regenerating: 1 file(s) changed at 2026-06-12 14:54:54
                    .run/jekyll.log
                    ...done in 10.485435584 seconds.
                    
      Regenerating: 1 file(s) changed at 2026-06-12 14:55:05
                    .run/jekyll.log
                    ...done in 9.463698109 seconds.
                    
      Regenerating: 1 file(s) changed at 2026-06-12 14:55:15
                    .run/jekyll.log
                    ...done in 9.726478259 seconds.
                    
      Regenerating: 1 file(s) changed at 2026-06-12 14:55:24
                    .run/jekyll.log
                    ...done in 9.729432374 seconds.
                    
      Regenerating: 1 file(s) changed at 2026-06-12 14:55:34
                    .run/jekyll.log
                    ...done in 9.550609879 seconds.
                    
      Regenerating: 1 file(s) changed at 2026-06-12 14:55:44
                    .run/jekyll.log
                    ...done in 10.525501376 seconds.
                    
      Regenerating: 1 file(s) changed at 2026-06-12 14:55:55
                    .run/jekyll.log
                    ...done in 10.093468444 seconds.
                    
      Regenerating: 1 file(s) changed at 2026-06-12 14:56:05
                    .run/jekyll.log
                    ...done in 9.295603821 seconds.
                    
      Regenerating: 1 file(s) changed at 2026-06-12 14:56:14
                    .run/jekyll.log
                    ...done in 10.032782364 seconds.
                    
      Regenerating: 1 file(s) changed at 2026-06-12 14:56:24
                    .run/jekyll.log
                    ...done in 10.222551798 seconds.
                    
      Regenerating: 1 file(s) changed at 2026-06-12 14:56:35
                    .run/jekyll.log
                    ...done in 10.157643795 seconds.
                    
      Regenerating: 1 file(s) changed at 2026-06-12 14:56:45
                    .run/jekyll.log
                    ...done in 10.015799957 seconds.
                    
      Regenerating: 1 file(s) changed at 2026-06-12 14:56:55
                    .run/jekyll.log
                    ...done in 9.901517725 seconds.
                    
      Regenerating: 1 file(s) changed at 2026-06-12 14:57:05
                    .run/jekyll.log
                    ...done in 9.912046277 seconds.
                    
      Regenerating: 1 file(s) changed at 2026-06-12 14:57:15
                    .run/jekyll.log
                    ...done in 9.400388129 seconds.
                    
      Regenerating: 1 file(s) changed at 2026-06-12 14:57:24
                    .run/jekyll.log
                    ...done in 9.992004013 seconds.
                    
      Regenerating: 1 file(s) changed at 2026-06-12 14:57:35
                    .run/jekyll.log
                    ...done in 10.809898284 seconds.
                    
      Regenerating: 1 file(s) changed at 2026-06-12 14:57:45
                    .run/jekyll.log
                    ...done in 9.436963382 seconds.
                    
      Regenerating: 1 file(s) changed at 2026-06-12 14:57:55
                    .run/jekyll.log
                    ...done in 9.501888573 seconds.
                    
      Regenerating: 1 file(s) changed at 2026-06-12 14:58:05
                    .run/jekyll.log
                    ...done in 10.128856375 seconds.
                    
      Regenerating: 1 file(s) changed at 2026-06-12 14:58:15
                    .run/jekyll.log
                    ...done in 10.208194027 seconds.
                    
      Regenerating: 1 file(s) changed at 2026-06-12 14:58:25
                    .run/jekyll.log
                    ...done in 9.456296918 seconds.
                    
      Regenerating: 1 file(s) changed at 2026-06-12 14:58:35
                    .run/jekyll.log
                    ...done in 9.916174134 seconds.
                    
      Regenerating: 1 file(s) changed at 2026-06-12 14:58:45
                    .run/jekyll.log
                    ...done in 9.442459679 seconds.
                    
      Regenerating: 1 file(s) changed at 2026-06-12 14:58:54
                    .run/jekyll.log
                    ...done in 10.444444351 seconds.
                    
      Regenerating: 1 file(s) changed at 2026-06-12 14:59:05
                    .run/jekyll.log
                    ...done in 9.80796306 seconds.
                    
      Regenerating: 1 file(s) changed at 2026-06-12 14:59:15
                    .run/jekyll.log
                    ...done in 9.248397449 seconds.
                    
      Regenerating: 1 file(s) changed at 2026-06-12 14:59:24
                    .run/jekyll.log
                    ...done in 9.833579803 seconds.
                    
      Regenerating: 1 file(s) changed at 2026-06-12 14:59:34
                    .run/jekyll.log
                    ...done in 9.730446999 seconds.
                    
      Regenerating: 1 file(s) changed at 2026-06-12 14:59:44
                    .run/jekyll.log
                    ...done in 10.462145818 seconds.
                    
      Regenerating: 1 file(s) changed at 2026-06-12 14:59:54
                    .run/jekyll.log
                    ...done in 9.836014941 seconds.
                    
      Regenerating: 1 file(s) changed at 2026-06-12 15:00:04
                    .run/jekyll.log
                    ...done in 9.780488388 seconds.
                    
      Regenerating: 1 file(s) changed at 2026-06-12 15:00:14
                    .run/jekyll.log
                    ...done in 9.354243141 seconds.
                    
      Regenerating: 1 file(s) changed at 2026-06-12 15:00:24
                    .run/jekyll.log
                    ...done in 10.450792839 seconds.
                    
      Regenerating: 1 file(s) changed at 2026-06-12 15:00:34
                    .run/jekyll.log
                    ...done in 9.378779817 seconds.
                    
      Regenerating: 1 file(s) changed at 2026-06-12 15:00:44
                    .run/jekyll.log
                    ...done in 9.900192456 seconds.
                    
      Regenerating: 1 file(s) changed at 2026-06-12 15:00:54
                    .run/jekyll.log
                    ...done in 9.810192889 seconds.
                    
      Regenerating: 1 file(s) changed at 2026-06-12 15:01:04
                    .run/jekyll.log
                    ...done in 9.891038351 seconds.
                    
      Regenerating: 1 file(s) changed at 2026-06-12 15:01:14
                    .run/jekyll.log
                    ...done in 9.977373068 seconds.
                    
      Regenerating: 1 file(s) changed at 2026-06-12 15:01:24
                    .run/jekyll.log
                    ...done in 9.930267755 seconds.
                    
      Regenerating: 1 file(s) changed at 2026-06-12 15:01:34
                    .run/jekyll.log
                    ...done in 9.424565935 seconds.
                    
      Regenerating: 1 file(s) changed at 2026-06-12 15:01:43
                    .run/jekyll.log
                    ...done in 10.124817708 seconds.
                    
      Regenerating: 1 file(s) changed at 2026-06-12 15:01:53
                    .run/jekyll.log
                    ...done in 9.478629402 seconds.
                    
      Regenerating: 1 file(s) changed at 2026-06-12 15:02:03
                    .run/jekyll.log
                    ...done in 10.47323939 seconds.
                    
      Regenerating: 1 file(s) changed at 2026-06-12 15:02:14
                    .run/jekyll.log
                    ...done in 9.358603779 seconds.
                    
      Regenerating: 1 file(s) changed at 2026-06-12 15:02:23
                    .run/jekyll.log
                    ...done in 10.541435402 seconds.
                    
      Regenerating: 1 file(s) changed at 2026-06-12 15:02:34
                    .run/jekyll.log
                    ...done in 9.241248149 seconds.
                    
      Regenerating: 1 file(s) changed at 2026-06-12 15:02:43
                    .run/jekyll.log
                    ...done in 10.423740478 seconds.
                    
      Regenerating: 1 file(s) changed at 2026-06-12 15:02:54
                    .run/jekyll.log
                    ...done in 9.90119655 seconds.
                    
      Regenerating: 1 file(s) changed at 2026-06-12 15:03:04
                    .run/jekyll.log
                    ...done in 10.187004504 seconds.
                    
      Regenerating: 1 file(s) changed at 2026-06-12 15:03:14
                    .run/jekyll.log
                    ...done in 10.63153752 seconds.
                    
      Regenerating: 1 file(s) changed at 2026-06-12 15:03:25
                    .run/jekyll.log
                    ...done in 9.711137789 seconds.
                    
      Regenerating: 1 file(s) changed at 2026-06-12 15:03:34
                    .run/jekyll.log
                    ...done in 9.102594511 seconds.
                    
      Regenerating: 1 file(s) changed at 2026-06-12 15:03:44
                    .run/jekyll.log
                    ...done in 9.659447985 seconds.
                    
      Regenerating: 1 file(s) changed at 2026-06-12 15:03:53
                    .run/jekyll.log
                    ...done in 9.162341759 seconds.
                    
      Regenerating: 1 file(s) changed at 2026-06-12 15:04:03
                    .run/jekyll.log
                    ...done in 9.739275693 seconds.
                    
      Regenerating: 1 file(s) changed at 2026-06-12 15:04:12
                    .run/jekyll.log
                    ...done in 10.349671043 seconds.
                    
      Regenerating: 1 file(s) changed at 2026-06-12 15:04:23
                    .run/jekyll.log
                    ...done in 9.45784239 seconds.
                    
      Regenerating: 1 file(s) changed at 2026-06-12 15:04:32
                    .run/jekyll.log
                    ...done in 10.255855355 seconds.
                    
      Regenerating: 1 file(s) changed at 2026-06-12 15:04:43
                    .run/jekyll.log
                    ...done in 9.459241975 seconds.
                    
      Regenerating: 1 file(s) changed at 2026-06-12 15:04:52
                    .run/jekyll.log
                    ...done in 10.709081722 seconds.
                    
      Regenerating: 1 file(s) changed at 2026-06-12 15:05:03
                    .run/jekyll.log
                    ...done in 10.778149707 seconds.
                    
      Regenerating: 1 file(s) changed at 2026-06-12 15:05:14
                    .run/jekyll.log
                    ...done in 10.251595806 seconds.
                    
      Regenerating: 1 file(s) changed at 2026-06-12 15:05:24
                    .run/jekyll.log
                    ...done in 9.891612747 seconds.
                    
      Regenerating: 1 file(s) changed at 2026-06-12 15:05:34
                    .run/jekyll.log
                    ...done in 9.321660998 seconds.
                    
      Regenerating: 1 file(s) changed at 2026-06-12 15:05:44
                    .run/jekyll.log
                    ...done in 9.768794548 seconds.
                    
      Regenerating: 1 file(s) changed at 2026-06-12 15:05:54
                    .run/jekyll.log
                    ...done in 9.295605124 seconds.
                    
      Regenerating: 1 file(s) changed at 2026-06-12 15:06:03
                    .run/jekyll.log
                    ...done in 9.829120443 seconds.
                    
      Regenerating: 1 file(s) changed at 2026-06-12 15:06:13
                    .run/jekyll.log
                    ...done in 9.216044385 seconds.
                    
      Regenerating: 1 file(s) changed at 2026-06-12 15:06:22
                    .run/jekyll.log
                    ...done in 10.376618922 seconds.
                    
      Regenerating: 1 file(s) changed at 2026-06-12 15:06:33
                    .run/jekyll.log
                    ...done in 9.156569685 seconds.
                    
      Regenerating: 1 file(s) changed at 2026-06-12 15:06:42
                    .run/jekyll.log
                    ...done in 10.321579627 seconds.
                    
      Regenerating: 1 file(s) changed at 2026-06-12 15:06:53
                    .run/jekyll.log
                    ...done in 9.751283315 seconds.
                    
      Regenerating: 1 file(s) changed at 2026-06-12 15:07:02
                    .run/jekyll.log
                    ...done in 9.867860923 seconds.
                    
      Regenerating: 1 file(s) changed at 2026-06-12 15:07:12
                    .run/jekyll.log
                    ...done in 9.832749682 seconds.
                    
      Regenerating: 1 file(s) changed at 2026-06-12 15:07:22
                    .run/jekyll.log
                    ...done in 9.298688029 seconds.
                    
      Regenerating: 1 file(s) changed at 2026-06-12 15:07:32
                    .run/jekyll.log
                    ...done in 9.138595909 seconds.
                    
      Regenerating: 1 file(s) changed at 2026-06-12 15:07:41
                    .run/jekyll.log
                    ...done in 9.202807893 seconds.
                    
      Regenerating: 1 file(s) changed at 2026-06-12 15:07:50
                    .run/jekyll.log
                    ...done in 9.260025757 seconds.
                    
      Regenerating: 1 file(s) changed at 2026-06-12 15:08:00
                    .run/jekyll.log
                    ...done in 9.785189247 seconds.
                    
      Regenerating: 1 file(s) changed at 2026-06-12 15:08:09
                    .run/jekyll.log
                    ...done in 10.406701985 seconds.
                    
      Regenerating: 1 file(s) changed at 2026-06-12 15:08:20
                    .run/jekyll.log
                    ...done in 9.79762925 seconds.
                    
      Regenerating: 1 file(s) changed at 2026-06-12 15:08:30
                    .run/jekyll.log
                    ...done in 9.817700801 seconds.
                    
      Regenerating: 1 file(s) changed at 2026-06-12 15:08:40
                    .run/jekyll.log
                    ...done in 9.863722957 seconds.
                    
      Regenerating: 1 file(s) changed at 2026-06-12 15:08:50
                    .run/jekyll.log
                    ...done in 9.267486237 seconds.
                    
      Regenerating: 1 file(s) changed at 2026-06-12 15:08:59
                    .run/jekyll.log
                    ...done in 9.755666426 seconds.
                    
      Regenerating: 1 file(s) changed at 2026-06-12 15:09:09
                    .run/jekyll.log
                    ...done in 9.835120848 seconds.
                    
      Regenerating: 1 file(s) changed at 2026-06-12 15:09:19
                    .run/jekyll.log
                    ...done in 9.791341735 seconds.
                    
      Regenerating: 1 file(s) changed at 2026-06-12 15:09:29
                    .run/jekyll.log
                    ...done in 9.307645736 seconds.
                    
      Regenerating: 1 file(s) changed at 2026-06-12 15:09:38
                    .run/jekyll.log
                    ...done in 11.153234934 seconds.
                    
      Regenerating: 1 file(s) changed at 2026-06-12 15:09:49
                    .run/jekyll.log
                    ...done in 9.855576277 seconds.
                    
      Regenerating: 1 file(s) changed at 2026-06-12 15:09:59
                    .run/jekyll.log
                    ...done in 9.837531454 seconds.
                    
      Regenerating: 1 file(s) changed at 2026-06-12 15:10:09
                    .run/jekyll.log
                    ...done in 9.342533208 seconds.
                    
      Regenerating: 1 file(s) changed at 2026-06-12 15:10:19
                    .run/jekyll.log
                    ...done in 10.415201494 seconds.
                    
      Regenerating: 1 file(s) changed at 2026-06-12 15:10:29
                    .run/jekyll.log
                    ...done in 9.232362268 seconds.
                    
      Regenerating: 1 file(s) changed at 2026-06-12 15:10:39
                    .run/jekyll.log
                    ...done in 9.820733316 seconds.
                    
      Regenerating: 1 file(s) changed at 2026-06-12 15:10:49
                    .run/jekyll.log
                    ...done in 9.262059958 seconds.
                    
      Regenerating: 1 file(s) changed at 2026-06-12 15:10:58
                    .run/jekyll.log
                    ...done in 10.528305846 seconds.
                    
      Regenerating: 1 file(s) changed at 2026-06-12 15:11:09
                    .run/jekyll.log
                    ...done in 9.801364753 seconds.
                    
      Regenerating: 1 file(s) changed at 2026-06-12 15:11:18
                    .run/jekyll.log
                    ...done in 10.524553733 seconds.
                    
      Regenerating: 1 file(s) changed at 2026-06-12 15:11:29
                    .run/jekyll.log
                    ...done in 9.690953042 seconds.
                    
      Regenerating: 1 file(s) changed at 2026-06-12 15:11:39
                    .run/jekyll.log
                    ...done in 9.100207183 seconds.
                    
      Regenerating: 1 file(s) changed at 2026-06-12 15:11:48
                    .run/jekyll.log
                    ...done in 9.604857948 seconds.
                    
      Regenerating: 1 file(s) changed at 2026-06-12 15:11:58
                    .run/jekyll.log
                    ...done in 9.081062733 seconds.
                    
      Regenerating: 1 file(s) changed at 2026-06-12 15:12:07
                    .run/jekyll.log
                    ...done in 9.562703561 seconds.
                    
      Regenerating: 1 file(s) changed at 2026-06-12 15:12:17
                    .run/jekyll.log
                    ...done in 10.196117356 seconds.
                    
      Regenerating: 1 file(s) changed at 2026-06-12 15:12:27
                    .run/jekyll.log
                    ...done in 10.243198359 seconds.
                    
      Regenerating: 1 file(s) changed at 2026-06-12 15:12:37
                    .run/jekyll.log
                    ...done in 9.641494813 seconds.
                    
      Regenerating: 1 file(s) changed at 2026-06-12 15:12:47
                    .run/jekyll.log
                    ...done in 9.693164112 seconds.
                    
      Regenerating: 1 file(s) changed at 2026-06-12 15:12:57
                    .run/jekyll.log
                    ...done in 9.595823789 seconds.
                    
      Regenerating: 1 file(s) changed at 2026-06-12 15:13:06
                    .run/jekyll.log
                    ...done in 9.069271463 seconds.
                    
      Regenerating: 1 file(s) changed at 2026-06-12 15:13:16
                    .run/jekyll.log
                    ...done in 9.590296497 seconds.
                    
      Regenerating: 1 file(s) changed at 2026-06-12 15:13:25
                    .run/jekyll.log
                    ...done in 9.054244933 seconds.
                    
      Regenerating: 1 file(s) changed at 2026-06-12 15:13:35
                    .run/jekyll.log
                    ...done in 9.617667724 seconds.
                    
      Regenerating: 1 file(s) changed at 2026-06-12 15:13:44
                    .run/jekyll.log
                    ...done in 10.307602481 seconds.
                    
      Regenerating: 1 file(s) changed at 2026-06-12 15:13:55
                    .run/jekyll.log
                    ...done in 9.640581075 seconds.
                    
      Regenerating: 1 file(s) changed at 2026-06-12 15:14:04
                    .run/jekyll.log
                    ...done in 9.123340136 seconds.
                    
      Regenerating: 1 file(s) changed at 2026-06-12 15:14:14
                    .run/jekyll.log
                    ...done in 10.265792236 seconds.
                    
      Regenerating: 1 file(s) changed at 2026-06-12 15:14:24
                    .run/jekyll.log
                    ...done in 9.084711991 seconds.
                    
      Regenerating: 1 file(s) changed at 2026-06-12 15:14:33
                    .run/jekyll.log
                    ...done in 9.670947335 seconds.
                    
      Regenerating: 1 file(s) changed at 2026-06-12 15:14:43
                    .run/jekyll.log
                    ...done in 9.598874232 seconds.
                    
      Regenerating: 1 file(s) changed at 2026-06-12 15:14:53
                    .run/jekyll.log
                    ...done in 9.626508547 seconds.
                    
      Regenerating: 1 file(s) changed at 2026-06-12 15:15:02
                    .run/jekyll.log
                    ...done in 9.084066247 seconds.
                    
      Regenerating: 1 file(s) changed at 2026-06-12 15:15:12
                    .run/jekyll.log
                    ...done in 9.538069784 seconds.
                    
      Regenerating: 1 file(s) changed at 2026-06-12 15:15:21
                    .run/jekyll.log
                    ...done in 9.514076202 seconds.
                    
      Regenerating: 1 file(s) changed at 2026-06-12 15:15:31
                    .run/jekyll.log
                    ...done in 9.595359309 seconds.
                    
      Regenerating: 1 file(s) changed at 2026-06-12 15:15:40
                    .run/jekyll.log
                    ...done in 10.253386838 seconds.
                    
      Regenerating: 1 file(s) changed at 2026-06-12 15:15:51
                    .run/jekyll.log
                    ...done in 9.683117949 seconds.
                    
      Regenerating: 1 file(s) changed at 2026-06-12 15:16:01
                    .run/jekyll.log
                    ...done in 10.333354277 seconds.
                    
      Regenerating: 1 file(s) changed at 2026-06-12 15:16:11
                    .run/jekyll.log
                    ...done in 9.631799028 seconds.
                    
      Regenerating: 1 file(s) changed at 2026-06-12 15:16:21
                    .run/jekyll.log
                    ...done in 9.624047287 seconds.
                    
      Regenerating: 1 file(s) changed at 2026-06-12 15:16:31
                    .run/jekyll.log
                    ...done in 9.139629202 seconds.
                    
      Regenerating: 1 file(s) changed at 2026-06-12 15:16:40
                    .run/jekyll.log
                    ...done in 9.66533681 seconds.
                    
      Regenerating: 1 file(s) changed at 2026-06-12 15:16:50
                    .run/jekyll.log
                    ...done in 10.509981227 seconds.
                    
      Regenerating: 1 file(s) changed at 2026-06-12 15:17:00
                    .run/jekyll.log
                    ...done in 9.659237434 seconds.
                    
      Regenerating: 1 file(s) changed at 2026-06-12 15:17:10
                    .run/jekyll.log
                    ...done in 9.185718408 seconds.
                    
      Regenerating: 1 file(s) changed at 2026-06-12 15:17:19
                    .run/jekyll.log
                    ...done in 10.311232145 seconds.
                    
      Regenerating: 1 file(s) changed at 2026-06-12 15:17:30
                    .run/jekyll.log
                    ...done in 10.360811447 seconds.
                    
      Regenerating: 1 file(s) changed at 2026-06-12 15:17:40
                    .run/jekyll.log
                    ...done in 9.654847752 seconds.
                    
      Regenerating: 1 file(s) changed at 2026-06-12 15:17:50
                    .run/jekyll.log
                    ...done in 9.128077819 seconds.
                    
      Regenerating: 1 file(s) changed at 2026-06-12 15:17:59
                    .run/jekyll.log
                    ...done in 9.631297769 seconds.
                    
      Regenerating: 1 file(s) changed at 2026-06-12 15:18:09
                    .run/jekyll.log
                    ...done in 9.621983191 seconds.
                    
      Regenerating: 1 file(s) changed at 2026-06-12 15:18:18
                    .run/jekyll.log
                    ...done in 9.110562815 seconds.
                    
      Regenerating: 1 file(s) changed at 2026-06-12 15:18:28
                    .run/jekyll.log
                    ...done in 9.653782445 seconds.
                    
      Regenerating: 1 file(s) changed at 2026-06-12 15:18:37
                    .run/jekyll.log
                    ...done in 9.61815223 seconds.
                    
      Regenerating: 1 file(s) changed at 2026-06-12 15:18:47
                    .run/jekyll.log
                    ...done in 9.602761139 seconds.
                    
      Regenerating: 1 file(s) changed at 2026-06-12 15:18:57
                    .run/jekyll.log
                    ...done in 9.703689487 seconds.
                    
      Regenerating: 1 file(s) changed at 2026-06-12 15:19:07
                    .run/jekyll.log
                    ...done in 9.759234705 seconds.
                    
      Regenerating: 1 file(s) changed at 2026-06-12 15:19:17
                    .run/jekyll.log
                    ...done in 9.781562944 seconds.
                    
      Regenerating: 1 file(s) changed at 2026-06-12 15:19:26
                    .run/jekyll.log
                    ...done in 9.697131263 seconds.
                    
      Regenerating: 1 file(s) changed at 2026-06-12 15:19:36
                    .run/jekyll.log
                    ...done in 9.746016783 seconds.
                    
      Regenerating: 1 file(s) changed at 2026-06-12 15:19:46
                    .run/jekyll.log
                    ...done in 9.71748071 seconds.
                    
      Regenerating: 1 file(s) changed at 2026-06-12 15:19:56
                    .run/jekyll.log
                    ...done in 9.740924536 seconds.
                    
      Regenerating: 1 file(s) changed at 2026-06-12 15:20:06
                    .run/jekyll.log
                    ...done in 10.354495632 seconds.
                    
      Regenerating: 1 file(s) changed at 2026-06-12 15:20:16
                    .run/jekyll.log
                    ...done in 9.714356691 seconds.
                    
      Regenerating: 1 file(s) changed at 2026-06-12 15:20:26
                    .run/jekyll.log
                    ...done in 9.118229669 seconds.
                    
      Regenerating: 1 file(s) changed at 2026-06-12 15:20:35
                    .run/jekyll.log
                    ...done in 9.717984051 seconds.
                    
      Regenerating: 1 file(s) changed at 2026-06-12 15:20:45
                    .run/jekyll.log
                    ...done in 9.661638211 seconds.
                    
      Regenerating: 1 file(s) changed at 2026-06-12 15:20:55
                    .run/jekyll.log
                    ...done in 9.738389893 seconds.
                    
      Regenerating: 1 file(s) changed at 2026-06-12 15:21:05
                    .run/jekyll.log
                    ...done in 9.666753573 seconds.
                    
      Regenerating: 1 file(s) changed at 2026-06-12 15:21:14
                    .run/jekyll.log
                    ...done in 9.653192882 seconds.
                    
      Regenerating: 1 file(s) changed at 2026-06-12 15:21:24
                    .run/jekyll.log
                    ...done in 9.664209867 seconds.
                    
      Regenerating: 1 file(s) changed at 2026-06-12 15:21:34
                    .run/jekyll.log
                    ...done in 9.673959479 seconds.
                    
      Regenerating: 1 file(s) changed at 2026-06-12 15:21:44
                    .run/jekyll.log
                    ...done in 9.684341967 seconds.
                    
      Regenerating: 1 file(s) changed at 2026-06-12 15:21:53
                    .run/jekyll.log
                    ...done in 10.323820218 seconds.
                    
      Regenerating: 1 file(s) changed at 2026-06-12 15:22:04
                    .run/jekyll.log
                    ...done in 9.711873085 seconds.
                    
      Regenerating: 1 file(s) changed at 2026-06-12 15:22:14
                    .run/jekyll.log
                    ...done in 9.771804576 seconds.
                    
      Regenerating: 1 file(s) changed at 2026-06-12 15:22:24
                    .run/jekyll.log
                    ...done in 9.669893348 seconds.
                    
      Regenerating: 1 file(s) changed at 2026-06-12 15:22:33
                    .run/jekyll.log
                    ...done in 9.759322321 seconds.
                    
      Regenerating: 1 file(s) changed at 2026-06-12 15:22:43
                    .run/jekyll.log
                    ...done in 9.675047424 seconds.
                    
      Regenerating: 1 file(s) changed at 2026-06-12 15:22:53
                    .run/jekyll.log
                    ...done in 9.717977682 seconds.
                    
      Regenerating: 1 file(s) changed at 2026-06-12 15:23:03
                    .run/jekyll.log
                    ...done in 9.167685828 seconds.
                    
      Regenerating: 1 file(s) changed at 2026-06-12 15:23:12
                    .run/jekyll.log
                    ...done in 10.339135674 seconds.
                    
      Regenerating: 1 file(s) changed at 2026-06-12 15:23:23
                    .run/jekyll.log
                    ...done in 10.370957699 seconds.
                    
      Regenerating: 1 file(s) changed at 2026-06-12 15:23:33
                    .run/jekyll.log
                    ...done in 9.672387532 seconds.
                    
      Regenerating: 1 file(s) changed at 2026-06-12 15:23:43
                    .run/jekyll.log
                    ...done in 9.175394087 seconds.
                    
      Regenerating: 1 file(s) changed at 2026-06-12 15:23:52
                    .run/jekyll.log
                    ...done in 9.74003619 seconds.
                    
      Regenerating: 1 file(s) changed at 2026-06-12 15:24:02
                    .run/jekyll.log
                    ...done in 9.677410108 seconds.
                    
      Regenerating: 1 file(s) changed at 2026-06-12 15:24:12
                    .run/jekyll.log
                    ...done in 9.768273568 seconds.
                    
      Regenerating: 1 file(s) changed at 2026-06-12 15:24:22
                    .run/jekyll.log
                    ...done in 9.708361213 seconds.
                    
      Regenerating: 1 file(s) changed at 2026-06-12 15:24:31
                    .run/jekyll.log
                    ...done in 9.743029484 seconds.
                    
      Regenerating: 1 file(s) changed at 2026-06-12 15:24:41
                    .run/jekyll.log
                    ...done in 9.182403692 seconds.
                    
      Regenerating: 1 file(s) changed at 2026-06-12 15:24:50
                    .run/jekyll.log
                    ...done in 10.340934322 seconds.
                    
      Regenerating: 1 file(s) changed at 2026-06-12 15:25:01
                    .run/jekyll.log
                    ...done in 9.714599436 seconds.
                    
      Regenerating: 1 file(s) changed at 2026-06-12 15:25:11
                    .run/jekyll.log
                    ...done in 9.688142875 seconds.
                    
      Regenerating: 1 file(s) changed at 2026-06-12 15:25:20
                    .run/jekyll.log
                    ...done in 10.374384323 seconds.
                    
      Regenerating: 1 file(s) changed at 2026-06-12 15:25:31
                    .run/jekyll.log
                    ...done in 9.157800419 seconds.
                    
      Regenerating: 1 file(s) changed at 2026-06-12 15:25:40
                    .run/jekyll.log
                    ...done in 10.396723225 seconds.
                    
      Regenerating: 1 file(s) changed at 2026-06-12 15:25:51
                    .run/jekyll.log
                    ...done in 9.679584485 seconds.
                    
      Regenerating: 1 file(s) changed at 2026-06-12 15:26:00
                    .run/jekyll.log
                    ...done in 9.758179267 seconds.
                    
      Regenerating: 1 file(s) changed at 2026-06-12 15:26:10
                    .run/jekyll.log
                    ...done in 9.720121843 seconds.
                    
      Regenerating: 1 file(s) changed at 2026-06-12 15:26:20
                    .run/jekyll.log
                    ...done in 9.783571025 seconds.
                    
      Regenerating: 1 file(s) changed at 2026-06-12 15:26:30
                    .run/jekyll.log
                    ...done in 9.814680355 seconds.
                    
      Regenerating: 1 file(s) changed at 2026-06-12 15:26:40
                    .run/jekyll.log
                    ...done in 9.731030634 seconds.
                    
      Regenerating: 1 file(s) changed at 2026-06-12 15:26:50
                    .run/jekyll.log
                    ...done in 9.206639536 seconds.
                    
      Regenerating: 1 file(s) changed at 2026-06-12 15:26:59
                    .run/jekyll.log
                    ...done in 9.715205751 seconds.
                    
      Regenerating: 1 file(s) changed at 2026-06-12 15:27:09
                    .run/jekyll.log
                    ...done in 10.340504569 seconds.
                    
      Regenerating: 1 file(s) changed at 2026-06-12 15:27:19
                    .run/jekyll.log
                    ...done in 9.766293298 seconds.
                    
      Regenerating: 1 file(s) changed at 2026-06-12 15:27:29
                    .run/jekyll.log
                    ...done in 9.715014418 seconds.
                    
      Regenerating: 1 file(s) changed at 2026-06-12 15:27:39
                    .run/jekyll.log
                    ...done in 9.165436415 seconds.
                    
      Regenerating: 1 file(s) changed at 2026-06-12 15:27:48
                    .run/jekyll.log
                    ...done in 9.679333006 seconds.
                    
      Regenerating: 1 file(s) changed at 2026-06-12 15:27:58
                    .run/jekyll.log
                    ...done in 9.195850424 seconds.
                    
      Regenerating: 1 file(s) changed at 2026-06-12 15:28:07
                    .run/jekyll.log
                    ...done in 10.41617729 seconds.
                    
      Regenerating: 1 file(s) changed at 2026-06-12 15:28:18
                    .run/jekyll.log
                    ...done in 9.213857495 seconds.
                    
      Regenerating: 1 file(s) changed at 2026-06-12 15:28:27
                    .run/jekyll.log
                    ...done in 9.746678934 seconds.
                    
      Regenerating: 1 file(s) changed at 2026-06-12 15:28:37
                    .run/jekyll.log
                    ...done in 9.814194197 seconds.
                    
      Regenerating: 1 file(s) changed at 2026-06-12 15:28:47
                    .run/jekyll.log
                    ...done in 9.245633817 seconds.
                    
      Regenerating: 1 file(s) changed at 2026-06-12 15:28:56
                    .run/jekyll.log
                    ...done in 9.737898346 seconds.
                    
      Regenerating: 1 file(s) changed at 2026-06-12 15:29:06
                    .run/jekyll.log
                    ...done in 9.748247243 seconds.
                    
      Regenerating: 1 file(s) changed at 2026-06-12 15:29:16
                    .run/jekyll.log
                    ...done in 9.771712915 seconds.
                    
      Regenerating: 1 file(s) changed at 2026-06-12 15:29:26
                    .run/jekyll.log
                    ...done in 9.826239399 seconds.
                    
      Regenerating: 1 file(s) changed at 2026-06-12 15:29:36
                    .run/jekyll.log
                    ...done in 9.835284852 seconds.
                    
      Regenerating: 1 file(s) changed at 2026-06-12 15:29:46
                    .run/jekyll.log
                    ...done in 9.830454162 seconds.
                    
      Regenerating: 1 file(s) changed at 2026-06-12 15:29:56
                    .run/jekyll.log
                    ...done in 9.82329477 seconds.
                    
      Regenerating: 1 file(s) changed at 2026-06-12 15:30:06
                    .run/jekyll.log
                    ...done in 9.763684935 seconds.
                    
      Regenerating: 1 file(s) changed at 2026-06-12 15:30:15
                    .run/jekyll.log
                    ...done in 9.813750232 seconds.
                    
      Regenerating: 1 file(s) changed at 2026-06-12 15:30:25
                    .run/jekyll.log
                    ...done in 9.805864071 seconds.
                    
      Regenerating: 1 file(s) changed at 2026-06-12 15:30:35
                    .run/jekyll.log
                    ...done in 9.896592954 seconds.
                    
      Regenerating: 1 file(s) changed at 2026-06-12 15:30:45
                    .run/jekyll.log
                    ...done in 9.201947511 seconds.
                    
      Regenerating: 1 file(s) changed at 2026-06-12 15:30:55
                    .run/jekyll.log
                    ...done in 10.513674154 seconds.
                    
      Regenerating: 1 file(s) changed at 2026-06-12 15:31:05
                    .run/jekyll.log
                    ...done in 9.737909653 seconds.
                    
      Regenerating: 1 file(s) changed at 2026-06-12 15:31:15
                    .run/jekyll.log
                    ...done in 9.239885225 seconds.
                    
      Regenerating: 1 file(s) changed at 2026-06-12 15:31:24
                    .run/jekyll.log
                    ...done in 9.756431269 seconds.
                    
      Regenerating: 1 file(s) changed at 2026-06-12 15:31:34
                    .run/jekyll.log
                    ...done in 9.257708055 seconds.
                    
      Regenerating: 1 file(s) changed at 2026-06-12 15:31:44
                    .run/jekyll.log
                    ...done in 9.804753943 seconds.
                    
      Regenerating: 1 file(s) changed at 2026-06-12 15:31:54
                    .run/jekyll.log
                    ...done in 9.880341928 seconds.
                    
      Regenerating: 1 file(s) changed at 2026-06-12 15:32:03
                    .run/jekyll.log
                    ...done in 9.863956068 seconds.
                    
      Regenerating: 1 file(s) changed at 2026-06-12 15:32:13
                    .run/jekyll.log
                    ...done in 9.229060057 seconds.
                    
      Regenerating: 1 file(s) changed at 2026-06-12 15:32:23
                    .run/jekyll.log
                    ...done in 9.17521276 seconds.
                    
      Regenerating: 1 file(s) changed at 2026-06-12 15:32:32
                    .run/jekyll.log
                    ...done in 8.533704779 seconds.
                    
      Regenerating: 1 file(s) changed at 2026-06-12 15:32:41
                    .run/jekyll.log
                    ...done in 9.145792065 seconds.
                    
      Regenerating: 1 file(s) changed at 2026-06-12 15:32:50
                    .run/jekyll.log
                    ...done in 9.182447859 seconds.
                    
      Regenerating: 1 file(s) changed at 2026-06-12 15:32:59
                    .run/jekyll.log
                    ...done in 9.256507046 seconds.
                    
      Regenerating: 1 file(s) changed at 2026-06-12 15:33:09
                    .run/jekyll.log
                    ...done in 10.518281597 seconds.
                    
      Regenerating: 1 file(s) changed at 2026-06-12 15:33:19
                    .run/jekyll.log
                    ...done in 9.812106443 seconds.
                    
      Regenerating: 1 file(s) changed at 2026-06-12 15:33:29
                    .run/jekyll.log
                    ...done in 9.93473753 seconds.
                    
      Regenerating: 1 file(s) changed at 2026-06-12 15:33:39
                    .run/jekyll.log
                    ...done in 10.532382628 seconds.
                    
      Regenerating: 1 file(s) changed at 2026-06-12 15:33:50
                    .run/jekyll.log
                    ...done in 9.210608635 seconds.
                    
      Regenerating: 1 file(s) changed at 2026-06-12 15:33:59
                    .run/jekyll.log
                    ...done in 9.967467664 seconds.
                    
      Regenerating: 1 file(s) changed at 2026-06-12 15:34:09
                    .run/jekyll.log
                    ...done in 9.947693863 seconds.
                    
      Regenerating: 1 file(s) changed at 2026-06-12 15:34:19
                    .run/jekyll.log
                    ...done in 9.229383294 seconds.
                    
      Regenerating: 1 file(s) changed at 2026-06-12 15:34:29
                    .run/jekyll.log
                    ...done in 9.897461175 seconds.
                    
      Regenerating: 1 file(s) changed at 2026-06-12 15:34:39
                    .run/jekyll.log
                    ...done in 9.287339126 seconds.
                    
      Regenerating: 1 file(s) changed at 2026-06-12 15:34:48
                    .run/jekyll.log
                    ...done in 10.521182852 seconds.
                    
      Regenerating: 1 file(s) changed at 2026-06-12 15:34:59
                    .run/jekyll.log
                    ...done in 9.89537745 seconds.
                    
      Regenerating: 1 file(s) changed at 2026-06-12 15:35:09
                    .run/jekyll.log
                    ...done in 9.258488031 seconds.
                    
      Regenerating: 1 file(s) changed at 2026-06-12 15:35:18
                    .run/jekyll.log
                    ...done in 9.866811012 seconds.
                    
      Regenerating: 1 file(s) changed at 2026-06-12 15:35:28
                    .run/jekyll.log
                    ...done in 9.97494295 seconds.
                    
      Regenerating: 1 file(s) changed at 2026-06-12 15:35:38
                    .run/jekyll.log
                    ...done in 9.907337381 seconds.
                    
      Regenerating: 1 file(s) changed at 2026-06-12 15:35:48
                    .run/jekyll.log
                    ...done in 9.263994281 seconds.
                    
      Regenerating: 1 file(s) changed at 2026-06-12 15:35:57
                    .run/jekyll.log
                    ...done in 10.562413617 seconds.
                    
      Regenerating: 1 file(s) changed at 2026-06-12 15:36:08
                    .run/jekyll.log
                    ...done in 9.216722977 seconds.
                    
      Regenerating: 1 file(s) changed at 2026-06-12 15:36:17
                    .run/jekyll.log
                    ...done in 10.555207336 seconds.
                    
      Regenerating: 1 file(s) changed at 2026-06-12 15:36:28
                    .run/jekyll.log
                    ...done in 10.674037061 seconds.
                    
      Regenerating: 1 file(s) changed at 2026-06-12 15:36:39
                    .run/jekyll.log
                    ...done in 9.926357052 seconds.
                    
      Regenerating: 1 file(s) changed at 2026-06-12 15:36:49
                    .run/jekyll.log
                    ...done in 9.224303329 seconds.
                    
      Regenerating: 1 file(s) changed at 2026-06-12 15:36:58
                    .run/jekyll.log
                    ...done in 9.910137085 seconds.
                    
      Regenerating: 1 file(s) changed at 2026-06-12 15:37:08
                    .run/jekyll.log
                    ...done in 9.249301611 seconds.
                    
      Regenerating: 1 file(s) changed at 2026-06-12 15:37:17
                    .run/jekyll.log
                    ...done in 10.396823359 seconds.
                    
      Regenerating: 1 file(s) changed at 2026-06-12 15:37:28
                    .run/jekyll.log
                    ...done in 9.719890259 seconds.
                    
      Regenerating: 1 file(s) changed at 2026-06-12 15:37:38
                    .run/jekyll.log
                    ...done in 9.81461129 seconds.
                    
      Regenerating: 1 file(s) changed at 2026-06-12 15:37:48
                    .run/jekyll.log
                    ...done in 9.184975136 seconds.
                    
      Regenerating: 1 file(s) changed at 2026-06-12 15:37:57
                    .run/jekyll.log
                    ...done in 10.424129895 seconds.
                    
      Regenerating: 1 file(s) changed at 2026-06-12 15:38:07
                    .run/jekyll.log
                    ...done in 9.133754018 seconds.
                    
      Regenerating: 1 file(s) changed at 2026-06-12 15:38:17
                    .run/jekyll.log
                    ...done in 10.424592398 seconds.
                    
      Regenerating: 1 file(s) changed at 2026-06-12 15:38:27
                    .run/jekyll.log
                    ...done in 9.774191561 seconds.
                    
      Regenerating: 1 file(s) changed at 2026-06-12 15:38:37
                    .run/jekyll.log
                    ...done in 9.718229379 seconds.
                    
      Regenerating: 1 file(s) changed at 2026-06-12 15:38:47
                    .run/jekyll.log
                    ...done in 9.160014058 seconds.
                    
      Regenerating: 1 file(s) changed at 2026-06-12 15:38:56
                    .run/jekyll.log
                    ...done in 10.475587317 seconds.
                    
      Regenerating: 1 file(s) changed at 2026-06-12 15:39:07
                    .run/jekyll.log
                    ...done in 9.125304085 seconds.
                    
      Regenerating: 1 file(s) changed at 2026-06-12 15:39:16
                    .run/jekyll.log
                    ...done in 9.805997403 seconds.
                    
      Regenerating: 1 file(s) changed at 2026-06-12 15:39:26
                    .run/jekyll.log
                    ...done in 9.146042375 seconds.
                    
      Regenerating: 1 file(s) changed at 2026-06-12 15:39:35
                    .run/jekyll.log
                    ...done in 10.404668347 seconds.
                    
      Regenerating: 1 file(s) changed at 2026-06-12 15:39:46
                    .run/jekyll.log
                    ...done in 9.174824488 seconds.
                    
      Regenerating: 1 file(s) changed at 2026-06-12 15:39:55
                    .run/jekyll.log
                    ...done in 11.16678934 seconds.
                    
      Regenerating: 1 file(s) changed at 2026-06-12 15:40:06
                    .run/jekyll.log
                    ...done in 9.722990011 seconds.
                    
      Regenerating: 1 file(s) changed at 2026-06-12 15:40:16
                    .run/jekyll.log
                    ...done in 9.719426872 seconds.
                    
      Regenerating: 1 file(s) changed at 2026-06-12 15:40:26
                    .run/jekyll.log
                    ...done in 9.745717335 seconds.
                    
      Regenerating: 1 file(s) changed at 2026-06-12 15:40:36
                    .run/jekyll.log
                    ...done in 9.771844629 seconds.
                    
      Regenerating: 1 file(s) changed at 2026-06-12 15:40:46
                    .run/jekyll.log
                    ...done in 10.53069897 seconds.
                    
      Regenerating: 1 file(s) changed at 2026-06-12 15:40:56
                    .run/jekyll.log
                    ...done in 9.862475571 seconds.
                    
      Regenerating: 1 file(s) changed at 2026-06-12 15:41:06
                    .run/jekyll.log
                    ...done in 9.264588027 seconds.
                    
      Regenerating: 1 file(s) changed at 2026-06-12 15:41:16
                    .run/jekyll.log
                    ...done in 9.833218326 seconds.
                    
      Regenerating: 1 file(s) changed at 2026-06-12 15:41:25
                    .run/jekyll.log
                    ...done in 10.462141386 seconds.
                    
      Regenerating: 1 file(s) changed at 2026-06-12 15:41:36
                    .run/jekyll.log
                    ...done in 9.224970045 seconds.
                    
      Regenerating: 1 file(s) changed at 2026-06-12 15:41:45
                    .run/jekyll.log
                    ...done in 10.484486129 seconds.
                    
      Regenerating: 1 file(s) changed at 2026-06-12 15:41:56
                    .run/jekyll.log
                    ...done in 9.178868795 seconds.
                    
      Regenerating: 1 file(s) changed at 2026-06-12 15:42:05
                    .run/jekyll.log
                    ...done in 10.373123614 seconds.
                    
      Regenerating: 1 file(s) changed at 2026-06-12 15:42:16
                    .run/jekyll.log
                    ...done in 9.171498654 seconds.
                    
      Regenerating: 1 file(s) changed at 2026-06-12 15:42:25
                    .run/jekyll.log
                    ...done in 11.142810761 seconds.
                    
      Regenerating: 1 file(s) changed at 2026-06-12 15:42:36
                    .run/jekyll.log
                    ...done in 10.48135348 seconds.
                    
      Regenerating: 1 file(s) changed at 2026-06-12 15:42:47
                    .run/jekyll.log
                    ...done in 10.496158512 seconds.
                    
      Regenerating: 1 file(s) changed at 2026-06-12 15:42:57
                    .run/jekyll.log
                    ...done in 9.075107762 seconds.
                    
      Regenerating: 1 file(s) changed at 2026-06-12 15:43:07
                    .run/jekyll.log
                    ...done in 9.753017552 seconds.
                    
      Regenerating: 1 file(s) changed at 2026-06-12 15:43:16
                    .run/jekyll.log
                    ...done in 9.739709782 seconds.
                    
      Regenerating: 1 file(s) changed at 2026-06-12 15:43:26
                    .run/jekyll.log
                    ...done in 9.713218971 seconds.
                    
      Regenerating: 1 file(s) changed at 2026-06-12 15:43:36
                    .run/jekyll.log
                    ...done in 10.475099459 seconds.
                    
      Regenerating: 1 file(s) changed at 2026-06-12 15:43:47
                    .run/jekyll.log
                    ...done in 9.735145328 seconds.
                    
      Regenerating: 1 file(s) changed at 2026-06-12 15:43:56
                    .run/jekyll.log
                    ...done in 9.168853141 seconds.
                    
      Regenerating: 1 file(s) changed at 2026-06-12 15:44:06
                    .run/jekyll.log
                    ...done in 11.106710964 seconds.
                    
      Regenerating: 1 file(s) changed at 2026-06-12 15:44:17
                    .run/jekyll.log
                    ...done in 9.694873045 seconds.
                    
      Regenerating: 1 file(s) changed at 2026-06-12 15:44:27
                    .run/jekyll.log
                    ...done in 9.74322768 seconds.
                    
      Regenerating: 1 file(s) changed at 2026-06-12 15:44:37
                    .run/jekyll.log
                    ...done in 9.204952272 seconds.
                    
      Regenerating: 1 file(s) changed at 2026-06-12 15:44:46
                    .run/jekyll.log
                    ...done in 10.485420594 seconds.
                    
      Regenerating: 1 file(s) changed at 2026-06-12 15:44:56
                    .run/jekyll.log
                    ...done in 9.790069238 seconds.
                    
      Regenerating: 1 file(s) changed at 2026-06-12 15:45:06
                    .run/jekyll.log
                    ...done in 10.431125589 seconds.
                    
      Regenerating: 1 file(s) changed at 2026-06-12 15:45:17
                    .run/jekyll.log
                    ...done in 9.757941389 seconds.
                    
      Regenerating: 1 file(s) changed at 2026-06-12 15:45:27
                    .run/jekyll.log
                    ...done in 9.723997032 seconds.
                    
      Regenerating: 1 file(s) changed at 2026-06-12 15:45:37
                    .run/jekyll.log
                    ...done in 9.883090851 seconds.
                    
      Regenerating: 1 file(s) changed at 2026-06-12 15:45:47
                    .run/jekyll.log
                    ...done in 9.788879457 seconds.
                    
      Regenerating: 1 file(s) changed at 2026-06-12 15:45:56
                    .run/jekyll.log
                    ...done in 9.837857185 seconds.
                    
      Regenerating: 1 file(s) changed at 2026-06-12 15:46:06
                    .run/jekyll.log
                    ...done in 9.850904897 seconds.
                    
      Regenerating: 1 file(s) changed at 2026-06-12 15:46:16
                    .run/jekyll.log
                    ...done in 9.798918663 seconds.
                    
      Regenerating: 1 file(s) changed at 2026-06-12 15:46:26
                    .run/jekyll.log
                    ...done in 9.207990116 seconds.
                    
      Regenerating: 1 file(s) changed at 2026-06-12 15:46:36
                    .run/jekyll.log
                    ...done in 10.512405137 seconds.
                    
      Regenerating: 1 file(s) changed at 2026-06-12 15:46:46
                    .run/jekyll.log
                    ...done in 9.840780383 seconds.
                    
      Regenerating: 1 file(s) changed at 2026-06-12 15:46:56
                    .run/jekyll.log
                    ...done in 9.804487405 seconds.
                    
      Regenerating: 1 file(s) changed at 2026-06-12 15:47:06
                    .run/jekyll.log
                    ...done in 9.787297338 seconds.
                    
      Regenerating: 1 file(s) changed at 2026-06-12 15:47:16
                    .run/jekyll.log
                    ...done in 9.166234675 seconds.
                    
      Regenerating: 1 file(s) changed at 2026-06-12 15:47:25
                    .run/jekyll.log
                    ...done in 10.455561133 seconds.
                    
      Regenerating: 1 file(s) changed at 2026-06-12 15:47:36
                    .run/jekyll.log
                    ...done in 9.160048974 seconds.
                    
      Regenerating: 1 file(s) changed at 2026-06-12 15:47:45
                    .run/jekyll.log
                    ...done in 9.821879378 seconds.
                    
      Regenerating: 1 file(s) changed at 2026-06-12 15:47:55
                    .run/jekyll.log
                    ...done in 9.865464716 seconds.
                    
      Regenerating: 1 file(s) changed at 2026-06-12 15:48:05
                    .run/jekyll.log
                    ...done in 9.80826485 seconds.
                    
      Regenerating: 1 file(s) changed at 2026-06-12 15:48:15
                    .run/jekyll.log
                    ...done in 9.82484585 seconds.
                    
      Regenerating: 1 file(s) changed at 2026-06-12 15:48:25
                    .run/jekyll.log
                    ...done in 9.147671295 seconds.
                    
      Regenerating: 1 file(s) changed at 2026-06-12 15:48:34
                    .run/jekyll.log
                    ...done in 9.731415974 seconds.
                    
      Regenerating: 1 file(s) changed at 2026-06-12 15:48:44
                    .run/jekyll.log
                    ...done in 9.265374521 seconds.
                    
      Regenerating: 1 file(s) changed at 2026-06-12 15:48:53
                    .run/jekyll.log
                    ...done in 10.512957125 seconds.
                    
      Regenerating: 1 file(s) changed at 2026-06-12 15:49:04
                    .run/jekyll.log
                    ...done in 9.775798825 seconds.
                    
      Regenerating: 1 file(s) changed at 2026-06-12 15:49:14
                    .run/jekyll.log
                    ...done in 9.159289275 seconds.
                    
      Regenerating: 1 file(s) changed at 2026-06-12 15:49:23
                    .run/jekyll.log
                    ...done in 9.747559879 seconds.
                    
      Regenerating: 1 file(s) changed at 2026-06-12 15:49:33
                    .run/jekyll.log
                    ...done in 9.82283819 seconds.
                    
      Regenerating: 1 file(s) changed at 2026-06-12 15:49:43
                    .run/jekyll.log
                    ...done in 9.809761709 seconds.
                    
      Regenerating: 1 file(s) changed at 2026-06-12 15:49:53
                    .run/jekyll.log
                    ...done in 9.887239769 seconds.
                    
      Regenerating: 1 file(s) changed at 2026-06-12 15:50:03
                    .run/jekyll.log
                    ...done in 9.755802804 seconds.
                    
      Regenerating: 1 file(s) changed at 2026-06-12 15:50:12
                    .run/jekyll.log
                    ...done in 9.199969153 seconds.
                    
      Regenerating: 1 file(s) changed at 2026-06-12 15:50:22
                    .run/jekyll.log
                    ...done in 10.49993232 seconds.
                    
      Regenerating: 1 file(s) changed at 2026-06-12 15:50:32
                    .run/jekyll.log
                    ...done in 9.894189317 seconds.
                    
      Regenerating: 1 file(s) changed at 2026-06-12 15:50:42
                    .run/jekyll.log
                    ...done in 9.298793162 seconds.
                    
      Regenerating: 1 file(s) changed at 2026-06-12 15:50:52
                    .run/jekyll.log
                    ...done in 10.599631791 seconds.
                    
      Regenerating: 1 file(s) changed at 2026-06-12 15:51:02
                    .run/jekyll.log
                    ...done in 10.639240799 seconds.
                    
      Regenerating: 1 file(s) changed at 2026-06-12 15:51:13
                    .run/jekyll.log
                    ...done in 9.878350651 seconds.
                    
      Regenerating: 1 file(s) changed at 2026-06-12 15:51:23
                    .run/jekyll.log
                    ...done in 9.837962356 seconds.
                    
      Regenerating: 1 file(s) changed at 2026-06-12 15:51:33
                    .run/jekyll.log
                    ...done in 9.838242292 seconds.
                    
      Regenerating: 1 file(s) changed at 2026-06-12 15:51:43
                    .run/jekyll.log
                    ...done in 10.587712471 seconds.
                    
      Regenerating: 1 file(s) changed at 2026-06-12 15:51:54
                    .run/jekyll.log
                    ...done in 11.274455989 seconds.
                    
      Regenerating: 1 file(s) changed at 2026-06-12 15:52:05
                    .run/jekyll.log
                    ...done in 9.834494931 seconds.
                    
      Regenerating: 1 file(s) changed at 2026-06-12 15:52:15
                    .run/jekyll.log
                    ...done in 9.942592094 seconds.
                    
      Regenerating: 1 file(s) changed at 2026-06-12 15:52:25
                    .run/jekyll.log
                    ...done in 9.885439668 seconds.
                    
      Regenerating: 1 file(s) changed at 2026-06-12 15:52:35
                    .run/jekyll.log
                    ...done in 9.795200353 seconds.
                    
      Regenerating: 1 file(s) changed at 2026-06-12 15:52:45
                    .run/jekyll.log
                    ...done in 9.910838044 seconds.
                    
      Regenerating: 1 file(s) changed at 2026-06-12 15:52:55
                    .run/jekyll.log
                    ...done in 10.03982165 seconds.
                    
      Regenerating: 1 file(s) changed at 2026-06-12 15:53:05
                    .run/jekyll.log
                    ...done in 9.879043392 seconds.
                    
      Regenerating: 1 file(s) changed at 2026-06-12 15:53:15
                    .run/jekyll.log
                    ...done in 9.922000953 seconds.
                    
      Regenerating: 1 file(s) changed at 2026-06-12 15:53:25
                    .run/jekyll.log
                    ...done in 9.336552319 seconds.
                    
      Regenerating: 1 file(s) changed at 2026-06-12 15:53:35
                    .run/jekyll.log
                    ...done in 10.67362414 seconds.
                    
      Regenerating: 1 file(s) changed at 2026-06-12 15:53:45
                    .run/jekyll.log
                    ...done in 10.70247568 seconds.
                    
      Regenerating: 1 file(s) changed at 2026-06-12 15:53:56
                    .run/jekyll.log
                    ...done in 9.973195674 seconds.
                    
      Regenerating: 1 file(s) changed at 2026-06-12 15:54:06
                    .run/jekyll.log
                    ...done in 10.637571917 seconds.
                    
      Regenerating: 1 file(s) changed at 2026-06-12 15:54:17
                    .run/jekyll.log
                    ...done in 9.215062501 seconds.
                    
      Regenerating: 1 file(s) changed at 2026-06-12 15:54:26
                    .run/jekyll.log
                    ...done in 9.277607223 seconds.
                    
      Regenerating: 1 file(s) changed at 2026-06-12 15:54:36
                    .run/jekyll.log
                    ...done in 9.954862529 seconds.
                    
      Regenerating: 1 file(s) changed at 2026-06-12 15:54:46
                    .run/jekyll.log
                    ...done in 9.525017319 seconds.
                    
      Regenerating: 1 file(s) changed at 2026-06-12 15:54:55
                    .run/jekyll.log
                    ...done in 10.84719323 seconds.
                    
      Regenerating: 1 file(s) changed at 2026-06-12 15:55:06
                    .run/jekyll.log
                    ...done in 9.525154729 seconds.
                    
      Regenerating: 1 file(s) changed at 2026-06-12 15:55:16
                    .run/jekyll.log
                    ...done in 11.485428604 seconds.
                    
      Regenerating: 1 file(s) changed at 2026-06-12 15:55:27
                    .run/jekyll.log
                    ...done in 10.261905866 seconds.
                    
      Regenerating: 1 file(s) changed at 2026-06-12 15:55:38
                    .run/jekyll.log
                    ...done in 9.706810865 seconds.
                    
      Regenerating: 1 file(s) changed at 2026-06-12 15:55:48
                    .run/jekyll.log
                    ...done in 10.26337275 seconds.
                    
      Regenerating: 1 file(s) changed at 2026-06-12 15:55:58
                    .run/jekyll.log
                    ...done in 10.388996078 seconds.
                    
      Regenerating: 1 file(s) changed at 2026-06-12 15:56:08
                    .run/jekyll.log
                    ...done in 10.487633322 seconds.
                    
      Regenerating: 1 file(s) changed at 2026-06-12 15:56:19
                    .run/jekyll.log
                    ...done in 10.2034779 seconds.
                    
      Regenerating: 1 file(s) changed at 2026-06-12 15:56:29
                    .run/jekyll.log
                    ...done in 12.82507356 seconds.
                    
      Regenerating: 1 file(s) changed at 2026-06-12 15:56:42
                    .run/jekyll.log
                    ...done in 12.451964758 seconds.
                    
      Regenerating: 1 file(s) changed at 2026-06-12 15:56:55
                    .run/jekyll.log
                    ...done in 13.060072658 seconds.
                    
      Regenerating: 1 file(s) changed at 2026-06-12 15:57:08
                    .run/jekyll.log
                    ...done in 12.088913245 seconds.
                    
      Regenerating: 1 file(s) changed at 2026-06-12 15:57:20
                    .run/jekyll.log
                    ...done in 10.170676074 seconds.
                    
      Regenerating: 1 file(s) changed at 2026-06-12 15:57:30
                    .run/jekyll.log
                    ...done in 10.158543169 seconds.
                    
      Regenerating: 1 file(s) changed at 2026-06-12 15:57:41
                    .run/jekyll.log
                    ...done in 16.61568654 seconds.
                    
      Regenerating: 1 file(s) changed at 2026-06-12 15:57:57
                    .run/jekyll.log
                    ...done in 11.12922941 seconds.
                    
      Regenerating: 1 file(s) changed at 2026-06-12 15:58:09
                    .run/jekyll.log
                    ...done in 9.680507185 seconds.
                    
      Regenerating: 1 file(s) changed at 2026-06-12 15:58:18
                    .run/jekyll.log
                    ...done in 10.386277673 seconds.
                    
      Regenerating: 1 file(s) changed at 2026-06-12 15:58:29
                    .run/jekyll.log
                    ...done in 9.674332281 seconds.
                    
      Regenerating: 1 file(s) changed at 2026-06-12 15:58:39
                    .run/jekyll.log
                    ...done in 10.461072316 seconds.
                    
      Regenerating: 1 file(s) changed at 2026-06-12 15:58:49
                    .run/jekyll.log
                    ...done in 9.615353025 seconds.
                    
      Regenerating: 1 file(s) changed at 2026-06-12 15:58:59
                    .run/jekyll.log
                    ...done in 10.485504137 seconds.
                    
      Regenerating: 1 file(s) changed at 2026-06-12 15:59:10
                    .run/jekyll.log
                    ...done in 9.797376493 seconds.
                    
      Regenerating: 1 file(s) changed at 2026-06-12 15:59:19
                    .run/jekyll.log
                    ...done in 10.518151934 seconds.
                    
      Regenerating: 1 file(s) changed at 2026-06-12 15:59:30
                    .run/jekyll.log
                    ...done in 9.800438555 seconds.
                    
      Regenerating: 1 file(s) changed at 2026-06-12 15:59:40
                    .run/jekyll.log
                    ...done in 10.536604624 seconds.
                    
      Regenerating: 1 file(s) changed at 2026-06-12 15:59:51
                    .run/jekyll.log
                    ...done in 9.485719588 seconds.
                    
      Regenerating: 1 file(s) changed at 2026-06-12 16:00:00
                    .run/jekyll.log
                    ...done in 8.861887337 seconds.
                    
      Regenerating: 1 file(s) changed at 2026-06-12 16:00:09
                    .run/jekyll.log
                    ...done in 10.148203989 seconds.
                    
      Regenerating: 1 file(s) changed at 2026-06-12 16:00:19
                    .run/jekyll.log
                    ...done in 8.883295927 seconds.
                    
      Regenerating: 1 file(s) changed at 2026-06-12 16:00:28
                    .run/jekyll.log
                    ...done in 10.179645369 seconds.
                    
      Regenerating: 1 file(s) changed at 2026-06-12 16:00:39
                    .run/jekyll.log
                    ...done in 10.502138632 seconds.
                    
      Regenerating: 1 file(s) changed at 2026-06-12 16:00:49
                    .run/jekyll.log
                    ...done in 9.657581934 seconds.
                    
      Regenerating: 1 file(s) changed at 2026-06-12 16:00:59
                    .run/jekyll.log
                    ...done in 8.825783806 seconds.
                    
      Regenerating: 1 file(s) changed at 2026-06-12 16:01:08
                    .run/jekyll.log
                    ...done in 10.150232551 seconds.
                    
      Regenerating: 1 file(s) changed at 2026-06-12 16:01:18
                    .run/jekyll.log
                    ...done in 9.498684119 seconds.
                    
      Regenerating: 1 file(s) changed at 2026-06-12 16:01:28
                    .run/jekyll.log
                    ...done in 8.975563909 seconds.
                    
      Regenerating: 1 file(s) changed at 2026-06-12 16:01:37
                    .run/jekyll.log
                    ...done in 10.409778096 seconds.
                    
      Regenerating: 1 file(s) changed at 2026-06-12 16:01:47
                    .run/jekyll.log
                    ...done in 9.715893041 seconds.
                    
      Regenerating: 1 file(s) changed at 2026-06-12 16:01:57
                    .run/jekyll.log
                    ...done in 9.731997641 seconds.
                    
      Regenerating: 1 file(s) changed at 2026-06-12 16:02:07
                    .run/jekyll.log
                    ...done in 9.752207304 seconds.
                    
      Regenerating: 1 file(s) changed at 2026-06-12 16:02:17
                    .run/jekyll.log
                    ...done in 10.461870114 seconds.
                    
      Regenerating: 1 file(s) changed at 2026-06-12 16:02:27
                    .run/jekyll.log
                    ...done in 10.438539568 seconds.
                    
      Regenerating: 1 file(s) changed at 2026-06-12 16:02:38
                    .run/jekyll.log
                    ...done in 10.516728554 seconds.
                    
      Regenerating: 1 file(s) changed at 2026-06-12 16:02:49
                    .run/jekyll.log
                    ...done in 9.771837894 seconds.
                    
      Regenerating: 1 file(s) changed at 2026-06-12 16:02:59
                    .run/jekyll.log
                    ...done in 9.740307717 seconds.
                    
      Regenerating: 1 file(s) changed at 2026-06-12 16:03:08
                    .run/jekyll.log
                    ...done in 11.221719571 seconds.
                    
      Regenerating: 1 file(s) changed at 2026-06-12 16:03:20
                    .run/jekyll.log
                    ...done in 11.91482933 seconds.
                    
      Regenerating: 1 file(s) changed at 2026-06-12 16:03:32
                    .run/jekyll.log
                    ...done in 11.204333071 seconds.
                    
      Regenerating: 1 file(s) changed at 2026-06-12 16:03:43
                    .run/jekyll.log
                    ...done in 13.325053559 seconds.
                    
      Regenerating: 1 file(s) changed at 2026-06-12 16:03:56
                    .run/jekyll.log
                    ...done in 11.834304229 seconds.
                    
      Regenerating: 1 file(s) changed at 2026-06-12 16:04:08
                    .run/jekyll.log
                    ...done in 9.091390162 seconds.
                    
      Regenerating: 1 file(s) changed at 2026-06-12 16:04:18
                    .run/jekyll.log
                    ...done in 10.450238171 seconds.
                    
      Regenerating: 1 file(s) changed at 2026-06-12 16:04:28
                    .run/jekyll.log
                    ...done in 10.470558694 seconds.
                    
      Regenerating: 1 file(s) changed at 2026-06-12 16:04:39
                    .run/jekyll.log
                    ...done in 9.757695518 seconds.
                    
      Regenerating: 1 file(s) changed at 2026-06-12 16:04:49
                    .run/jekyll.log
                    ...done in 10.468944572 seconds.
                    
      Regenerating: 1 file(s) changed at 2026-06-12 16:04:59
                    .run/jekyll.log
                    ...done in 9.730093084 seconds.
                    
      Regenerating: 1 file(s) changed at 2026-06-12 16:05:09
                    .run/jekyll.log
                    ...done in 9.826237753 seconds.
                    
      Regenerating: 1 file(s) changed at 2026-06-12 16:05:19
                    .run/jekyll.log
                    ...done in 9.784928446 seconds.
                    
      Regenerating: 1 file(s) changed at 2026-06-12 16:05:29
                    .run/jekyll.log
                    ...done in 9.763383563 seconds.
                    
      Regenerating: 1 file(s) changed at 2026-06-12 16:05:39
                    .run/jekyll.log
                    ...done in 9.768853793 seconds.
                    
      Regenerating: 1 file(s) changed at 2026-06-12 16:05:48
                    .run/jekyll.log
                    ...done in 9.745586206 seconds.
                    
      Regenerating: 1 file(s) changed at 2026-06-12 16:05:58
                    .run/jekyll.log
                    ...done in 9.500184846 seconds.
                    
      Regenerating: 1 file(s) changed at 2026-06-12 16:06:08
                    .run/jekyll.log
                    ...done in 9.521524888 seconds.
                    
      Regenerating: 1 file(s) changed at 2026-06-12 16:06:18
                    .run/jekyll.log
                    ...done in 9.524081088 seconds.
                    
      Regenerating: 1 file(s) changed at 2026-06-12 16:06:27
                    .run/jekyll.log
                    ...done in 10.304052064 seconds.
                    
      Regenerating: 1 file(s) changed at 2026-06-12 16:06:38
                    .run/jekyll.log
                    ...done in 9.796889334 seconds.
                    
      Regenerating: 1 file(s) changed at 2026-06-12 16:06:47
                    .run/jekyll.log
                    ...done in 9.797042152 seconds.
                    
      Regenerating: 1 file(s) changed at 2026-06-12 16:06:57
                    .run/jekyll.log
                    ...done in 9.806314154 seconds.
                    
      Regenerating: 1 file(s) changed at 2026-06-12 16:07:07
                    .run/jekyll.log
                    ...done in 9.829045351 seconds.
                    
      Regenerating: 1 file(s) changed at 2026-06-12 16:07:17
                    .run/jekyll.log
                    ...done in 9.259278081 seconds.
                    
      Regenerating: 1 file(s) changed at 2026-06-12 16:07:27
                    .run/jekyll.log
                    ...done in 14.480632178 seconds.
                    
      Regenerating: 2 file(s) changed at 2026-06-12 16:07:41
                    .run/jekyll.log
                    .run/tutorial_backend.log
                    ...done in 16.032986598 seconds.
                    
      Regenerating: 2 file(s) changed at 2026-06-12 16:07:57
                    .run/jekyll.log
                    .run/tutorial_backend.log
                    ...done in 12.693294669 seconds.
                    
      Regenerating: 2 file(s) changed at 2026-06-12 16:08:10
                    .run/jekyll.log
                    .run/tutorial_backend.log
                    ...done in 11.804784274 seconds.
                    
      Regenerating: 1 file(s) changed at 2026-06-12 16:08:22
                    .run/jekyll.log
                    ...done in 11.849413843 seconds.
                    
      Regenerating: 1 file(s) changed at 2026-06-12 16:08:34
                    .run/jekyll.log
                    ...done in 11.206925007 seconds.
                    
      Regenerating: 1 file(s) changed at 2026-06-12 16:08:45
                    .run/jekyll.log
                    ...done in 10.061864026 seconds.
                    
      Regenerating: 1 file(s) changed at 2026-06-12 16:08:55
                    .run/jekyll.log
                    ...done in 11.040191372 seconds.
                    
      Regenerating: 1 file(s) changed at 2026-06-12 16:09:07
                    .run/jekyll.log
                    ...done in 11.120582069 seconds.
                    
      Regenerating: 1 file(s) changed at 2026-06-12 16:09:18
                    .run/jekyll.log
                    ...done in 9.877204893 seconds.
                    
      Regenerating: 1 file(s) changed at 2026-06-12 16:09:28
                    .run/jekyll.log
                    ...done in 11.273874794 seconds.
                    
      Regenerating: 1 file(s) changed at 2026-06-12 16:09:39
                    .run/jekyll.log
                    ...done in 9.870733977 seconds.
                    
      Regenerating: 1 file(s) changed at 2026-06-12 16:09:49
                    .run/jekyll.log
                    ...done in 10.385223469 seconds.
                    
      Regenerating: 1 file(s) changed at 2026-06-12 16:10:00
                    .run/jekyll.log
                    ...done in 10.593331253 seconds.
                    
      Regenerating: 1 file(s) changed at 2026-06-12 16:10:10
                    .run/jekyll.log
                    ...done in 11.629620811 seconds.
                    
      Regenerating: 1 file(s) changed at 2026-06-12 16:10:22
                    .run/jekyll.log
                    ...done in 11.611772198 seconds.
                    
      Regenerating: 1 file(s) changed at 2026-06-12 16:10:34
                    .run/jekyll.log
                    ...done in 10.768356098 seconds.
                    
      Regenerating: 1 file(s) changed at 2026-06-12 16:10:45
                    .run/jekyll.log
                    ...done in 11.413943373 seconds.
                    
      Regenerating: 1 file(s) changed at 2026-06-12 16:10:56
                    .run/jekyll.log
                    ...done in 10.827712493 seconds.
                    
      Regenerating: 1 file(s) changed at 2026-06-12 16:11:07
                    .run/jekyll.log
                    ...done in 9.893871856 seconds.
                    
      Regenerating: 1 file(s) changed at 2026-06-12 16:11:17
                    .run/jekyll.log
                    ...done in 11.007682002 seconds.
                    
      Regenerating: 1 file(s) changed at 2026-06-12 16:11:28
                    .run/jekyll.log
                    ...done in 11.438137484 seconds.
                    
      Regenerating: 1 file(s) changed at 2026-06-12 16:11:40
                    .run/jekyll.log
                    ...done in 10.865455709 seconds.
                    
      Regenerating: 1 file(s) changed at 2026-06-12 16:11:51
                    .run/jekyll.log
                    ...done in 9.868106231 seconds.
                    
      Regenerating: 1 file(s) changed at 2026-06-12 16:12:01
                    .run/jekyll.log
                    ...done in 11.254518227 seconds.
                    
      Regenerating: 1 file(s) changed at 2026-06-12 16:12:12
                    .run/jekyll.log
                    ...done in 11.661755527 seconds.
                    
      Regenerating: 1 file(s) changed at 2026-06-12 16:12:24
                    .run/jekyll.log
                    ...done in 10.867801536 seconds.
                    
      Regenerating: 1 file(s) changed at 2026-06-12 16:12:35
                    .run/jekyll.log
                    ...done in 11.418526013 seconds.
                    
      Regenerating: 1 file(s) changed at 2026-06-12 16:12:46
                    .run/jekyll.log
                    ...done in 10.392988079 seconds.
                    
      Regenerating: 1 file(s) changed at 2026-06-12 16:12:57
                    .run/jekyll.log
                    ...done in 9.603441871 seconds.
                    
      Regenerating: 1 file(s) changed at 2026-06-12 16:13:06
                    .run/jekyll.log
                    ...done in 10.777721847 seconds.
                    
      Regenerating: 1 file(s) changed at 2026-06-12 16:13:17
                    .run/jekyll.log
                    ...done in 10.753903531 seconds.
                    
      Regenerating: 1 file(s) changed at 2026-06-12 16:13:28
                    .run/jekyll.log
                    ...done in 11.520272316 seconds.
                    
      Regenerating: 1 file(s) changed at 2026-06-12 16:13:40
                    .run/jekyll.log
                    ...done in 10.666259623 seconds.
                    
      Regenerating: 1 file(s) changed at 2026-06-12 16:13:51
                    .run/jekyll.log
                    ...done in 9.899834601 seconds.
                    
      Regenerating: 1 file(s) changed at 2026-06-12 16:14:01
                    .run/jekyll.log
                    ...done in 11.075856882 seconds.
                    
      Regenerating: 1 file(s) changed at 2026-06-12 16:14:12
                    .run/jekyll.log
                    ...done in 9.353294021 seconds.
                    
      Regenerating: 1 file(s) changed at 2026-06-12 16:14:21
                    .run/jekyll.log
                    ...done in 11.464158679 seconds.
                    
      Regenerating: 1 file(s) changed at 2026-06-12 16:14:33
                    .run/jekyll.log
                    ...done in 9.975248137 seconds.
                    
      Regenerating: 1 file(s) changed at 2026-06-12 16:14:43
                    .run/jekyll.log
                    ...done in 9.990986582 seconds.
                    
      Regenerating: 1 file(s) changed at 2026-06-12 16:14:53
                    .run/jekyll.log
                    ...done in 9.29474631 seconds.
                    
      Regenerating: 1 file(s) changed at 2026-06-12 16:15:02
                    .run/jekyll.log
                    ...done in 10.667144711 seconds.
                    
      Regenerating: 1 file(s) changed at 2026-06-12 16:15:13
                    .run/jekyll.log
                    ...done in 9.29088431 seconds.
                    
      Regenerating: 1 file(s) changed at 2026-06-12 16:15:22
                    .run/jekyll.log
                    ...done in 9.860963006 seconds.
                    
      Regenerating: 1 file(s) changed at 2026-06-12 16:15:32
                    .run/jekyll.log
                    ...done in 9.972806009 seconds.
                    
      Regenerating: 1 file(s) changed at 2026-06-12 16:15:42
                    .run/jekyll.log
                    ...done in 9.983878612 seconds.
                    
      Regenerating: 1 file(s) changed at 2026-06-12 16:15:53
                    .run/jekyll.log
                    ...done in 9.341238701 seconds.
                    
      Regenerating: 1 file(s) changed at 2026-06-12 16:16:02
                    .run/jekyll.log
                    ...done in 12.409527483 seconds.
                    
      Regenerating: 1 file(s) changed at 2026-06-12 16:16:15
                    .run/jekyll.log
                    ...done in 11.728457755 seconds.
                    
      Regenerating: 1 file(s) changed at 2026-06-12 16:16:26
                    .run/jekyll.log
                    ...done in 10.723387095 seconds.
                    
      Regenerating: 1 file(s) changed at 2026-06-12 16:16:37
                    .run/jekyll.log
                    ...done in 10.23585248 seconds.
                    
      Regenerating: 1 file(s) changed at 2026-06-12 16:16:47
                    .run/jekyll.log
                    ...done in 12.64587933 seconds.
                    
      Regenerating: 1 file(s) changed at 2026-06-12 16:17:00
                    .run/jekyll.log
                    ...done in 10.488009925 seconds.
                    
      Regenerating: 1 file(s) changed at 2026-06-12 16:17:11
                    .run/jekyll.log
                    ...done in 12.174597377 seconds.
                    
      Regenerating: 1 file(s) changed at 2026-06-12 16:17:23
                    .run/jekyll.log
                    ...done in 10.496946206 seconds.
                    
      Regenerating: 1 file(s) changed at 2026-06-12 16:17:34
                    .run/jekyll.log
                    ...done in 11.786603264 seconds.
                    
      Regenerating: 1 file(s) changed at 2026-06-12 16:17:46
                    .run/jekyll.log
                    ...done in 10.037453392 seconds.
                    
      Regenerating: 1 file(s) changed at 2026-06-12 16:17:56
                    .run/jekyll.log
                    ...done in 11.738097266 seconds.
                    
      Regenerating: 1 file(s) changed at 2026-06-12 16:18:08
                    .run/jekyll.log
                    ...done in 11.995256611 seconds.
                    
      Regenerating: 1 file(s) changed at 2026-06-12 16:18:20
                    .run/jekyll.log
                    ...done in 11.212647454 seconds.
                    
      Regenerating: 1 file(s) changed at 2026-06-12 16:18:31
                    .run/jekyll.log
                    ...done in 10.628367746 seconds.
                    
      Regenerating: 1 file(s) changed at 2026-06-12 16:18:42
                    .run/jekyll.log
                    ...done in 11.176442906 seconds.
                    
      Regenerating: 1 file(s) changed at 2026-06-12 16:18:53
                    .run/jekyll.log
                    ...done in 11.714562989 seconds.
                    
      Regenerating: 1 file(s) changed at 2026-06-12 16:19:05
                    .run/jekyll.log
                    ...done in 11.201188539 seconds.
                    
      Regenerating: 1 file(s) changed at 2026-06-12 16:19:16
                    .run/jekyll.log
                    ...done in 10.213759595 seconds.
                    
      Regenerating: 1 file(s) changed at 2026-06-12 16:19:26
                    .run/jekyll.log
                    ...done in 11.750193707 seconds.
                    
      Regenerating: 1 file(s) changed at 2026-06-12 16:19:38
                    .run/jekyll.log
                    ...done in 10.426626236 seconds.
                    
      Regenerating: 1 file(s) changed at 2026-06-12 16:19:49
                    .run/jekyll.log
                    ...done in 10.494343271 seconds.
                    
      Regenerating: 1 file(s) changed at 2026-06-12 16:19:59
                    .run/jekyll.log
                    ...done in 10.562958873 seconds.
                    
      Regenerating: 1 file(s) changed at 2026-06-12 16:20:10
                    .run/jekyll.log
                    ...done in 9.893930581 seconds.
                    
      Regenerating: 1 file(s) changed at 2026-06-12 16:20:20
                    .run/jekyll.log
                    ...done in 11.299159753 seconds.
                    
      Regenerating: 1 file(s) changed at 2026-06-12 16:20:31
                    .run/jekyll.log
                    ...done in 10.425007965 seconds.
                    
      Regenerating: 1 file(s) changed at 2026-06-12 16:20:42
                    .run/jekyll.log
                    ...done in 10.455512709 seconds.
                    
      Regenerating: 1 file(s) changed at 2026-06-12 16:20:53
                    .run/jekyll.log
                    ...done in 9.929525654 seconds.
                    
      Regenerating: 1 file(s) changed at 2026-06-12 16:21:03
                    .run/jekyll.log
                    ...done in 11.562396928 seconds.
                    
      Regenerating: 1 file(s) changed at 2026-06-12 16:21:14
                    .run/jekyll.log
                    ...done in 11.570165113 seconds.
                    
      Regenerating: 1 file(s) changed at 2026-06-12 16:21:26
                    .run/jekyll.log
                    ...done in 10.467380007 seconds.
                    
      Regenerating: 1 file(s) changed at 2026-06-12 16:21:36
                    .run/jekyll.log
                    ...done in 10.718363325 seconds.
                    
      Regenerating: 1 file(s) changed at 2026-06-12 16:21:47
                    .run/jekyll.log
                    ...done in 11.161349457 seconds.
                    
      Regenerating: 1 file(s) changed at 2026-06-12 16:21:59
                    .run/jekyll.log
                    ...done in 10.963602012 seconds.
                    
      Regenerating: 1 file(s) changed at 2026-06-12 16:22:10
                    .run/jekyll.log
                    ...done in 10.513214209 seconds.
                    
      Regenerating: 1 file(s) changed at 2026-06-12 16:22:20
                    .run/jekyll.log
                    ...done in 11.164988527 seconds.
                    
      Regenerating: 1 file(s) changed at 2026-06-12 16:22:31
                    .run/jekyll.log
                    ...done in 10.458358653 seconds.
                    
      Regenerating: 1 file(s) changed at 2026-06-12 16:22:42
                    .run/jekyll.log
                    ...done in 10.219152105 seconds.
                    
      Regenerating: 1 file(s) changed at 2026-06-12 16:22:52
                    .run/jekyll.log
                    ...done in 11.542690851 seconds.
                    
      Regenerating: 1 file(s) changed at 2026-06-12 16:23:04
                    .run/jekyll.log
                    ...done in 11.678872676 seconds.
                    
      Regenerating: 1 file(s) changed at 2026-06-12 16:23:16
                    .run/jekyll.log
                    ...done in 10.714141026 seconds.
                    
      Regenerating: 1 file(s) changed at 2026-06-12 16:23:27
                    .run/jekyll.log
                    ...done in 9.934217341 seconds.
                    
      Regenerating: 1 file(s) changed at 2026-06-12 16:23:37
                    .run/jekyll.log
                    ...done in 10.140795567 seconds.
                    
      Regenerating: 1 file(s) changed at 2026-06-12 16:23:47
                    .run/jekyll.log
                    ...done in 10.877598019 seconds.
                    
      Regenerating: 1 file(s) changed at 2026-06-12 16:23:58
                    .run/jekyll.log
                    ...done in 10.966087391 seconds.
                    
      Regenerating: 1 file(s) changed at 2026-06-12 16:24:09
                    .run/jekyll.log
                    ...done in 10.911301804 seconds.
                    
      Regenerating: 1 file(s) changed at 2026-06-12 16:24:20
                    .run/jekyll.log
                    ...done in 10.672360085 seconds.
                    
      Regenerating: 1 file(s) changed at 2026-06-12 16:24:31
                    .run/jekyll.log
                    ...done in 11.289469143 seconds.
                    
      Regenerating: 1 file(s) changed at 2026-06-12 16:24:42
                    .run/jekyll.log
                    ...done in 10.558491988 seconds.
                    
      Regenerating: 1 file(s) changed at 2026-06-12 16:24:53
                    .run/jekyll.log
                    ...done in 10.02971307 seconds.
                    
      Regenerating: 1 file(s) changed at 2026-06-12 16:25:03
                    .run/jekyll.log
                    ...done in 12.397119839 seconds.
                    
      Regenerating: 1 file(s) changed at 2026-06-12 16:25:15
                    .run/jekyll.log
                    ...done in 10.514168655 seconds.
                    
      Regenerating: 1 file(s) changed at 2026-06-12 16:25:26
                    .run/jekyll.log
                    ...done in 10.112853448 seconds.
                    
      Regenerating: 1 file(s) changed at 2026-06-12 16:25:36
                    .run/jekyll.log
                    ...done in 10.682115388 seconds.
                    
      Regenerating: 1 file(s) changed at 2026-06-12 16:25:47
                    .run/jekyll.log
                    ...done in 10.747798301 seconds.
                    
      Regenerating: 1 file(s) changed at 2026-06-12 16:25:58
                    .run/jekyll.log
                    ...done in 10.682335118 seconds.
                    
      Regenerating: 1 file(s) changed at 2026-06-12 16:26:09
                    .run/jekyll.log
                    ...done in 9.863673313 seconds.
                    
      Regenerating: 1 file(s) changed at 2026-06-12 16:26:19
                    .run/jekyll.log
                    ...done in 11.71131288 seconds.
                    
      Regenerating: 1 file(s) changed at 2026-06-12 16:26:30
                    .run/jekyll.log
                    ...done in 10.546142843 seconds.
                    
      Regenerating: 1 file(s) changed at 2026-06-12 16:26:41
                    .run/jekyll.log
                    ...done in 10.697879419 seconds.
                    
      Regenerating: 1 file(s) changed at 2026-06-12 16:26:52
                    .run/jekyll.log
                    ...done in 9.743304451 seconds.
                    
      Regenerating: 1 file(s) changed at 2026-06-12 16:27:02
                    .run/jekyll.log
                    ...done in 10.884478385 seconds.
                    
      Regenerating: 1 file(s) changed at 2026-06-12 16:27:13
                    .run/jekyll.log
                    ...done in 9.859921029 seconds.
                    
      Regenerating: 1 file(s) changed at 2026-06-12 16:27:23
                    .run/jekyll.log
                    ...done in 10.027143587 seconds.
                    
      Regenerating: 1 file(s) changed at 2026-06-12 16:27:33
                    .run/jekyll.log
                    ...done in 10.813163375 seconds.
                    
      Regenerating: 1 file(s) changed at 2026-06-12 16:27:44
                    .run/jekyll.log
                    ...done in 9.3209994 seconds.
                    
      Regenerating: 1 file(s) changed at 2026-06-12 16:27:53
                    .run/jekyll.log
                    ...done in 10.974051557 seconds.
                    
      Regenerating: 1 file(s) changed at 2026-06-12 16:28:04
                    .run/jekyll.log
                    ...done in 10.046972126 seconds.
                    
      Regenerating: 1 file(s) changed at 2026-06-12 16:28:14
                    .run/jekyll.log
                    ...done in 9.913617275 seconds.
                    
      Regenerating: 1 file(s) changed at 2026-06-12 16:28:24
                    .run/jekyll.log
                    ...done in 9.129440034 seconds.
                    
      Regenerating: 1 file(s) changed at 2026-06-12 16:28:34
                    .run/jekyll.log
                    ...done in 9.137790245 seconds.
                    
      Regenerating: 1 file(s) changed at 2026-06-12 16:28:43
                    .run/jekyll.log
                    ...done in 9.082160827 seconds.
                    
      Regenerating: 1 file(s) changed at 2026-06-12 16:28:52
                    .run/jekyll.log
                    ...done in 9.033771606 seconds.
                    
      Regenerating: 1 file(s) changed at 2026-06-12 16:29:01
                    .run/jekyll.log
                    ...done in 9.1557298 seconds.
                    
      Regenerating: 1 file(s) changed at 2026-06-12 16:29:10
                    .run/jekyll.log
                    ...done in 10.545717162 seconds.
                    
      Regenerating: 1 file(s) changed at 2026-06-12 16:29:21
                    .run/jekyll.log
                    ...done in 9.788953931 seconds.
                    
      Regenerating: 1 file(s) changed at 2026-06-12 16:29:31
                    .run/jekyll.log
                    ...done in 9.802709999 seconds.
                    
      Regenerating: 1 file(s) changed at 2026-06-12 16:29:41
                    .run/jekyll.log
                    ...done in 9.143218098 seconds.
                    
      Regenerating: 1 file(s) changed at 2026-06-12 16:29:50
                    .run/jekyll.log
                    ...done in 11.342511586 seconds.
                    
      Regenerating: 1 file(s) changed at 2026-06-12 16:30:01
                    .run/jekyll.log
                    ...done in 9.757664066 seconds.
                    
      Regenerating: 1 file(s) changed at 2026-06-12 16:30:11
                    .run/jekyll.log
                    ...done in 9.105832975 seconds.
                    
      Regenerating: 1 file(s) changed at 2026-06-12 16:30:21
                    .run/jekyll.log
                    ...done in 10.544711559 seconds.
                    
      Regenerating: 1 file(s) changed at 2026-06-12 16:30:31
                    .run/jekyll.log
                    ...done in 10.535309834 seconds.
                    
      Regenerating: 1 file(s) changed at 2026-06-12 16:30:42
                    .run/jekyll.log
                    ...done in 10.020586568 seconds.
                    
      Regenerating: 1 file(s) changed at 2026-06-12 16:30:52
                    .run/jekyll.log
                    ...done in 9.83312403 seconds.
                    
      Regenerating: 1 file(s) changed at 2026-06-12 16:31:02
                    .run/jekyll.log
                    ...done in 9.21094336 seconds.
                    
      Regenerating: 1 file(s) changed at 2026-06-12 16:31:11
                    .run/jekyll.log
                    ...done in 10.61735823 seconds.
                    
      Regenerating: 1 file(s) changed at 2026-06-12 16:31:22
                    .run/jekyll.log
                    ...done in 9.813187471 seconds.
                    
      Regenerating: 1 file(s) changed at 2026-06-12 16:31:32
                    .run/jekyll.log
                    ...done in 9.222216917 seconds.
                    
      Regenerating: 1 file(s) changed at 2026-06-12 16:31:41
                    .run/jekyll.log
                    ...done in 10.583875827 seconds.
                    
      Regenerating: 1 file(s) changed at 2026-06-12 16:31:52
                    .run/jekyll.log
                    ...done in 9.111072971 seconds.
                    
      Regenerating: 1 file(s) changed at 2026-06-12 16:32:01
                    .run/jekyll.log
                    ...done in 9.749177272 seconds.
                    
      Regenerating: 1 file(s) changed at 2026-06-12 16:32:11
                    .run/jekyll.log
                    ...done in 9.847688565 seconds.
                    
      Regenerating: 1 file(s) changed at 2026-06-12 16:32:21
                    .run/jekyll.log
                    ...done in 9.799511445 seconds.
                    
      Regenerating: 1 file(s) changed at 2026-06-12 16:32:31
                    .run/jekyll.log
                    ...done in 9.149531021 seconds.
                    
      Regenerating: 1 file(s) changed at 2026-06-12 16:32:40
                    .run/jekyll.log
                    ...done in 10.564613236 seconds.
                    
      Regenerating: 1 file(s) changed at 2026-06-12 16:32:51
                    .run/jekyll.log
                    ...done in 9.057065611 seconds.
                    
      Regenerating: 1 file(s) changed at 2026-06-12 16:33:00
                    .run/jekyll.log
                    ...done in 10.537808691 seconds.
                    
      Regenerating: 1 file(s) changed at 2026-06-12 16:33:10
                    .run/jekyll.log
                    ...done in 10.583217374 seconds.
                    
      Regenerating: 1 file(s) changed at 2026-06-12 16:33:21
                    .run/jekyll.log
                    ...done in 9.787529291 seconds.
                    
      Regenerating: 1 file(s) changed at 2026-06-12 16:33:31
                    .run/jekyll.log
                    ...done in 10.231799254 seconds.
                    
      Regenerating: 1 file(s) changed at 2026-06-12 16:33:41
                    .run/jekyll.log
                    ...done in 9.343136562 seconds.
                    
      Regenerating: 1 file(s) changed at 2026-06-12 16:33:51
                    .run/jekyll.log
                    ...done in 10.830751611 seconds.
                    
      Regenerating: 1 file(s) changed at 2026-06-12 16:34:02
                    .run/jekyll.log
                    ...done in 10.132363875 seconds.
                    
      Regenerating: 1 file(s) changed at 2026-06-12 16:34:12
                    .run/jekyll.log
                    ...done in 9.366698438 seconds.
                    
      Regenerating: 1 file(s) changed at 2026-06-12 16:34:21
                    .run/jekyll.log
                    ...done in 10.863495684 seconds.
                    
      Regenerating: 1 file(s) changed at 2026-06-12 16:34:32
                    .run/jekyll.log
                    ...done in 9.432373835 seconds.
                    
      Regenerating: 1 file(s) changed at 2026-06-12 16:34:42
                    .run/jekyll.log
                    ...done in 10.061409759 seconds.
                    
      Regenerating: 1 file(s) changed at 2026-06-12 16:34:52
                    .run/jekyll.log
                    ...done in 10.034812408 seconds.
                    
      Regenerating: 1 file(s) changed at 2026-06-12 16:35:02
                    .run/jekyll.log
                    ...done in 10.879487778 seconds.
                    
      Regenerating: 1 file(s) changed at 2026-06-12 16:35:13
                    .run/jekyll.log
                    ...done in 10.030882033 seconds.
                    
      Regenerating: 1 file(s) changed at 2026-06-12 16:35:23
                    .run/jekyll.log
                    ...done in 9.383845073 seconds.
                    
      Regenerating: 1 file(s) changed at 2026-06-12 16:35:33
                    .run/jekyll.log
                    ...done in 10.034417116 seconds.
                    
      Regenerating: 1 file(s) changed at 2026-06-12 16:35:43
                    .run/jekyll.log
                    ...done in 11.299023053 seconds.
                    
      Regenerating: 1 file(s) changed at 2026-06-12 16:35:54
                    .run/jekyll.log
                    ...done in 9.461783733 seconds.
                    
      Regenerating: 1 file(s) changed at 2026-06-12 16:36:04
                    .run/jekyll.log
                    ...done in 9.39014353 seconds.
                    
      Regenerating: 1 file(s) changed at 2026-06-12 16:36:13
                    .run/jekyll.log
                    ...done in 10.849393215 seconds.
                    
      Regenerating: 1 file(s) changed at 2026-06-12 16:36:24
                    .run/jekyll.log
                    ...done in 9.373010781 seconds.
                    
      Regenerating: 1 file(s) changed at 2026-06-12 16:36:34
                    .run/jekyll.log
                    ...done in 11.655022728 seconds.
                    
      Regenerating: 1 file(s) changed at 2026-06-12 16:36:46
                    .run/jekyll.log
                    ...done in 10.044600026 seconds.
                    
      Regenerating: 1 file(s) changed at 2026-06-12 16:36:56
                    .run/jekyll.log
                    ...done in 9.379376028 seconds.
                    
      Regenerating: 1 file(s) changed at 2026-06-12 16:37:05
                    .run/jekyll.log
                    ...done in 10.938713784 seconds.
                    
      Regenerating: 1 file(s) changed at 2026-06-12 16:37:16
                    .run/jekyll.log
                    ...done in 9.20429179 seconds.
                    
      Regenerating: 1 file(s) changed at 2026-06-12 16:37:26
                    .run/jekyll.log
                    ...done in 10.60376265 seconds.
                    
      Regenerating: 1 file(s) changed at 2026-06-12 16:37:36
                    .run/jekyll.log
                    ...done in 9.946486794 seconds.
                    
      Regenerating: 1 file(s) changed at 2026-06-12 16:37:46
                    .run/jekyll.log
                    ...done in 9.933517817 seconds.
                    
      Regenerating: 1 file(s) changed at 2026-06-12 16:37:56
                    .run/jekyll.log
                    ...done in 9.253194605 seconds.
                    
      Regenerating: 1 file(s) changed at 2026-06-12 16:38:06
                    .run/jekyll.log
                    ...done in 9.196793249 seconds.
                    
      Regenerating: 1 file(s) changed at 2026-06-12 16:38:15
                    .run/jekyll.log
                    ...done in 9.240771227 seconds.
                    
      Regenerating: 1 file(s) changed at 2026-06-12 16:38:24
                    .run/jekyll.log
                    ...done in 9.251955069 seconds.
                    
      Regenerating: 1 file(s) changed at 2026-06-12 16:38:34
                    .run/jekyll.log
                    ...done in 9.32971767 seconds.
                    
      Regenerating: 1 file(s) changed at 2026-06-12 16:38:43
                    .run/jekyll.log
                    ...done in 10.721499303 seconds.
                    
      Regenerating: 1 file(s) changed at 2026-06-12 16:38:54
                    .run/jekyll.log
                    ...done in 10.699121492 seconds.
                    
      Regenerating: 1 file(s) changed at 2026-06-12 16:39:05
                    .run/jekyll.log
                    ...done in 9.862387618 seconds.
                    
      Regenerating: 1 file(s) changed at 2026-06-12 16:39:15
                    .run/jekyll.log
                    ...done in 10.719611242 seconds.
                    
      Regenerating: 1 file(s) changed at 2026-06-12 16:39:26
                    .run/jekyll.log
                    ...done in 9.902619528 seconds.
                    
      Regenerating: 1 file(s) changed at 2026-06-12 16:39:36
                    .run/jekyll.log
                    ...done in 9.229208076 seconds.
                    
      Regenerating: 1 file(s) changed at 2026-06-12 16:39:45
                    .run/jekyll.log
                    ...done in 10.646773064 seconds.
                    
      Regenerating: 1 file(s) changed at 2026-06-12 16:39:56
                    .run/jekyll.log
                    ...done in 10.175367479 seconds.
                    
      Regenerating: 1 file(s) changed at 2026-06-12 16:40:06
                    .run/jekyll.log
                    ...done in 9.408824992 seconds.
                    
      Regenerating: 1 file(s) changed at 2026-06-12 16:40:15
                    .run/jekyll.log
                    ...done in 10.974957889 seconds.
                    
      Regenerating: 1 file(s) changed at 2026-06-12 16:40:26
                    .run/jekyll.log
                    ...done in 9.948549082 seconds.
                    
      Regenerating: 1 file(s) changed at 2026-06-12 16:40:37
                    .run/jekyll.log
                    ...done in 9.235769788 seconds.
                    
      Regenerating: 1 file(s) changed at 2026-06-12 16:40:46
                    .run/jekyll.log
                    ...done in 9.806380588 seconds.
                    
      Regenerating: 1 file(s) changed at 2026-06-12 16:40:56
                    .run/jekyll.log
                    ...done in 9.951714779 seconds.
                    
      Regenerating: 1 file(s) changed at 2026-06-12 16:41:06
                    .run/jekyll.log
                    ...done in 9.863653476 seconds.
                    
      Regenerating: 1 file(s) changed at 2026-06-12 16:41:16
                    .run/jekyll.log
                    ...done in 9.231209041 seconds.
                    
      Regenerating: 1 file(s) changed at 2026-06-12 16:41:25
                    .run/jekyll.log
                    ...done in 10.651891524 seconds.
                    
      Regenerating: 1 file(s) changed at 2026-06-12 16:41:36
                    .run/jekyll.log
                    ...done in 10.840422235 seconds.
                    
      Regenerating: 1 file(s) changed at 2026-06-12 16:41:47
                    .run/jekyll.log
                    ...done in 10.18202094 seconds.
                    
      Regenerating: 1 file(s) changed at 2026-06-12 16:41:57
                    .run/jekyll.log
                    ...done in 9.391539117 seconds.
                    
      Regenerating: 1 file(s) changed at 2026-06-12 16:42:07
                    .run/jekyll.log
                    ...done in 10.117280511 seconds.
                    
      Regenerating: 1 file(s) changed at 2026-06-12 16:42:17
                    .run/jekyll.log
                    ...done in 10.940470631 seconds.
                    
      Regenerating: 1 file(s) changed at 2026-06-12 16:42:28
                    .run/jekyll.log
                    ...done in 10.03264367 seconds.
                    
      Regenerating: 1 file(s) changed at 2026-06-12 16:42:38
                    .run/jekyll.log
                    ...done in 9.329180618 seconds.
                    
      Regenerating: 1 file(s) changed at 2026-06-12 16:42:47
                    .run/jekyll.log
                    ...done in 9.359943243 seconds.
                    
      Regenerating: 1 file(s) changed at 2026-06-12 16:42:57
                    .run/jekyll.log
                    ...done in 9.395865606 seconds.
                    
      Regenerating: 1 file(s) changed at 2026-06-12 16:43:06
                    .run/jekyll.log
                    ...done in 10.203296796 seconds.
                    
      Regenerating: 1 file(s) changed at 2026-06-12 16:43:17
                    .run/jekyll.log
                    ...done in 10.934065785 seconds.
                    
      Regenerating: 1 file(s) changed at 2026-06-12 16:43:28
                    .run/jekyll.log
                    ...done in 10.110686175 seconds.
                    
      Regenerating: 1 file(s) changed at 2026-06-12 16:43:38
                    .run/jekyll.log
                    ...done in 11.046735743 seconds.
                    
      Regenerating: 1 file(s) changed at 2026-06-12 16:43:49
                    .run/jekyll.log
                    ...done in 10.153697585 seconds.
                    
      Regenerating: 1 file(s) changed at 2026-06-12 16:43:59
                    .run/jekyll.log
                    ...done in 10.162381598 seconds.
                    
      Regenerating: 1 file(s) changed at 2026-06-12 16:44:10
                    .run/jekyll.log
                    ...done in 10.179779264 seconds.
                    
      Regenerating: 1 file(s) changed at 2026-06-12 16:44:20
                    .run/jekyll.log
                    ...done in 10.149280189 seconds.
                    
      Regenerating: 1 file(s) changed at 2026-06-12 16:44:30
                    .run/jekyll.log
                    ...done in 10.203456439 seconds.
                    
      Regenerating: 1 file(s) changed at 2026-06-12 16:44:40
                    .run/jekyll.log
                    ...done in 11.042047918 seconds.
                    
      Regenerating: 1 file(s) changed at 2026-06-12 16:44:52
                    .run/jekyll.log
                    ...done in 10.100643975 seconds.
                    
      Regenerating: 1 file(s) changed at 2026-06-12 16:45:02
                    .run/jekyll.log
                    ...done in 10.096604706 seconds.
                    
      Regenerating: 1 file(s) changed at 2026-06-12 16:45:12
                    .run/jekyll.log
                    ...done in 9.449640241 seconds.
                    
      Regenerating: 1 file(s) changed at 2026-06-12 16:45:21
                    .run/jekyll.log
                    ...done in 10.067769518 seconds.
                    
      Regenerating: 1 file(s) changed at 2026-06-12 16:45:32
                    .run/jekyll.log
                    ...done in 10.115567325 seconds.
                    
      Regenerating: 1 file(s) changed at 2026-06-12 16:45:42
                    .run/jekyll.log
                    ...done in 10.23648078 seconds.
                    
      Regenerating: 1 file(s) changed at 2026-06-12 16:45:52
                    .run/jekyll.log
                    ...done in 10.245751376 seconds.
                    
      Regenerating: 1 file(s) changed at 2026-06-12 16:46:03
                    .run/jekyll.log
                    ...done in 9.469606377 seconds.
                    
      Regenerating: 1 file(s) changed at 2026-06-12 16:46:12
                    .run/jekyll.log
                    ...done in 10.982173576 seconds.
                    
      Regenerating: 1 file(s) changed at 2026-06-12 16:46:23
                    .run/jekyll.log
                    ...done in 9.395752381 seconds.
                    
      Regenerating: 1 file(s) changed at 2026-06-12 16:46:33
                    .run/jekyll.log
                    ...done in 10.948690376 seconds.
                    
      Regenerating: 1 file(s) changed at 2026-06-12 16:46:44
                    .run/jekyll.log
                    ...done in 9.611400492 seconds.
                    
      Regenerating: 1 file(s) changed at 2026-06-12 16:46:53
                    .run/jekyll.log
                    ...done in 10.68846854 seconds.
                    
      Regenerating: 1 file(s) changed at 2026-06-12 16:47:04
                    .run/jekyll.log
                    ...done in 9.4187748 seconds.
                    
      Regenerating: 1 file(s) changed at 2026-06-12 16:47:14
                    .run/jekyll.log
                    ...done in 9.913044557 seconds.
                    
      Regenerating: 1 file(s) changed at 2026-06-12 16:47:24
                    .run/jekyll.log
                    ...done in 9.920741528 seconds.
                    
      Regenerating: 1 file(s) changed at 2026-06-12 16:47:34
                    .run/jekyll.log
                    ...done in 9.944486006 seconds.
                    
      Regenerating: 1 file(s) changed at 2026-06-12 16:47:44
                    .run/jekyll.log
                    ...done in 9.215331359 seconds.
                    
      Regenerating: 1 file(s) changed at 2026-06-12 16:47:53
                    .run/jekyll.log
                    ...done in 9.336673189 seconds.
                    
      Regenerating: 1 file(s) changed at 2026-06-12 16:48:03
                    .run/jekyll.log
                    ...done in 11.574361353 seconds.
                    
      Regenerating: 1 file(s) changed at 2026-06-12 16:48:14
                    .run/jekyll.log
                    ...done in 9.204057882 seconds.
                    
      Regenerating: 1 file(s) changed at 2026-06-12 16:48:24
                    .run/jekyll.log
                    ...done in 9.258426738 seconds.
                    
      Regenerating: 1 file(s) changed at 2026-06-12 16:48:33
                    .run/jekyll.log
                    ...done in 10.730083689 seconds.
                    
      Regenerating: 1 file(s) changed at 2026-06-12 16:48:44
                    .run/jekyll.log
                    ...done in 10.052758813 seconds.
                    
      Regenerating: 1 file(s) changed at 2026-06-12 16:48:54
                    .run/jekyll.log
                    ...done in 10.077495345 seconds.
                    
      Regenerating: 1 file(s) changed at 2026-06-12 16:49:04
                    .run/jekyll.log
                    ...done in 9.994841747 seconds.
                    
      Regenerating: 1 file(s) changed at 2026-06-12 16:49:14
                    .run/jekyll.log
                    ...done in 9.210370335 seconds.
                    
      Regenerating: 1 file(s) changed at 2026-06-12 16:49:23
                    .run/jekyll.log
                    ...done in 9.273665748 seconds.
                    
      Regenerating: 1 file(s) changed at 2026-06-12 16:49:33
                    .run/jekyll.log
                    ...done in 11.647570933 seconds.
                    
      Regenerating: 1 file(s) changed at 2026-06-12 16:49:45
                    .run/jekyll.log
                    ...done in 9.99834264 seconds.
                    
      Regenerating: 1 file(s) changed at 2026-06-12 16:49:55
                    .run/jekyll.log
                    ...done in 10.048889063 seconds.
                    
      Regenerating: 1 file(s) changed at 2026-06-12 16:50:05
                    .run/jekyll.log
                    ...done in 9.920819364 seconds.
                    
      Regenerating: 1 file(s) changed at 2026-06-12 16:50:15
                    .run/jekyll.log
                    ...done in 9.264708703 seconds.
                    
      Regenerating: 1 file(s) changed at 2026-06-12 16:50:24
                    .run/jekyll.log
                    ...done in 10.754964408 seconds.
                    
      Regenerating: 1 file(s) changed at 2026-06-12 16:50:35
                    .run/jekyll.log
                    ...done in 9.962800382 seconds.
                    
      Regenerating: 1 file(s) changed at 2026-06-12 16:50:45
                    .run/jekyll.log
                    ...done in 10.0657847 seconds.
                    
      Regenerating: 1 file(s) changed at 2026-06-12 16:50:55
                    .run/jekyll.log
                    ...done in 9.409718492 seconds.
                    
      Regenerating: 1 file(s) changed at 2026-06-12 16:51:05
                    .run/jekyll.log
                    ...done in 10.81890571 seconds.
                    
      Regenerating: 1 file(s) changed at 2026-06-12 16:51:16
                    .run/jekyll.log
                    ...done in 9.959504821 seconds.
                    
      Regenerating: 1 file(s) changed at 2026-06-12 16:51:26
                    .run/jekyll.log
                    ...done in 9.91296749 seconds.
                    
      Regenerating: 1 file(s) changed at 2026-06-12 16:51:36
                    .run/jekyll.log
                    ...done in 10.133586807 seconds.
                    
      Regenerating: 1 file(s) changed at 2026-06-12 16:51:46
                    .run/jekyll.log
                    ...done in 10.945816578 seconds.
                    
      Regenerating: 1 file(s) changed at 2026-06-12 16:51:57
                    .run/jekyll.log
                    ...done in 9.957068521 seconds.
                    
      Regenerating: 1 file(s) changed at 2026-06-12 16:52:07
                    .run/jekyll.log
                    ...done in 9.27299796 seconds.
                    
      Regenerating: 1 file(s) changed at 2026-06-12 16:52:17
                    .run/jekyll.log
                    ...done in 10.77594333 seconds.
                    
      Regenerating: 1 file(s) changed at 2026-06-12 16:52:27
                    .run/jekyll.log
                    ...done in 9.9346762 seconds.
                    
      Regenerating: 1 file(s) changed at 2026-06-12 16:52:37
                    .run/jekyll.log
                    ...done in 9.255340382 seconds.
                    
      Regenerating: 1 file(s) changed at 2026-06-12 16:52:47
                    .run/jekyll.log
                    ...done in 11.590020986 seconds.
                    
      Regenerating: 1 file(s) changed at 2026-06-12 16:52:59
                    .run/jekyll.log
                    ...done in 9.998862321 seconds.
                    
      Regenerating: 1 file(s) changed at 2026-06-12 16:53:09
                    .run/jekyll.log
                    ...done in 9.926053011 seconds.
                    
      Regenerating: 1 file(s) changed at 2026-06-12 16:53:19
                    .run/jekyll.log
                    ...done in 9.220451349 seconds.
                    
      Regenerating: 1 file(s) changed at 2026-06-12 16:53:28
                    .run/jekyll.log
                    ...done in 9.877511176 seconds.
                    
      Regenerating: 1 file(s) changed at 2026-06-12 16:53:38
                    .run/jekyll.log
                    ...done in 10.009818511 seconds.
                    
      Regenerating: 1 file(s) changed at 2026-06-12 16:53:48
                    .run/jekyll.log
                    ...done in 9.917653729 seconds.
                    
      Regenerating: 1 file(s) changed at 2026-06-12 16:53:58
                    .run/jekyll.log
                    ...done in 9.215878518 seconds.
                    
      Regenerating: 1 file(s) changed at 2026-06-12 16:54:07
                    .run/jekyll.log
                    ...done in 11.559421383 seconds.
                    
      Regenerating: 1 file(s) changed at 2026-06-12 16:54:19
                    .run/jekyll.log
                    ...done in 10.017794549 seconds.
                    
      Regenerating: 1 file(s) changed at 2026-06-12 16:54:29
                    .run/jekyll.log
                    ...done in 9.979180431 seconds.
                    
      Regenerating: 1 file(s) changed at 2026-06-12 16:54:39
                    .run/jekyll.log
                    ...done in 9.231805381 seconds.
                    
      Regenerating: 1 file(s) changed at 2026-06-12 16:54:49
                    .run/jekyll.log
                    ...done in 10.771761252 seconds.
                    
      Regenerating: 1 file(s) changed at 2026-06-12 16:54:59
                    .run/jekyll.log
                    ...done in 9.974023855 seconds.
                    
      Regenerating: 1 file(s) changed at 2026-06-12 16:55:10
                    .run/jekyll.log
                    ...done in 10.218266694 seconds.
                    
      Regenerating: 1 file(s) changed at 2026-06-12 16:55:20
                    .run/jekyll.log
                    ...done in 9.416092027 seconds.
                    
      Regenerating: 1 file(s) changed at 2026-06-12 16:55:29
                    .run/jekyll.log
                    ...done in 10.977170624 seconds.
                    
      Regenerating: 1 file(s) changed at 2026-06-12 16:55:40
                    .run/jekyll.log
                    ...done in 10.157005153 seconds.
                    
      Regenerating: 1 file(s) changed at 2026-06-12 16:55:51
                    .run/jekyll.log
                    ...done in 9.465734554 seconds.
                    
      Regenerating: 1 file(s) changed at 2026-06-12 16:56:00
                    .run/jekyll.log
                    ...done in 10.995156115 seconds.
                    
      Regenerating: 1 file(s) changed at 2026-06-12 16:56:11
                    .run/jekyll.log
                    ...done in 9.208698369 seconds.
                    
      Regenerating: 1 file(s) changed at 2026-06-12 16:56:21
                    .run/jekyll.log
                    ...done in 11.100713144 seconds.
                    
      Regenerating: 1 file(s) changed at 2026-06-12 16:56:32
                    .run/jekyll.log
                    ...done in 10.234199875 seconds.
                    
      Regenerating: 1 file(s) changed at 2026-06-12 16:56:42
                    .run/jekyll.log
                    ...done in 10.244973135 seconds.
                    
      Regenerating: 1 file(s) changed at 2026-06-12 16:56:53
                    .run/jekyll.log
                    ...done in 10.234784092 seconds.
                    
      Regenerating: 1 file(s) changed at 2026-06-12 16:57:03
                    .run/jekyll.log
                    ...done in 9.521476261 seconds.
                    
      Regenerating: 1 file(s) changed at 2026-06-12 16:57:12
                    .run/jekyll.log
                    ...done in 10.832889177 seconds.
                    
      Regenerating: 1 file(s) changed at 2026-06-12 16:57:23
                    .run/jekyll.log
                    ...done in 10.07267105 seconds.
                    
      Regenerating: 1 file(s) changed at 2026-06-12 16:57:34
                    .run/jekyll.log
                    ...done in 9.573903933 seconds.
                    
      Regenerating: 1 file(s) changed at 2026-06-12 16:57:43
                    .run/jekyll.log
                    ...done in 11.886430536 seconds.
                    
      Regenerating: 1 file(s) changed at 2026-06-12 16:57:55
                    .run/jekyll.log
                    ...done in 10.249545272 seconds.
                    
      Regenerating: 1 file(s) changed at 2026-06-12 16:58:06
                    .run/jekyll.log
                    ...done in 9.992311975 seconds.
                    
      Regenerating: 1 file(s) changed at 2026-06-12 16:58:16
                    .run/jekyll.log
                    ...done in 9.201898954 seconds.
                    
      Regenerating: 1 file(s) changed at 2026-06-12 16:58:25
                    .run/jekyll.log
                    ...done in 11.018411749 seconds.
                    
      Regenerating: 1 file(s) changed at 2026-06-12 16:58:36
                    .run/jekyll.log
                    ...done in 9.652401269 seconds.
                    
      Regenerating: 1 file(s) changed at 2026-06-12 16:58:46
                    .run/jekyll.log
                    ...done in 11.192217864 seconds.
                    
      Regenerating: 1 file(s) changed at 2026-06-12 16:58:57
                    .run/jekyll.log
                    ...done in 9.432054875 seconds.
                    
      Regenerating: 1 file(s) changed at 2026-06-12 16:59:07
                    .run/jekyll.log
                    ...done in 10.743656127 seconds.
                    
      Regenerating: 1 file(s) changed at 2026-06-12 16:59:18
                    .run/jekyll.log
                    ...done in 9.25843122 seconds.
                    
      Regenerating: 1 file(s) changed at 2026-06-12 16:59:27
                    .run/jekyll.log
                    ...done in 10.786325749 seconds.
                    
      Regenerating: 1 file(s) changed at 2026-06-12 16:59:38
                    .run/jekyll.log
                    ...done in 9.97956676 seconds.
                    
      Regenerating: 1 file(s) changed at 2026-06-12 16:59:48
                    .run/jekyll.log
                    ...done in 10.799994948 seconds.
                    
      Regenerating: 1 file(s) changed at 2026-06-12 16:59:59
                    .run/jekyll.log
                    ...done in 9.994130251 seconds.
                    
      Regenerating: 1 file(s) changed at 2026-06-12 17:00:09
                    .run/jekyll.log
                    ...done in 10.056225093 seconds.
                    
      Regenerating: 1 file(s) changed at 2026-06-12 17:00:19
                    .run/jekyll.log
                    ...done in 10.002033501 seconds.
                    
      Regenerating: 1 file(s) changed at 2026-06-12 17:00:29
                    .run/jekyll.log
                    ...done in 10.900530947 seconds.
                    
      Regenerating: 1 file(s) changed at 2026-06-12 17:00:40
                    .run/jekyll.log
                    ...done in 10.025459959 seconds.
                    
      Regenerating: 1 file(s) changed at 2026-06-12 17:00:50
                    .run/jekyll.log
                    ...done in 9.239693366 seconds.
                    
      Regenerating: 1 file(s) changed at 2026-06-12 17:01:00
                    .run/jekyll.log
                    ...done in 11.694796719 seconds.
                    
      Regenerating: 1 file(s) changed at 2026-06-12 17:01:11
                    .run/jekyll.log
                    ...done in 10.01340266 seconds.
                    
      Regenerating: 1 file(s) changed at 2026-06-12 17:01:22
                    .run/jekyll.log
                    ...done in 10.014032433 seconds.
                    
      Regenerating: 1 file(s) changed at 2026-06-12 17:01:32
                    .run/jekyll.log
                    ...done in 10.166396797 seconds.
                    
      Regenerating: 1 file(s) changed at 2026-06-12 17:01:42
                    .run/jekyll.log
                    ...done in 10.061926555 seconds.
                    
      Regenerating: 1 file(s) changed at 2026-06-12 17:01:52
                    .run/jekyll.log
                    ...done in 9.289136304 seconds.
                    
      Regenerating: 1 file(s) changed at 2026-06-12 17:02:01
                    .run/jekyll.log
                    ...done in 10.7974042 seconds.
                    
      Regenerating: 1 file(s) changed at 2026-06-12 17:02:12
                    .run/jekyll.log
                    ...done in 9.240377678 seconds.
                    
      Regenerating: 1 file(s) changed at 2026-06-12 17:02:22
                    .run/jekyll.log
                    ...done in 10.045056449 seconds.
                    
      Regenerating: 1 file(s) changed at 2026-06-12 17:02:32
                    .run/jekyll.log
                    ...done in 10.013912202 seconds.
                    
      Regenerating: 1 file(s) changed at 2026-06-12 17:02:42
                    .run/jekyll.log
                    ...done in 9.298661617 seconds.
                    
      Regenerating: 1 file(s) changed at 2026-06-12 17:02:51
                    .run/jekyll.log
                    ...done in 10.815343917 seconds.
                    
      Regenerating: 1 file(s) changed at 2026-06-12 17:03:02
                    .run/jekyll.log
                    ...done in 9.325770855 seconds.
                    
      Regenerating: 1 file(s) changed at 2026-06-12 17:03:12
                    .run/jekyll.log
                    ...done in 10.834853738 seconds.
                    
      Regenerating: 1 file(s) changed at 2026-06-12 17:03:23
                    .run/jekyll.log
                    ...done in 10.038804112 seconds.
                    
      Regenerating: 1 file(s) changed at 2026-06-12 17:03:33
                    .run/jekyll.log
                    ...done in 10.205606972 seconds.
                    
      Regenerating: 1 file(s) changed at 2026-06-12 17:03:43
                    .run/jekyll.log
                    ...done in 10.086995759 seconds.
                    
      Regenerating: 1 file(s) changed at 2026-06-12 17:03:53
                    .run/jekyll.log
                    ...done in 10.109228131 seconds.
                    
      Regenerating: 1 file(s) changed at 2026-06-12 17:04:03
                    .run/jekyll.log
                    ...done in 10.027672572 seconds.
                    
      Regenerating: 1 file(s) changed at 2026-06-12 17:04:14
                    .run/jekyll.log
                    ...done in 10.06787593 seconds.
                    
      Regenerating: 1 file(s) changed at 2026-06-12 17:04:24
                    .run/jekyll.log
                    ...done in 10.093781015 seconds.
                    
      Regenerating: 1 file(s) changed at 2026-06-12 17:04:34
                    .run/jekyll.log
                    ...done in 10.097071002 seconds.
                    
      Regenerating: 1 file(s) changed at 2026-06-12 17:04:44
                    .run/jekyll.log
                    ...done in 11.057917991 seconds.
                    
      Regenerating: 1 file(s) changed at 2026-06-12 17:04:55
                    .run/jekyll.log
                    ...done in 10.122191513 seconds.
                    
      Regenerating: 1 file(s) changed at 2026-06-12 17:05:06
                    .run/jekyll.log
                    ...done in 9.341395708 seconds.
                    
      Regenerating: 1 file(s) changed at 2026-06-12 17:05:15
                    .run/jekyll.log
                    ...done in 10.911051193 seconds.
                    
      Regenerating: 1 file(s) changed at 2026-06-12 17:05:26
                    .run/jekyll.log
                    ...done in 10.082914799 seconds.
                    
      Regenerating: 1 file(s) changed at 2026-06-12 17:05:36
                    .run/jekyll.log
                    ...done in 10.104013317 seconds.
                    
      Regenerating: 1 file(s) changed at 2026-06-12 17:05:46
                    .run/jekyll.log
                    ...done in 10.976182389 seconds.
                    
      Regenerating: 1 file(s) changed at 2026-06-12 17:05:57
                    .run/jekyll.log
                    ...done in 10.186225118 seconds.
                    
      Regenerating: 1 file(s) changed at 2026-06-12 17:06:08
                    .run/jekyll.log
                    ...done in 9.35941674 seconds.
                    
      Regenerating: 1 file(s) changed at 2026-06-12 17:06:17
                    .run/jekyll.log
                    ...done in 10.961359345 seconds.
                    
      Regenerating: 1 file(s) changed at 2026-06-12 17:06:28
                    .run/jekyll.log
                    ...done in 10.276576866 seconds.
                    
      Regenerating: 1 file(s) changed at 2026-06-12 17:06:39
                    .run/jekyll.log
                    ...done in 11.176041675 seconds.
                    
      Regenerating: 1 file(s) changed at 2026-06-12 17:06:50
                    .run/jekyll.log
                    ...done in 10.096507883 seconds.
                    
      Regenerating: 1 file(s) changed at 2026-06-12 17:07:00
                    .run/jekyll.log
                    ...done in 9.330788664 seconds.
                    
      Regenerating: 1 file(s) changed at 2026-06-12 17:07:10
                    .run/jekyll.log
                    ...done in 10.905961016 seconds.
                    
      Regenerating: 1 file(s) changed at 2026-06-12 17:07:21
                    .run/jekyll.log
                    ...done in 10.05832216 seconds.
                    
      Regenerating: 1 file(s) changed at 2026-06-12 17:07:31
                    .run/jekyll.log
                    ...done in 9.305473136 seconds.
                    
      Regenerating: 1 file(s) changed at 2026-06-12 17:07:40
                    .run/jekyll.log
                    ...done in 11.125595454 seconds.
                    
      Regenerating: 1 file(s) changed at 2026-06-12 17:07:51
                    .run/jekyll.log
                    ...done in 9.490744912 seconds.
                    
      Regenerating: 1 file(s) changed at 2026-06-12 17:08:01
                    .run/jekyll.log
                    ...done in 11.916225125 seconds.
                    
      Regenerating: 1 file(s) changed at 2026-06-12 17:08:13
                    .run/jekyll.log
                    ...done in 10.086641973 seconds.
                    
      Regenerating: 1 file(s) changed at 2026-06-12 17:08:23
                    .run/jekyll.log
                    ...done in 10.05858797 seconds.
                    
      Regenerating: 1 file(s) changed at 2026-06-12 17:08:33
                    .run/jekyll.log
                    ...done in 10.049361882 seconds.
                    
      Regenerating: 1 file(s) changed at 2026-06-12 17:08:43
                    .run/jekyll.log
                    ...done in 10.284247467 seconds.
                    
      Regenerating: 1 file(s) changed at 2026-06-12 17:08:54
                    .run/jekyll.log
                    ...done in 9.505216095 seconds.
                    
      Regenerating: 1 file(s) changed at 2026-06-12 17:09:03
                    .run/jekyll.log
                    ...done in 11.029448109 seconds.
                    
      Regenerating: 1 file(s) changed at 2026-06-12 17:09:15
                    .run/jekyll.log
                    ...done in 9.375231071 seconds.
                    
      Regenerating: 1 file(s) changed at 2026-06-12 17:09:24
                    .run/jekyll.log
                    ...done in 10.889522513 seconds.
                    
      Regenerating: 1 file(s) changed at 2026-06-12 17:09:35
                    .run/jekyll.log
                    ...done in 9.406016705 seconds.
                    
      Regenerating: 1 file(s) changed at 2026-06-12 17:09:45
                    .run/jekyll.log
                    ...done in 10.919471264 seconds.
                    
      Regenerating: 1 file(s) changed at 2026-06-12 17:09:56
                    .run/jekyll.log
                    ...done in 9.388496201 seconds.
                    
      Regenerating: 1 file(s) changed at 2026-06-12 17:10:05
                    .run/jekyll.log
                    ...done in 10.868160638 seconds.
                    
      Regenerating: 1 file(s) changed at 2026-06-12 17:10:16
                    .run/jekyll.log
                    ...done in 10.167120513 seconds.
                    
      Regenerating: 1 file(s) changed at 2026-06-12 17:10:26
                    .run/jekyll.log
                    ...done in 10.086103256 seconds.
                    
      Regenerating: 1 file(s) changed at 2026-06-12 17:10:36
                    .run/jekyll.log
                    ...done in 10.079391916 seconds.
                    
      Regenerating: 1 file(s) changed at 2026-06-12 17:10:47
                    .run/jekyll.log
                    ...done in 9.342102783 seconds.
                    
      Regenerating: 1 file(s) changed at 2026-06-12 17:10:56
                    .run/jekyll.log
                    ...done in 10.925559604 seconds.
                    
      Regenerating: 1 file(s) changed at 2026-06-12 17:11:07
                    .run/jekyll.log
                    ...done in 9.286938445 seconds.
                    
      Regenerating: 1 file(s) changed at 2026-06-12 17:11:16
                    .run/jekyll.log
                    ...done in 10.945669836 seconds.
                    
      Regenerating: 1 file(s) changed at 2026-06-12 17:11:28
                    .run/jekyll.log
                    ...done in 10.209741666 seconds.
                    
      Regenerating: 1 file(s) changed at 2026-06-12 17:11:38
                    .run/jekyll.log
                    ...done in 10.425846685 seconds.
                    
      Regenerating: 1 file(s) changed at 2026-06-12 17:11:48
                    .run/jekyll.log
                    ...done in 10.35288702 seconds.
                    
      Regenerating: 1 file(s) changed at 2026-06-12 17:11:59
                    .run/jekyll.log
                    ...done in 10.064032571 seconds.
                    
      Regenerating: 1 file(s) changed at 2026-06-12 17:12:09
                    .run/jekyll.log
                    ...done in 9.531569276 seconds.
                    
      Regenerating: 1 file(s) changed at 2026-06-12 17:12:19
                    .run/jekyll.log
                    ...done in 10.221789792 seconds.
                    
      Regenerating: 1 file(s) changed at 2026-06-12 17:12:29
                    .run/jekyll.log
                    ...done in 10.154575835 seconds.
                    
      Regenerating: 1 file(s) changed at 2026-06-12 17:12:39
                    .run/jekyll.log
                    ...done in 9.475650741 seconds.
                    
      Regenerating: 1 file(s) changed at 2026-06-12 17:12:49
                    .run/jekyll.log
                    ...done in 11.318857397 seconds.
                    
      Regenerating: 1 file(s) changed at 2026-06-12 17:13:00
                    .run/jekyll.log
                    ...done in 10.423245119 seconds.
                    
      Regenerating: 1 file(s) changed at 2026-06-12 17:13:11
                    .run/jekyll.log
                    ...done in 10.401959812 seconds.
                    
      Regenerating: 1 file(s) changed at 2026-06-12 17:13:21
                    .run/jekyll.log
                    ...done in 9.6531559 seconds.
                    
      Regenerating: 1 file(s) changed at 2026-06-12 17:13:31
                    .run/jekyll.log
                    ...done in 12.128065816 seconds.
                    
      Regenerating: 1 file(s) changed at 2026-06-12 17:13:43
                    .run/jekyll.log
                    ...done in 10.434337797 seconds.
                    
      Regenerating: 1 file(s) changed at 2026-06-12 17:13:54
                    .run/jekyll.log
                    ...done in 9.608164794 seconds.
                    
      Regenerating: 1 file(s) changed at 2026-06-12 17:14:03
                    .run/jekyll.log
                    ...done in 11.220064081 seconds.
                    
      Regenerating: 1 file(s) changed at 2026-06-12 17:14:15
                    .run/jekyll.log
                    ...done in 10.385935671 seconds.
                    
      Regenerating: 1 file(s) changed at 2026-06-12 17:14:25
                    .run/jekyll.log
                    ...done in 9.594848114 seconds.
                    
      Regenerating: 1 file(s) changed at 2026-06-12 17:14:35
                    .run/jekyll.log
                    ...done in 10.360473979 seconds.
                    
      Regenerating: 1 file(s) changed at 2026-06-12 17:14:45
                    .run/jekyll.log
                    ...done in 9.602484092 seconds.
                    
      Regenerating: 1 file(s) changed at 2026-06-12 17:14:55
                    .run/jekyll.log
                    ...done in 10.432276787 seconds.
                    
      Regenerating: 1 file(s) changed at 2026-06-12 17:15:06
                    .run/jekyll.log
                    ...done in 9.664013747 seconds.
                    
      Regenerating: 1 file(s) changed at 2026-06-12 17:15:15
                    .run/jekyll.log
                    ...done in 11.332158229 seconds.
                    
      Regenerating: 1 file(s) changed at 2026-06-12 17:15:27
                    .run/jekyll.log
                    ...done in 9.676827231 seconds.
                    
      Regenerating: 1 file(s) changed at 2026-06-12 17:15:37
                    .run/jekyll.log
                    ...done in 10.412606526 seconds.
                    
      Regenerating: 1 file(s) changed at 2026-06-12 17:15:47
                    .run/jekyll.log
                    ...done in 9.650196971 seconds.
                    
      Regenerating: 1 file(s) changed at 2026-06-12 17:15:57
                    .run/jekyll.log
                    ...done in 11.414414994 seconds.
                    
      Regenerating: 1 file(s) changed at 2026-06-12 17:16:08
                    .run/jekyll.log
                    ...done in 10.144887313 seconds.
                    
      Regenerating: 1 file(s) changed at 2026-06-12 17:16:19
                    .run/jekyll.log
                    ...done in 10.118467428 seconds.
                    
      Regenerating: 1 file(s) changed at 2026-06-12 17:16:29
                    .run/jekyll.log
                    ...done in 10.130062335 seconds.
                    
      Regenerating: 1 file(s) changed at 2026-06-12 17:16:39
                    .run/jekyll.log
                    ...done in 9.387924312 seconds.
                    
      Regenerating: 1 file(s) changed at 2026-06-12 17:16:49
                    .run/jekyll.log
                    ...done in 10.950478483 seconds.
                    
      Regenerating: 1 file(s) changed at 2026-06-12 17:17:00
                    .run/jekyll.log
                    ...done in 10.117497992 seconds.
                    
      Regenerating: 1 file(s) changed at 2026-06-12 17:17:10
                    .run/jekyll.log
                    ...done in 10.21575317 seconds.
                    
      Regenerating: 1 file(s) changed at 2026-06-12 17:17:20
                    .run/jekyll.log
                    ...done in 9.425610476 seconds.
                    
      Regenerating: 1 file(s) changed at 2026-06-12 17:17:30
                    .run/jekyll.log
                    ...done in 10.988204958 seconds.
                    
      Regenerating: 1 file(s) changed at 2026-06-12 17:17:41
                    .run/jekyll.log
                    ...done in 10.221420016 seconds.
                    
      Regenerating: 1 file(s) changed at 2026-06-12 17:17:51
                    .run/jekyll.log
                    ...done in 10.155078876 seconds.
                    
      Regenerating: 1 file(s) changed at 2026-06-12 17:18:01
                    .run/jekyll.log
                    ...done in 10.961609569 seconds.
                    
      Regenerating: 1 file(s) changed at 2026-06-12 17:18:12
                    .run/jekyll.log
                    ...done in 10.174415917 seconds.
                    
      Regenerating: 1 file(s) changed at 2026-06-12 17:18:23
                    .run/jekyll.log
                    ...done in 10.130309323 seconds.
                    
      Regenerating: 1 file(s) changed at 2026-06-12 17:18:33
                    .run/jekyll.log
                    ...done in 9.364871008 seconds.
                    
      Regenerating: 1 file(s) changed at 2026-06-12 17:18:42
                    .run/jekyll.log
                    ...done in 10.187802907 seconds.
                    
      Regenerating: 1 file(s) changed at 2026-06-12 17:18:53
                    .run/jekyll.log
                    ...done in 11.035986595 seconds.
                    
      Regenerating: 1 file(s) changed at 2026-06-12 17:19:04
                    .run/jekyll.log
                    ...done in 9.562511284 seconds.
                    
      Regenerating: 1 file(s) changed at 2026-06-12 17:19:13
                    .run/jekyll.log
                    ...done in 10.337873689 seconds.
                    
      Regenerating: 1 file(s) changed at 2026-06-12 17:19:24
                    .run/jekyll.log
                    ...done in 11.15984101 seconds.
                    
      Regenerating: 1 file(s) changed at 2026-06-12 17:19:35
                    .run/jekyll.log
                    ...done in 10.381069623 seconds.
                    
      Regenerating: 1 file(s) changed at 2026-06-12 17:19:46
                    .run/jekyll.log
                    ...done in 9.369895592 seconds.
                    
      Regenerating: 1 file(s) changed at 2026-06-12 17:19:55
                    .run/jekyll.log
                    ...done in 10.384448036 seconds.
                    
      Regenerating: 1 file(s) changed at 2026-06-12 17:20:06
                    .run/jekyll.log
                    ...done in 9.477043946 seconds.
                    
      Regenerating: 1 file(s) changed at 2026-06-12 17:20:15
                    .run/jekyll.log
                    ...done in 10.389638064 seconds.
                    
      Regenerating: 1 file(s) changed at 2026-06-12 17:20:26
                    .run/jekyll.log
                    ...done in 10.282578138 seconds.
                    
      Regenerating: 1 file(s) changed at 2026-06-12 17:20:36
                    .run/jekyll.log
                    ...done in 9.527956754 seconds.
                    
      Regenerating: 1 file(s) changed at 2026-06-12 17:20:46
                    .run/jekyll.log
                    ...done in 10.288862222 seconds.
                    
      Regenerating: 1 file(s) changed at 2026-06-12 17:20:56
                    .run/jekyll.log
                    ...done in 10.243223643 seconds.
                    
      Regenerating: 1 file(s) changed at 2026-06-12 17:21:06
                    .run/jekyll.log
                    ...done in 10.225744416 seconds.
                    
      Regenerating: 1 file(s) changed at 2026-06-12 17:21:17
                    .run/jekyll.log
                    ...done in 10.338006699 seconds.
                    
      Regenerating: 1 file(s) changed at 2026-06-12 17:21:27
                    .run/jekyll.log
                    ...done in 10.409676717 seconds.
                    
      Regenerating: 1 file(s) changed at 2026-06-12 17:21:38
                    .run/jekyll.log
                    ...done in 10.381376489 seconds.
                    
      Regenerating: 1 file(s) changed at 2026-06-12 17:21:48
                    .run/jekyll.log
                    ...done in 9.361503086 seconds.
                    
      Regenerating: 1 file(s) changed at 2026-06-12 17:21:58
                    .run/jekyll.log
                    ...done in 9.500607753 seconds.
                    
      Regenerating: 1 file(s) changed at 2026-06-12 17:22:07
                    .run/jekyll.log
                    ...done in 10.229743524 seconds.
                    
      Regenerating: 1 file(s) changed at 2026-06-12 17:22:18
                    .run/jekyll.log
                    ...done in 10.106271845 seconds.
                    
      Regenerating: 1 file(s) changed at 2026-06-12 17:22:28
                    .run/jekyll.log
                    ...done in 10.121262527 seconds.
                    
      Regenerating: 1 file(s) changed at 2026-06-12 17:22:38
                    .run/jekyll.log
                    ...done in 10.308692608 seconds.
                    
      Regenerating: 1 file(s) changed at 2026-06-12 17:22:48
                    .run/jekyll.log
                    ...done in 10.158983979 seconds.
                    
      Regenerating: 1 file(s) changed at 2026-06-12 17:22:59
                    .run/jekyll.log
                    ...done in 9.382308944 seconds.
                    
      Regenerating: 1 file(s) changed at 2026-06-12 17:23:08
                    .run/jekyll.log
                    ...done in 11.033426766 seconds.
                    
      Regenerating: 1 file(s) changed at 2026-06-12 17:23:19
                    .run/jekyll.log
                    ...done in 10.371135253 seconds.
                    
      Regenerating: 1 file(s) changed at 2026-06-12 17:23:30
                    .run/jekyll.log
                    ...done in 9.507516708 seconds.
                    
      Regenerating: 1 file(s) changed at 2026-06-12 17:23:39
                    .run/jekyll.log
                    ...done in 11.377345164 seconds.
                    
      Regenerating: 1 file(s) changed at 2026-06-12 17:23:51
                    .run/jekyll.log
                    ...done in 10.438796266 seconds.
                    
      Regenerating: 1 file(s) changed at 2026-06-12 17:24:01
                    .run/jekyll.log
                    ...done in 10.431074811 seconds.
                    
      Regenerating: 1 file(s) changed at 2026-06-12 17:24:12
                    .run/jekyll.log
                    ...done in 10.450223483 seconds.
                    
      Regenerating: 1 file(s) changed at 2026-06-12 17:24:22
                    .run/jekyll.log
                    ...done in 10.370715752 seconds.
                    
      Regenerating: 1 file(s) changed at 2026-06-12 17:24:33
                    .run/jekyll.log
                    ...done in 11.339972567 seconds.
                    
      Regenerating: 1 file(s) changed at 2026-06-12 17:24:44
                    .run/jekyll.log
                    ...done in 10.403415625 seconds.
                    
      Regenerating: 1 file(s) changed at 2026-06-12 17:24:55
                    .run/jekyll.log
                    ...done in 11.338304617 seconds.
                    
      Regenerating: 1 file(s) changed at 2026-06-12 17:25:06
                    .run/jekyll.log
                    ...done in 11.37758596 seconds.
                    
      Regenerating: 1 file(s) changed at 2026-06-12 17:25:18
                    .run/jekyll.log
                    ...done in 12.261305539 seconds.
                    
      Regenerating: 1 file(s) changed at 2026-06-12 17:25:30
                    .run/jekyll.log
                    ...done in 11.284811339 seconds.
                    
      Regenerating: 1 file(s) changed at 2026-06-12 17:25:42
                    .run/jekyll.log
                    ...done in 12.198440123 seconds.
                    
      Regenerating: 1 file(s) changed at 2026-06-12 17:25:54
                    .run/jekyll.log
                    ...done in 13.128611703 seconds.
                    
      Regenerating: 1 file(s) changed at 2026-06-12 17:26:07
                    .run/jekyll.log
                    ...done in 9.698970417 seconds.
                    
      Regenerating: 1 file(s) changed at 2026-06-12 17:26:17
                    .run/jekyll.log
                    ...done in 11.361382375 seconds.
                    
      Regenerating: 1 file(s) changed at 2026-06-12 17:26:28
                    .run/jekyll.log
                    ...done in 10.470154356 seconds.
                    
      Regenerating: 1 file(s) changed at 2026-06-12 17:26:39
                    .run/jekyll.log
                    ...done in 10.469026896 seconds.
                    
      Regenerating: 1 file(s) changed at 2026-06-12 17:26:49
                    .run/jekyll.log
                    ...done in 9.628337628 seconds.
                    
      Regenerating: 1 file(s) changed at 2026-06-12 17:26:59
                    .run/jekyll.log
                    ...done in 11.396476142 seconds.
                    
      Regenerating: 1 file(s) changed at 2026-06-12 17:27:11
                    .run/jekyll.log
                    ...done in 10.68142215 seconds.
                    
      Regenerating: 1 file(s) changed at 2026-06-12 17:27:21
                    .run/jekyll.log
                    ...done in 10.554809157 seconds.
                    
      Regenerating: 1 file(s) changed at 2026-06-12 17:27:32
                    .run/jekyll.log
                    ...done in 9.67600818 seconds.
                    
      Regenerating: 1 file(s) changed at 2026-06-12 17:27:42
                    .run/jekyll.log
                    ...done in 11.336989295 seconds.
                    
      Regenerating: 1 file(s) changed at 2026-06-12 17:27:53
                    .run/jekyll.log
                    ...done in 10.469284335 seconds.
                    
      Regenerating: 1 file(s) changed at 2026-06-12 17:28:04
                    .run/jekyll.log
                    ...done in 10.509584187 seconds.
                    
      Regenerating: 1 file(s) changed at 2026-06-12 17:28:15
                    .run/jekyll.log
                    ...done in 11.359456307 seconds.
                    
      Regenerating: 1 file(s) changed at 2026-06-12 17:28:26
                    .run/jekyll.log
                    ...done in 10.387529131 seconds.
                    
      Regenerating: 1 file(s) changed at 2026-06-12 17:28:36
                    .run/jekyll.log
                    ...done in 10.5011644 seconds.
                    
      Regenerating: 1 file(s) changed at 2026-06-12 17:28:47
                    .run/jekyll.log
                    ...done in 10.498443931 seconds.
                    
      Regenerating: 1 file(s) changed at 2026-06-12 17:28:58
                    .run/jekyll.log
                    ...done in 10.423947374 seconds.
                    
      Regenerating: 1 file(s) changed at 2026-06-12 17:29:08
                    .run/jekyll.log
                    ...done in 10.479825033 seconds.
                    
      Regenerating: 1 file(s) changed at 2026-06-12 17:29:19
                    .run/jekyll.log
                    ...done in 10.408272076 seconds.
                    
      Regenerating: 1 file(s) changed at 2026-06-12 17:29:29
                    .run/jekyll.log
                    ...done in 10.463598082 seconds.
                    
      Regenerating: 1 file(s) changed at 2026-06-12 17:29:40
                    .run/jekyll.log
                    ...done in 9.703079201 seconds.
                    
      Regenerating: 1 file(s) changed at 2026-06-12 17:29:50
                    .run/jekyll.log
                    ...done in 10.485164757 seconds.
                    
      Regenerating: 1 file(s) changed at 2026-06-12 17:30:00
                    .run/jekyll.log
                    ...done in 10.428307803 seconds.
                    
      Regenerating: 1 file(s) changed at 2026-06-12 17:30:11
                    .run/jekyll.log
                    ...done in 9.653377951 seconds.
                    
      Regenerating: 1 file(s) changed at 2026-06-12 17:30:21
                    .run/jekyll.log
                    ...done in 12.295282948 seconds.
                    
      Regenerating: 1 file(s) changed at 2026-06-12 17:30:33
                    .run/jekyll.log
                    ...done in 10.466877448 seconds.
                    
      Regenerating: 1 file(s) changed at 2026-06-12 17:30:43
                    .run/jekyll.log
                    ...done in 9.656497362 seconds.
                    
      Regenerating: 1 file(s) changed at 2026-06-12 17:30:53
                    .run/jekyll.log
                    ...done in 10.620633532 seconds.
                    
      Regenerating: 1 file(s) changed at 2026-06-12 17:31:04
                    .run/jekyll.log
                    ...done in 9.557621306 seconds.
                    
      Regenerating: 1 file(s) changed at 2026-06-12 17:31:14
                    .run/jekyll.log
                    ...done in 11.407360969 seconds.
                    
      Regenerating: 1 file(s) changed at 2026-06-12 17:31:25
                    .run/jekyll.log
                    ...done in 9.713625543 seconds.
                    
      Regenerating: 1 file(s) changed at 2026-06-12 17:31:35
                    .run/jekyll.log
                    ...done in 10.564126359 seconds.
                    
      Regenerating: 1 file(s) changed at 2026-06-12 17:31:46
                    .run/jekyll.log
                    ...done in 10.467274598 seconds.
                    
      Regenerating: 1 file(s) changed at 2026-06-12 17:31:56
                    .run/jekyll.log
                    ...done in 11.348812749 seconds.
                    
      Regenerating: 1 file(s) changed at 2026-06-12 17:32:08
                    .run/jekyll.log
                    ...done in 11.533395899 seconds.
                    
      Regenerating: 1 file(s) changed at 2026-06-12 17:32:19
                    .run/jekyll.log
                    ...done in 10.630923195 seconds.
                    
      Regenerating: 1 file(s) changed at 2026-06-12 17:32:30
                    .run/jekyll.log
                    ...done in 10.634341554 seconds.
                    
      Regenerating: 1 file(s) changed at 2026-06-12 17:32:41
                    .run/jekyll.log
                    ...done in 10.557587321 seconds.
                    
      Regenerating: 1 file(s) changed at 2026-06-12 17:32:51
                    .run/jekyll.log
                    ...done in 10.574389867 seconds.
                    
      Regenerating: 1 file(s) changed at 2026-06-12 17:33:02
                    .run/jekyll.log
                    ...done in 10.576410604 seconds.
                    
      Regenerating: 1 file(s) changed at 2026-06-12 17:33:13
                    .run/jekyll.log
                    ...done in 11.400999915 seconds.
                    
      Regenerating: 1 file(s) changed at 2026-06-12 17:33:24
                    .run/jekyll.log
                    ...done in 9.84122689 seconds.
                    
      Regenerating: 1 file(s) changed at 2026-06-12 17:33:34
                    .run/jekyll.log
                    ...done in 11.647985904 seconds.
                    
      Regenerating: 1 file(s) changed at 2026-06-12 17:33:46
                    .run/jekyll.log
                    ...done in 9.864535515 seconds.
                    
      Regenerating: 1 file(s) changed at 2026-06-12 17:33:56
                    .run/jekyll.log
                    ...done in 10.604617027 seconds.
                    
      Regenerating: 1 file(s) changed at 2026-06-12 17:34:07
                    .run/jekyll.log
                    ...done in 9.799950958 seconds.
                    
      Regenerating: 1 file(s) changed at 2026-06-12 17:34:16
                    .run/jekyll.log
                    ...done in 10.584096248 seconds.
                    
      Regenerating: 1 file(s) changed at 2026-06-12 17:34:27
                    .run/jekyll.log
                    ...done in 10.483889576 seconds.
                    
      Regenerating: 1 file(s) changed at 2026-06-12 17:34:38
                    .run/jekyll.log
                    ...done in 9.743396345 seconds.
                    
      Regenerating: 1 file(s) changed at 2026-06-12 17:34:48
                    .run/jekyll.log
                    ...done in 11.064478998 seconds.
                    
      Regenerating: 1 file(s) changed at 2026-06-12 17:34:59
                    .run/jekyll.log
                    ...done in 9.481967405 seconds.
                    
      Regenerating: 1 file(s) changed at 2026-06-12 17:35:08
                    .run/jekyll.log
                    ...done in 10.426603555 seconds.
                    
      Regenerating: 1 file(s) changed at 2026-06-12 17:35:19
                    .run/jekyll.log
                    ...done in 10.415820384 seconds.
                    
      Regenerating: 1 file(s) changed at 2026-06-12 17:35:29
                    .run/jekyll.log
                    ...done in 9.44288054 seconds.
                    
      Regenerating: 1 file(s) changed at 2026-06-12 17:35:39
                    .run/jekyll.log
                    ...done in 12.085949396 seconds.
                    
      Regenerating: 1 file(s) changed at 2026-06-12 17:35:51
                    .run/jekyll.log
                    ...done in 10.34836843 seconds.
                    
      Regenerating: 1 file(s) changed at 2026-06-12 17:36:02
                    .run/jekyll.log
                    ...done in 10.32155139 seconds.
                    
      Regenerating: 1 file(s) changed at 2026-06-12 17:36:12
                    .run/jekyll.log
                    ...done in 10.191356955 seconds.
                    
      Regenerating: 1 file(s) changed at 2026-06-12 17:36:22
                    .run/jekyll.log
                    ...done in 9.430985087 seconds.
                    
      Regenerating: 1 file(s) changed at 2026-06-12 17:36:32
                    .run/jekyll.log
                    ...done in 11.121499087 seconds.
                    
      Regenerating: 1 file(s) changed at 2026-06-12 17:36:43
                    .run/jekyll.log
                    ...done in 10.24252169 seconds.
                    
      Regenerating: 1 file(s) changed at 2026-06-12 17:36:53
                    .run/jekyll.log
                    ...done in 9.544614905 seconds.
                    
      Regenerating: 1 file(s) changed at 2026-06-12 17:37:03
                    .run/jekyll.log
                    ...done in 11.208452104 seconds.
                    
      Regenerating: 1 file(s) changed at 2026-06-12 17:37:14
                    .run/jekyll.log
                    ...done in 10.382875734 seconds.
                    
      Regenerating: 1 file(s) changed at 2026-06-12 17:37:25
                    .run/jekyll.log
                    ...done in 9.514441271 seconds.
                    
      Regenerating: 1 file(s) changed at 2026-06-12 17:37:34
                    .run/jekyll.log
                    ...done in 11.2759059 seconds.
                    
      Regenerating: 1 file(s) changed at 2026-06-12 17:37:46
                    .run/jekyll.log
                    ...done in 10.375592059 seconds.
                    
      Regenerating: 1 file(s) changed at 2026-06-12 17:37:56
                    .run/jekyll.log
                    ...done in 11.260834933 seconds.
                    
      Regenerating: 1 file(s) changed at 2026-06-12 17:38:08
                    .run/jekyll.log
                    ...done in 9.600285303 seconds.
                    
      Regenerating: 1 file(s) changed at 2026-06-12 17:38:17
                    .run/jekyll.log
                    ...done in 11.271435103 seconds.
                    
      Regenerating: 1 file(s) changed at 2026-06-12 17:38:29
                    .run/jekyll.log
                    ...done in 9.582519195 seconds.
                    
      Regenerating: 1 file(s) changed at 2026-06-12 17:38:38
                    .run/jekyll.log
                    ...done in 10.407946522 seconds.
                    
      Regenerating: 1 file(s) changed at 2026-06-12 17:38:49
                    .run/jekyll.log
                    ...done in 11.318815502 seconds.
                    
      Regenerating: 1 file(s) changed at 2026-06-12 17:39:00
                    .run/jekyll.log
                    ...done in 9.594612394 seconds.
                    
      Regenerating: 1 file(s) changed at 2026-06-12 17:39:10
                    .run/jekyll.log
                    ...done in 11.292161319 seconds.
                    
      Regenerating: 1 file(s) changed at 2026-06-12 17:39:21
                    .run/jekyll.log
                    ...done in 9.577009339 seconds.
                    
      Regenerating: 1 file(s) changed at 2026-06-12 17:39:31
                    .run/jekyll.log
                    ...done in 11.313823048 seconds.
                    
      Regenerating: 1 file(s) changed at 2026-06-12 17:39:43
                    .run/jekyll.log
                    ...done in 10.52586694 seconds.
                    
      Regenerating: 1 file(s) changed at 2026-06-12 17:39:53
                    .run/jekyll.log
                    ...done in 10.573995725 seconds.
                    
      Regenerating: 1 file(s) changed at 2026-06-12 17:40:04
                    .run/jekyll.log
                    ...done in 10.460005241 seconds.
                    
      Regenerating: 1 file(s) changed at 2026-06-12 17:40:14
                    .run/jekyll.log
                    ...done in 9.526360423 seconds.
                    
      Regenerating: 1 file(s) changed at 2026-06-12 17:40:24
                    .run/jekyll.log
                    ...done in 11.23930878 seconds.
                    
      Regenerating: 1 file(s) changed at 2026-06-12 17:40:35
                    .run/jekyll.log
                    ...done in 10.275157007 seconds.
                    
      Regenerating: 1 file(s) changed at 2026-06-12 17:40:46
                    .run/jekyll.log
                    ...done in 9.595676745 seconds.
                    
      Regenerating: 1 file(s) changed at 2026-06-12 17:40:55
                    .run/jekyll.log
                    ...done in 10.477421891 seconds.
                    
      Regenerating: 1 file(s) changed at 2026-06-12 17:41:06
                    .run/jekyll.log
                    ...done in 10.259138487 seconds.
                    
      Regenerating: 1 file(s) changed at 2026-06-12 17:41:16
                    .run/jekyll.log
                    ...done in 10.286567201 seconds.
                    
      Regenerating: 1 file(s) changed at 2026-06-12 17:41:27
                    .run/jekyll.log
                    ...done in 10.282716037 seconds.
                    
      Regenerating: 1 file(s) changed at 2026-06-12 17:41:37
                    .run/jekyll.log
                    ...done in 12.084720897 seconds.
                    
      Regenerating: 1 file(s) changed at 2026-06-12 17:41:49
                    .run/jekyll.log
                    ...done in 10.391131386 seconds.
                    
      Regenerating: 1 file(s) changed at 2026-06-12 17:42:00
                    .run/jekyll.log
                    ...done in 9.472057117 seconds.
                    
      Regenerating: 1 file(s) changed at 2026-06-12 17:42:09
                    .run/jekyll.log
                    ...done in 11.195079249 seconds.
                    
      Regenerating: 1 file(s) changed at 2026-06-12 17:42:21
                    .run/jekyll.log
                    ...done in 9.537418634 seconds.
                    
      Regenerating: 1 file(s) changed at 2026-06-12 17:42:30
                    .run/jekyll.log
                    ...done in 10.531993928 seconds.
                    
      Regenerating: 1 file(s) changed at 2026-06-12 17:42:41
                    .run/jekyll.log
                    ...done in 9.697535361 seconds.
                    
      Regenerating: 1 file(s) changed at 2026-06-12 17:42:51
                    .run/jekyll.log
                    ...done in 11.458513941 seconds.
                    
      Regenerating: 1 file(s) changed at 2026-06-12 17:43:02
                    .run/jekyll.log
                    ...done in 10.550412838 seconds.
                    
      Regenerating: 1 file(s) changed at 2026-06-12 17:43:13
                    .run/jekyll.log
                    ...done in 9.721465152 seconds.
                    
      Regenerating: 1 file(s) changed at 2026-06-12 17:43:23
                    .run/jekyll.log
                    ...done in 10.565018175 seconds.
                    
      Regenerating: 1 file(s) changed at 2026-06-12 17:43:33
                    .run/jekyll.log
                    ...done in 10.56578997 seconds.
                    
      Regenerating: 1 file(s) changed at 2026-06-12 17:43:44
                    .run/jekyll.log
                    ...done in 9.741642064 seconds.
                    
      Regenerating: 1 file(s) changed at 2026-06-12 17:43:54
                    .run/jekyll.log
                    ...done in 11.52635828 seconds.
                    
      Regenerating: 1 file(s) changed at 2026-06-12 17:44:06
                    .run/jekyll.log
                    ...done in 11.543950538 seconds.
                    
      Regenerating: 1 file(s) changed at 2026-06-12 17:44:17
                    .run/jekyll.log
                    ...done in 10.556918473 seconds.
                    
      Regenerating: 1 file(s) changed at 2026-06-12 17:44:28
                    .run/jekyll.log
                    ...done in 9.773502201 seconds.
                    
      Regenerating: 1 file(s) changed at 2026-06-12 17:44:38
                    .run/jekyll.log
                    ...done in 11.552588692 seconds.
                    
      Regenerating: 1 file(s) changed at 2026-06-12 17:44:49
                    .run/jekyll.log
                    ...done in 10.588575669 seconds.
                    
      Regenerating: 1 file(s) changed at 2026-06-12 17:45:00
                    .run/jekyll.log
                    ...done in 10.648273891 seconds.
                    
      Regenerating: 1 file(s) changed at 2026-06-12 17:45:11
                    .run/jekyll.log
                    ...done in 10.674712607 seconds.
                    
      Regenerating: 1 file(s) changed at 2026-06-12 17:45:22
                    .run/jekyll.log
                    ...done in 10.652123421 seconds.
                    
      Regenerating: 1 file(s) changed at 2026-06-12 17:45:32
                    .run/jekyll.log
                    ...done in 11.601082438 seconds.
                    
      Regenerating: 1 file(s) changed at 2026-06-12 17:45:44
                    .run/jekyll.log
                    ...done in 10.633556703 seconds.
                    
      Regenerating: 1 file(s) changed at 2026-06-12 17:45:55
                    .run/jekyll.log
                    ...done in 9.848786523 seconds.
                    
      Regenerating: 1 file(s) changed at 2026-06-12 17:46:05
                    .run/jekyll.log
                    ...done in 10.639369874 seconds.
                    
      Regenerating: 1 file(s) changed at 2026-06-12 17:46:15
                    .run/jekyll.log
                    ...done in 11.573918148 seconds.
                    
      Regenerating: 1 file(s) changed at 2026-06-12 17:46:27
                    .run/jekyll.log
                    ...done in 11.490505623 seconds.
                    
      Regenerating: 1 file(s) changed at 2026-06-12 17:46:39
                    .run/jekyll.log
                    ...done in 10.541230882 seconds.
                    
      Regenerating: 1 file(s) changed at 2026-06-12 17:46:49
                    .run/jekyll.log
                    ...done in 9.806122987 seconds.
                    
      Regenerating: 1 file(s) changed at 2026-06-12 17:46:59
                    .run/jekyll.log
                    ...done in 10.539578532 seconds.
                    
      Regenerating: 1 file(s) changed at 2026-06-12 17:47:10
                    .run/jekyll.log
                    ...done in 10.564208029 seconds.
                    
      Regenerating: 1 file(s) changed at 2026-06-12 17:47:21
                    .run/jekyll.log
                    ...done in 11.418827442 seconds.
                    
      Regenerating: 1 file(s) changed at 2026-06-12 17:47:32
                    .run/jekyll.log
                    ...done in 9.695457699 seconds.
                    
      Regenerating: 1 file(s) changed at 2026-06-12 17:47:42
                    .run/jekyll.log
                    ...done in 12.470937796 seconds.
                    
      Regenerating: 1 file(s) changed at 2026-06-12 17:47:54
                    .run/jekyll.log
                    ...done in 10.574816048 seconds.
                    
      Regenerating: 1 file(s) changed at 2026-06-12 17:48:05
                    .run/jekyll.log
                    ...done in 9.749716742 seconds.
                    
      Regenerating: 1 file(s) changed at 2026-06-12 17:48:15
                    .run/jekyll.log
                    ...done in 10.601722213 seconds.
                    
      Regenerating: 1 file(s) changed at 2026-06-12 17:48:26
                    .run/jekyll.log
                    ...done in 11.4881114 seconds.
                    
      Regenerating: 1 file(s) changed at 2026-06-12 17:48:37
                    .run/jekyll.log
                    ...done in 9.747259811 seconds.
                    
      Regenerating: 1 file(s) changed at 2026-06-12 17:48:47
                    .run/jekyll.log
                    ...done in 10.631726136 seconds.
                    
      Regenerating: 1 file(s) changed at 2026-06-12 17:48:58
                    .run/jekyll.log
                    ...done in 10.537527737 seconds.
                    
      Regenerating: 1 file(s) changed at 2026-06-12 17:49:09
                    .run/jekyll.log
                    ...done in 10.656351425 seconds.
                    
      Regenerating: 1 file(s) changed at 2026-06-12 17:49:19
                    .run/jekyll.log
                    ...done in 10.630170868 seconds.
                    
      Regenerating: 1 file(s) changed at 2026-06-12 17:49:30
                    .run/jekyll.log
                    ...done in 9.788005936 seconds.
                    
      Regenerating: 1 file(s) changed at 2026-06-12 17:49:40
                    .run/jekyll.log
                    ...done in 11.619440454 seconds.
                    
      Regenerating: 1 file(s) changed at 2026-06-12 17:49:52
                    .run/jekyll.log
                    ...done in 10.709598458 seconds.
                    
      Regenerating: 1 file(s) changed at 2026-06-12 17:50:02
                    .run/jekyll.log
                    ...done in 9.801774944 seconds.
                    
      Regenerating: 1 file(s) changed at 2026-06-12 17:50:12
                    .run/jekyll.log
                    ...done in 11.578330612 seconds.
                    
      Regenerating: 1 file(s) changed at 2026-06-12 17:50:24
                    .run/jekyll.log
                    ...done in 10.665921911 seconds.
                    
      Regenerating: 1 file(s) changed at 2026-06-12 17:50:35
                    .run/jekyll.log
                    ...done in 10.709476023 seconds.
                    
      Regenerating: 1 file(s) changed at 2026-06-12 17:50:46
                    .run/jekyll.log
                    ...done in 10.656757195 seconds.
                    
      Regenerating: 1 file(s) changed at 2026-06-12 17:50:56
                    .run/jekyll.log
                    ...done in 10.781287009 seconds.
                    
      Regenerating: 1 file(s) changed at 2026-06-12 17:51:07
                    .run/jekyll.log
                    ...done in 9.815044795 seconds.
                    
      Regenerating: 1 file(s) changed at 2026-06-12 17:51:17
                    .run/jekyll.log
                    ...done in 11.570969301 seconds.
                    
      Regenerating: 1 file(s) changed at 2026-06-12 17:51:29
                    .run/jekyll.log
                    ...done in 10.658887017 seconds.
                    
      Regenerating: 1 file(s) changed at 2026-06-12 17:51:40
                    .run/jekyll.log
                    ...done in 9.782208066 seconds.
                    
      Regenerating: 1 file(s) changed at 2026-06-12 17:51:49
                    .run/jekyll.log
                    ...done in 9.695970303 seconds.
                    
      Regenerating: 1 file(s) changed at 2026-06-12 17:51:59
                    .run/jekyll.log
                    ...done in 10.70041452 seconds.
                    
      Regenerating: 1 file(s) changed at 2026-06-12 17:52:10
                    .run/jekyll.log
                    ...done in 9.819488536 seconds.
                    
      Regenerating: 1 file(s) changed at 2026-06-12 17:52:20
                    .run/jekyll.log
                    ...done in 10.59299291 seconds.
                    
      Regenerating: 1 file(s) changed at 2026-06-12 17:52:31
                    .run/jekyll.log
                    ...done in 9.741579393 seconds.
                    
      Regenerating: 1 file(s) changed at 2026-06-12 17:52:40
                    .run/jekyll.log
                    ...done in 10.531639647 seconds.
                    
      Regenerating: 1 file(s) changed at 2026-06-12 17:52:51
                    .run/jekyll.log
                    ...done in 10.60451731 seconds.
                    
      Regenerating: 1 file(s) changed at 2026-06-12 17:53:02
                    .run/jekyll.log
                    ...done in 10.603443065 seconds.
                    
      Regenerating: 1 file(s) changed at 2026-06-12 17:53:13
                    .run/jekyll.log
                    ...done in 10.582461557 seconds.
                    
      Regenerating: 1 file(s) changed at 2026-06-12 17:53:23
                    .run/jekyll.log
                    ...done in 11.470568945 seconds.
                    
      Regenerating: 1 file(s) changed at 2026-06-12 17:53:35
                    .run/jekyll.log
                    ...done in 9.815176595 seconds.
                    
      Regenerating: 1 file(s) changed at 2026-06-12 17:53:45
                    .run/jekyll.log
                    ...done in 11.547521083 seconds.
                    
      Regenerating: 1 file(s) changed at 2026-06-12 17:53:56
                    .run/jekyll.log
                    ...done in 10.611235521 seconds.
                    
      Regenerating: 1 file(s) changed at 2026-06-12 17:54:07
                    .run/jekyll.log
                    ...done in 10.638770581 seconds.
                    
      Regenerating: 1 file(s) changed at 2026-06-12 17:54:18
                    .run/jekyll.log
                    ...done in 10.63520407 seconds.
                    
      Regenerating: 1 file(s) changed at 2026-06-12 17:54:29
                    .run/jekyll.log
                    ...done in 10.695952186 seconds.
                    
      Regenerating: 1 file(s) changed at 2026-06-12 17:54:39
                    .run/jekyll.log
                    ...done in 9.806322873 seconds.
                    
      Regenerating: 1 file(s) changed at 2026-06-12 17:54:49
                    .run/jekyll.log
                    ...done in 11.608631139 seconds.
                    
      Regenerating: 1 file(s) changed at 2026-06-12 17:55:01
                    .run/jekyll.log
                    ...done in 10.645346247 seconds.
                    
      Regenerating: 1 file(s) changed at 2026-06-12 17:55:12
                    .run/jekyll.log
                    ...done in 10.698932866 seconds.
                    
      Regenerating: 1 file(s) changed at 2026-06-12 17:55:22
                    .run/jekyll.log
                    ...done in 10.742206148 seconds.
                    
      Regenerating: 1 file(s) changed at 2026-06-12 17:55:33
                    .run/jekyll.log
                    ...done in 10.695697353 seconds.
                    
      Regenerating: 1 file(s) changed at 2026-06-12 17:55:44
                    .run/jekyll.log
                    ...done in 9.78792723 seconds.
                    
      Regenerating: 1 file(s) changed at 2026-06-12 17:55:54
                    .run/jekyll.log
                    ...done in 11.592003879 seconds.
                    
      Regenerating: 1 file(s) changed at 2026-06-12 17:56:06
                    .run/jekyll.log
                    ...done in 9.800880237 seconds.
                    
      Regenerating: 1 file(s) changed at 2026-06-12 17:56:16
                    .run/jekyll.log
                    ...done in 10.679259311 seconds.
                    
      Regenerating: 1 file(s) changed at 2026-06-12 17:56:26
                    .run/jekyll.log
                    ...done in 11.559835034 seconds.
                    
      Regenerating: 1 file(s) changed at 2026-06-12 17:56:38
                    .run/jekyll.log
                    ...done in 9.876137283 seconds.
                    
      Regenerating: 1 file(s) changed at 2026-06-12 17:56:48
                    .run/jekyll.log
                    ...done in 10.691094103 seconds.
                    
      Regenerating: 1 file(s) changed at 2026-06-12 17:56:59
                    .run/jekyll.log
                    ...done in 11.610158023 seconds.
                    
      Regenerating: 1 file(s) changed at 2026-06-12 17:57:11
                    .run/jekyll.log
                    ...done in 9.826548236 seconds.
                    
      Regenerating: 1 file(s) changed at 2026-06-12 17:57:20
                    .run/jekyll.log
                    ...done in 11.687091181 seconds.
                    
      Regenerating: 1 file(s) changed at 2026-06-12 17:57:32
                    .run/jekyll.log
                    ...done in 11.684264652 seconds.
                    
      Regenerating: 1 file(s) changed at 2026-06-12 17:57:44
                    .run/jekyll.log
                    ...done in 10.710803685 seconds.
                    
      Regenerating: 1 file(s) changed at 2026-06-12 17:57:55
                    .run/jekyll.log
                    ...done in 10.703208954 seconds.
                    
      Regenerating: 1 file(s) changed at 2026-06-12 17:58:06
                    .run/jekyll.log
                    ...done in 10.716073498 seconds.
                    
      Regenerating: 1 file(s) changed at 2026-06-12 17:58:16
                    .run/jekyll.log
                    ...done in 9.852749314 seconds.
                    
      Regenerating: 1 file(s) changed at 2026-06-12 17:58:26
                    .run/jekyll.log
                    ...done in 11.611608016 seconds.
                    
      Regenerating: 1 file(s) changed at 2026-06-12 17:58:38
                    .run/jekyll.log
                    ...done in 10.589411666 seconds.
                    
      Regenerating: 1 file(s) changed at 2026-06-12 17:58:49
                    .run/jekyll.log
                    ...done in 10.617612666 seconds.
                    
      Regenerating: 1 file(s) changed at 2026-06-12 17:59:00
                    .run/jekyll.log
                    ...done in 10.592376354 seconds.
                    
      Regenerating: 1 file(s) changed at 2026-06-12 17:59:10
                    .run/jekyll.log
                    ...done in 9.751986451 seconds.
                    
      Regenerating: 1 file(s) changed at 2026-06-12 17:59:20
                    .run/jekyll.log
                    ...done in 11.564296108 seconds.
                    
      Regenerating: 1 file(s) changed at 2026-06-12 17:59:32
                    .run/jekyll.log
                    ...done in 10.63564229 seconds.
                    
      Regenerating: 1 file(s) changed at 2026-06-12 17:59:42
                    .run/jekyll.log
                    ...done in 10.670228139 seconds.
                    
      Regenerating: 1 file(s) changed at 2026-06-12 17:59:53
                    .run/jekyll.log
                    ...done in 9.836061638 seconds.
                    
      Regenerating: 1 file(s) changed at 2026-06-12 18:00:03
                    .run/jekyll.log
                    ...done in 12.596839485 seconds.
                    
      Regenerating: 1 file(s) changed at 2026-06-12 18:00:16
                    .run/jekyll.log
                    ...done in 10.628443223 seconds.
                    
      Regenerating: 1 file(s) changed at 2026-06-12 18:00:27
                    .run/jekyll.log
                    ...done in 9.792256465 seconds.
                    
      Regenerating: 1 file(s) changed at 2026-06-12 18:00:37
                    .run/jekyll.log
                    ...done in 12.550647163 seconds.
                    
      Regenerating: 1 file(s) changed at 2026-06-12 18:00:49
                    .run/jekyll.log
                    ...done in 9.73545341 seconds.
                    
      Regenerating: 1 file(s) changed at 2026-06-12 18:00:59
                    .run/jekyll.log
                    ...done in 9.891014985 seconds.
                    
      Regenerating: 1 file(s) changed at 2026-06-12 18:01:09
                    .run/jekyll.log
                    ...done in 10.694873363 seconds.
                    
      Regenerating: 1 file(s) changed at 2026-06-12 18:01:20
                    .run/jekyll.log
                    ...done in 10.753120011 seconds.
                    
      Regenerating: 1 file(s) changed at 2026-06-12 18:01:31
                    .run/jekyll.log
                    ...done in 9.831271915 seconds.
                    
      Regenerating: 1 file(s) changed at 2026-06-12 18:01:41
                    .run/jekyll.log
                    ...done in 10.753777317 seconds.
                    
      Regenerating: 1 file(s) changed at 2026-06-12 18:01:51
                    .run/jekyll.log
                    ...done in 11.614889855 seconds.
                    
      Regenerating: 1 file(s) changed at 2026-06-12 18:02:03
                    .run/jekyll.log
                    ...done in 10.729203032 seconds.
                    
      Regenerating: 1 file(s) changed at 2026-06-12 18:02:14
                    .run/jekyll.log
                    ...done in 9.846641576 seconds.
                    
      Regenerating: 1 file(s) changed at 2026-06-12 18:02:24
                    .run/jekyll.log
                    ...done in 11.742592225 seconds.
                    
      Regenerating: 1 file(s) changed at 2026-06-12 18:02:36
                    .run/jekyll.log
                    ...done in 10.831522451 seconds.
                    
      Regenerating: 1 file(s) changed at 2026-06-12 18:02:47
                    .run/jekyll.log
                    ...done in 9.907389637 seconds.
                    
      Regenerating: 1 file(s) changed at 2026-06-12 18:02:57
                    .run/jekyll.log
                    ...done in 11.738059475 seconds.
                    
      Regenerating: 1 file(s) changed at 2026-06-12 18:03:09
                    .run/jekyll.log
                    ...done in 10.800794844 seconds.
                    
      Regenerating: 1 file(s) changed at 2026-06-12 18:03:19
                    .run/jekyll.log
                    ...done in 10.807439522 seconds.
                    
      Regenerating: 1 file(s) changed at 2026-06-12 18:03:30
                    .run/jekyll.log
                    ...done in 9.949739748 seconds.
                    
      Regenerating: 1 file(s) changed at 2026-06-12 18:03:40
                    .run/jekyll.log
                    ...done in 10.754390277 seconds.
                    
      Regenerating: 1 file(s) changed at 2026-06-12 18:03:51
                    .run/jekyll.log
                    ...done in 12.715645329 seconds.
                    
      Regenerating: 1 file(s) changed at 2026-06-12 18:04:04
                    .run/jekyll.log
                    ...done in 10.806808959 seconds.
                    
      Regenerating: 1 file(s) changed at 2026-06-12 18:04:15
                    .run/jekyll.log
                    ...done in 10.790497539 seconds.
                    
      Regenerating: 1 file(s) changed at 2026-06-12 18:04:26
                    .run/jekyll.log
                    ...done in 10.642622323 seconds.
                    
      Regenerating: 1 file(s) changed at 2026-06-12 18:04:37
                    .run/jekyll.log
                    ...done in 9.857691663 seconds.
                    
      Regenerating: 1 file(s) changed at 2026-06-12 18:04:47
                    .run/jekyll.log
                    ...done in 10.715425278 seconds.
                    
      Regenerating: 1 file(s) changed at 2026-06-12 18:04:57
                    .run/jekyll.log
                    ...done in 12.76014284 seconds.
                    
      Regenerating: 1 file(s) changed at 2026-06-12 18:05:10
                    .run/jekyll.log
                    ...done in 10.623730599 seconds.
                    
      Regenerating: 1 file(s) changed at 2026-06-12 18:05:21
                    .run/jekyll.log
                    ...done in 10.644279519 seconds.
                    
      Regenerating: 1 file(s) changed at 2026-06-12 18:05:32
                    .run/jekyll.log
                    ...done in 9.538013501 seconds.
                    
      Regenerating: 1 file(s) changed at 2026-06-12 18:05:41
                    .run/jekyll.log
                    ...done in 10.494905688 seconds.
                    
      Regenerating: 1 file(s) changed at 2026-06-12 18:05:52
                    .run/jekyll.log
                    ...done in 9.686073482 seconds.
                    
      Regenerating: 1 file(s) changed at 2026-06-12 18:06:02
                    .run/jekyll.log
                    ...done in 11.359379122 seconds.
                    
      Regenerating: 1 file(s) changed at 2026-06-12 18:06:13
                    .run/jekyll.log
                    ...done in 9.505410229 seconds.
                    
      Regenerating: 1 file(s) changed at 2026-06-12 18:06:23
                    .run/jekyll.log
                    ...done in 9.565662463 seconds.
                    
      Regenerating: 1 file(s) changed at 2026-06-12 18:06:32
                    .run/jekyll.log
                    ...done in 10.482332774 seconds.
                    
      Regenerating: 1 file(s) changed at 2026-06-12 18:06:43
                    .run/jekyll.log
                    ...done in 12.309609137 seconds.
                    
      Regenerating: 1 file(s) changed at 2026-06-12 18:06:55
                    .run/jekyll.log
                    ...done in 9.864133753 seconds.
                    
      Regenerating: 1 file(s) changed at 2026-06-12 18:07:05
                    .run/jekyll.log
                    ...done in 9.935291469 seconds.
                    
      Regenerating: 1 file(s) changed at 2026-06-12 18:07:15
                    .run/jekyll.log
                    ...done in 11.496987503 seconds.
                    
      Regenerating: 1 file(s) changed at 2026-06-12 18:07:27
                    .run/jekyll.log
                    ...done in 9.634147873 seconds.
                    
      Regenerating: 1 file(s) changed at 2026-06-12 18:07:37
                    .run/jekyll.log
                    ...done in 11.382366524 seconds.
                    
      Regenerating: 1 file(s) changed at 2026-06-12 18:07:48
                    .run/jekyll.log
                    ...done in 9.590210153 seconds.
                    
      Regenerating: 1 file(s) changed at 2026-06-12 18:07:58
                    .run/jekyll.log
                    ...done in 10.41652181 seconds.
                    
      Regenerating: 1 file(s) changed at 2026-06-12 18:08:08
                    .run/jekyll.log
                    ...done in 9.660358543 seconds.
                    
      Regenerating: 1 file(s) changed at 2026-06-12 18:08:18
                    .run/jekyll.log
                    ...done in 11.37150037 seconds.
                    
      Regenerating: 1 file(s) changed at 2026-06-12 18:08:30
                    .run/jekyll.log
                    ...done in 9.7040113 seconds.
                    
      Regenerating: 1 file(s) changed at 2026-06-12 18:08:40
                    .run/jekyll.log
                    ...done in 11.427394802 seconds.
                    
      Regenerating: 1 file(s) changed at 2026-06-12 18:08:51
                    .run/jekyll.log
                    ...done in 10.533845226 seconds.
                    
      Regenerating: 1 file(s) changed at 2026-06-12 18:09:02
                    .run/jekyll.log
                    ...done in 10.586038634 seconds.
                    
      Regenerating: 1 file(s) changed at 2026-06-12 18:09:12
                    .run/jekyll.log
                    ...done in 10.524239401 seconds.
                    
      Regenerating: 1 file(s) changed at 2026-06-12 18:09:23
                    .run/jekyll.log
                    ...done in 10.59370255 seconds.
                    
      Regenerating: 1 file(s) changed at 2026-06-12 18:09:34
                    .run/jekyll.log
                    ...done in 10.588338703 seconds.
                    
      Regenerating: 1 file(s) changed at 2026-06-12 18:09:44
                    .run/jekyll.log
                    ...done in 9.729476544 seconds.
                    
      Regenerating: 1 file(s) changed at 2026-06-12 18:09:54
                    .run/jekyll.log
                    ...done in 10.695301567 seconds.
                    
      Regenerating: 1 file(s) changed at 2026-06-12 18:10:05
                    .run/jekyll.log
                    ...done in 11.478642634 seconds.
                    
      Regenerating: 1 file(s) changed at 2026-06-12 18:10:17
                    .run/jekyll.log
                    ...done in 10.567498832 seconds.
                    
      Regenerating: 1 file(s) changed at 2026-06-12 18:10:27
                    .run/jekyll.log
                    ...done in 9.702281334 seconds.
                    
      Regenerating: 1 file(s) changed at 2026-06-12 18:10:37
                    .run/jekyll.log
                    ...done in 10.540271986 seconds.
                    
      Regenerating: 1 file(s) changed at 2026-06-12 18:10:48
                    .run/jekyll.log
                    ...done in 10.560243228 seconds.
                    
      Regenerating: 1 file(s) changed at 2026-06-12 18:10:58
                    .run/jekyll.log
                    ...done in 10.604199021 seconds.
                    
      Regenerating: 1 file(s) changed at 2026-06-12 18:11:09
                    .run/jekyll.log
                    ...done in 10.538971157 seconds.
                    
      Regenerating: 1 file(s) changed at 2026-06-12 18:11:20
                    .run/jekyll.log
                    ...done in 10.566499177 seconds.
                    
      Regenerating: 1 file(s) changed at 2026-06-12 18:11:30
                    .run/jekyll.log
                    ...done in 9.700542384 seconds.
                    
      Regenerating: 1 file(s) changed at 2026-06-12 18:11:40
                    .run/jekyll.log
                    ...done in 10.627970809 seconds.
                    
      Regenerating: 1 file(s) changed at 2026-06-12 18:11:51
                    .run/jekyll.log
                    ...done in 9.736543645 seconds.
                    
      Regenerating: 1 file(s) changed at 2026-06-12 18:12:01
                    .run/jekyll.log
                    ...done in 11.604160233 seconds.
                    
      Regenerating: 1 file(s) changed at 2026-06-12 18:12:12
                    .run/jekyll.log
                    ...done in 11.645192608 seconds.
                    
      Regenerating: 1 file(s) changed at 2026-06-12 18:12:24
                    .run/jekyll.log
                    ...done in 10.452412432 seconds.
                    
      Regenerating: 1 file(s) changed at 2026-06-12 18:12:35
                    .run/jekyll.log
                    ...done in 10.67773557 seconds.
                    
      Regenerating: 1 file(s) changed at 2026-06-12 18:12:45
                    .run/jekyll.log
                    ...done in 10.547451307 seconds.
                    
      Regenerating: 1 file(s) changed at 2026-06-12 18:12:56
                    .run/jekyll.log
                    ...done in 9.609211487 seconds.
                    
      Regenerating: 1 file(s) changed at 2026-06-12 18:13:06
                    .run/jekyll.log
                    ...done in 11.487378523 seconds.
                    
      Regenerating: 1 file(s) changed at 2026-06-12 18:13:17
                    .run/jekyll.log
                    ...done in 10.549661894 seconds.
                    
      Regenerating: 1 file(s) changed at 2026-06-12 18:13:28
                    .run/jekyll.log
                    ...done in 10.682369207 seconds.
                    
      Regenerating: 1 file(s) changed at 2026-06-12 18:13:39
                    .run/jekyll.log
                    ...done in 9.762492149 seconds.
                    
      Regenerating: 1 file(s) changed at 2026-06-12 18:13:49
                    .run/jekyll.log
                    ...done in 10.56924654 seconds.
                    
      Regenerating: 1 file(s) changed at 2026-06-12 18:13:59
                    .run/jekyll.log
                    ...done in 12.458842618 seconds.
                    
      Regenerating: 1 file(s) changed at 2026-06-12 18:14:12
                    .run/jekyll.log
                    ...done in 10.542178429 seconds.
                    
      Regenerating: 1 file(s) changed at 2026-06-12 18:14:23
                    .run/jekyll.log
                    ...done in 10.643019509 seconds.
                    
      Regenerating: 1 file(s) changed at 2026-06-12 18:14:33
                    .run/jekyll.log
                    ...done in 10.685693563 seconds.
                    
      Regenerating: 1 file(s) changed at 2026-06-12 18:14:44
                    .run/jekyll.log
                    ...done in 11.628210436 seconds.
                    
      Regenerating: 1 file(s) changed at 2026-06-12 18:14:56
                    .run/jekyll.log
                    ...done in 9.86486914 seconds.
                    
      Regenerating: 1 file(s) changed at 2026-06-12 18:15:06
                    .run/jekyll.log
                    ...done in 11.710251875 seconds.
                    
      Regenerating: 1 file(s) changed at 2026-06-12 18:15:18
                    .run/jekyll.log
                    ...done in 9.84437641 seconds.
                    
      Regenerating: 1 file(s) changed at 2026-06-12 18:15:28
                    .run/jekyll.log
                    ...done in 11.757079394 seconds.
                    
      Regenerating: 1 file(s) changed at 2026-06-12 18:15:39
                    .run/jekyll.log
                    ...done in 10.597212837 seconds.
                    
      Regenerating: 1 file(s) changed at 2026-06-12 18:15:50
                    .run/jekyll.log
                    ...done in 10.633148362 seconds.
                    
      Regenerating: 1 file(s) changed at 2026-06-12 18:16:01
                    .run/jekyll.log
                    ...done in 9.829483578 seconds.
                    
      Regenerating: 1 file(s) changed at 2026-06-12 18:16:11
                    .run/jekyll.log
                    ...done in 11.777642233 seconds.
                    
      Regenerating: 1 file(s) changed at 2026-06-12 18:16:23
                    .run/jekyll.log
                    ...done in 9.794344365 seconds.
                    
      Regenerating: 1 file(s) changed at 2026-06-12 18:16:33
                    .run/jekyll.log
                    ...done in 12.708591536 seconds.
                    
      Regenerating: 1 file(s) changed at 2026-06-12 18:16:45
                    .run/jekyll.log
                    ...done in 10.44661044 seconds.
                    
      Regenerating: 1 file(s) changed at 2026-06-12 18:16:56
                    .run/jekyll.log
                    ...done in 9.760561597 seconds.
                    
      Regenerating: 1 file(s) changed at 2026-06-12 18:17:06
                    .run/jekyll.log
                    ...done in 11.724567892 seconds.
                    
      Regenerating: 1 file(s) changed at 2026-06-12 18:17:18
                    .run/jekyll.log
                    ...done in 10.741027533 seconds.
                    
      Regenerating: 1 file(s) changed at 2026-06-12 18:17:28
                    .run/jekyll.log
                    ...done in 9.733081503 seconds.
                    
      Regenerating: 1 file(s) changed at 2026-06-12 18:17:38
                    .run/jekyll.log
                    ...done in 9.831104606 seconds.
                    
      Regenerating: 1 file(s) changed at 2026-06-12 18:17:48
                    .run/jekyll.log
                    ...done in 10.72124132 seconds.
                    
      Regenerating: 1 file(s) changed at 2026-06-12 18:17:59
                    .run/jekyll.log
                    ...done in 11.625775961 seconds.
                    
      Regenerating: 1 file(s) changed at 2026-06-12 18:18:11
                    .run/jekyll.log
                    ...done in 9.842803564 seconds.
                    
      Regenerating: 1 file(s) changed at 2026-06-12 18:18:21
                    .run/jekyll.log
                    ...done in 11.70155375 seconds.
                    
      Regenerating: 1 file(s) changed at 2026-06-12 18:18:33
                    .run/jekyll.log
                    ...done in 10.772748828 seconds.
                    
      Regenerating: 1 file(s) changed at 2026-06-12 18:18:43
                    .run/jekyll.log
                    ...done in 10.804394411 seconds.
                    
      Regenerating: 1 file(s) changed at 2026-06-12 18:18:54
                    .run/jekyll.log
                    ...done in 10.817405515 seconds.
                    
      Regenerating: 1 file(s) changed at 2026-06-12 18:19:05
                    .run/jekyll.log
                    ...done in 9.932817087 seconds.
                    
      Regenerating: 1 file(s) changed at 2026-06-12 18:19:15
                    .run/jekyll.log
                    ...done in 10.804963854 seconds.
                    
      Regenerating: 1 file(s) changed at 2026-06-12 18:19:26
                    .run/jekyll.log
                    ...done in 11.755718659 seconds.
                    
      Regenerating: 1 file(s) changed at 2026-06-12 18:19:38
                    .run/jekyll.log
                    ...done in 11.342337403 seconds.
                    
      Regenerating: 1 file(s) changed at 2026-06-12 18:19:49
                    .run/jekyll.log
                    ...done in 11.265923202 seconds.
                    
      Regenerating: 1 file(s) changed at 2026-06-12 18:20:01
                    .run/jekyll.log
                    ...done in 11.524088154 seconds.
                    
      Regenerating: 1 file(s) changed at 2026-06-12 18:20:12
                    .run/jekyll.log
                    ...done in 11.009708832 seconds.
                    
      Regenerating: 1 file(s) changed at 2026-06-12 18:20:24
                    .run/jekyll.log
                    ...done in 10.113607988 seconds.
                    
      Regenerating: 1 file(s) changed at 2026-06-12 18:20:34
                    .run/jekyll.log
                    ...done in 13.088417721 seconds.
                    
      Regenerating: 1 file(s) changed at 2026-06-12 18:20:47
                    .run/jekyll.log
                    ...done in 11.28841976 seconds.
                    
      Regenerating: 1 file(s) changed at 2026-06-12 18:20:58
                    .run/jekyll.log
                    ...done in 11.225632377 seconds.
                    
      Regenerating: 1 file(s) changed at 2026-06-12 18:21:10
                    .run/jekyll.log
                    ...done in 10.244266739 seconds.
                    
      Regenerating: 1 file(s) changed at 2026-06-12 18:21:20
                    .run/jekyll.log
                    ...done in 11.762423011 seconds.
                    
      Regenerating: 1 file(s) changed at 2026-06-12 18:21:32
                    .run/jekyll.log
                    ...done in 12.901523874 seconds.
                    
      Regenerating: 1 file(s) changed at 2026-06-12 18:21:45
                    .run/jekyll.log
                    ...done in 11.210208435 seconds.
                    
      Regenerating: 1 file(s) changed at 2026-06-12 18:21:56
                    .run/jekyll.log
                    ...done in 11.584060208 seconds.
                    
      Regenerating: 1 file(s) changed at 2026-06-12 18:22:08
                    .run/jekyll.log
                    ...done in 12.966572282 seconds.
                    
      Regenerating: 1 file(s) changed at 2026-06-12 18:22:21
                    .run/jekyll.log
                    ...done in 12.038276385 seconds.
                    
      Regenerating: 1 file(s) changed at 2026-06-12 18:22:33
                    .run/jekyll.log
                    ...done in 12.113484546 seconds.
                    
      Regenerating: 1 file(s) changed at 2026-06-12 18:22:45
                    .run/jekyll.log
                    ...done in 10.900887552 seconds.
                    
      Regenerating: 1 file(s) changed at 2026-06-12 18:22:56
                    .run/jekyll.log
                    ...done in 12.851464621 seconds.
                    
      Regenerating: 1 file(s) changed at 2026-06-12 18:23:09
                    .run/jekyll.log
                    ...done in 11.99245994 seconds.
                    
      Regenerating: 1 file(s) changed at 2026-06-12 18:23:21
                    .run/jekyll.log
                    ...done in 11.885224115 seconds.
                    
      Regenerating: 1 file(s) changed at 2026-06-12 18:23:33
                    .run/jekyll.log
                    ...done in 11.610982721 seconds.
                    
      Regenerating: 1 file(s) changed at 2026-06-12 18:23:45
                    .run/jekyll.log
                    ...done in 11.444597616 seconds.
                    
      Regenerating: 1 file(s) changed at 2026-06-12 18:23:57
                    .run/jekyll.log
                    ...done in 12.489192738 seconds.
                    
      Regenerating: 1 file(s) changed at 2026-06-12 18:24:09
                    .run/jekyll.log
                    ...done in 11.421722973 seconds.
                    
      Regenerating: 1 file(s) changed at 2026-06-12 18:24:21
                    .run/jekyll.log
                    ...done in 11.385351685 seconds.
                    
      Regenerating: 1 file(s) changed at 2026-06-12 18:24:32
                    .run/jekyll.log
                    ...done in 11.732056535 seconds.
                    
      Regenerating: 1 file(s) changed at 2026-06-12 18:24:44
                    .run/jekyll.log
                    ...done in 10.649808516 seconds.
                    
      Regenerating: 1 file(s) changed at 2026-06-12 18:24:55
                    .run/jekyll.log
                    ...done in 12.772591829 seconds.
                    
      Regenerating: 1 file(s) changed at 2026-06-12 18:25:08
                    .run/jekyll.log
                    ...done in 10.617734043 seconds.
                    
      Regenerating: 1 file(s) changed at 2026-06-12 18:25:18
                    .run/jekyll.log
                    ...done in 12.746288024 seconds.
                    
      Regenerating: 1 file(s) changed at 2026-06-12 18:25:31
                    .run/jekyll.log
                    ...done in 11.770338043 seconds.
                    
      Regenerating: 1 file(s) changed at 2026-06-12 18:25:43
                    .run/jekyll.log
                    ...done in 11.790599022 seconds.
                    
      Regenerating: 1 file(s) changed at 2026-06-12 18:25:55
                    .run/jekyll.log
                    ...done in 11.932580803 seconds.
                    
      Regenerating: 1 file(s) changed at 2026-06-12 18:26:07
                    .run/jekyll.log
                    ...done in 11.629706587 seconds.
                    
      Regenerating: 1 file(s) changed at 2026-06-12 18:26:19
                    .run/jekyll.log
                    ...done in 12.898596602 seconds.
                    
      Regenerating: 1 file(s) changed at 2026-06-12 18:26:32
                    .run/jekyll.log
                    ...done in 11.968792937 seconds.
                    
      Regenerating: 1 file(s) changed at 2026-06-12 18:26:44
                    .run/jekyll.log
                    ...done in 10.78929531 seconds.
                    
      Regenerating: 1 file(s) changed at 2026-06-12 18:26:55
                    .run/jekyll.log
                    ...done in 12.805367089 seconds.
                    
      Regenerating: 1 file(s) changed at 2026-06-12 18:27:08
                    .run/jekyll.log
                    ...done in 10.903193909 seconds.
                    
      Regenerating: 1 file(s) changed at 2026-06-12 18:27:19
                    .run/jekyll.log
                    ...done in 13.078693858 seconds.
                    
      Regenerating: 1 file(s) changed at 2026-06-12 18:27:32
                    .run/jekyll.log
                    ...done in 11.73841887 seconds.
                    
      Regenerating: 1 file(s) changed at 2026-06-12 18:27:44
                    .run/jekyll.log
                    ...done in 10.63701125 seconds.
                    
      Regenerating: 1 file(s) changed at 2026-06-12 18:27:54
                    .run/jekyll.log
                    ...done in 10.679520276 seconds.
                    
      Regenerating: 1 file(s) changed at 2026-06-12 18:28:05
                    .run/jekyll.log
                    ...done in 9.644574537 seconds.
                    
      Regenerating: 1 file(s) changed at 2026-06-12 18:28:15
                    .run/jekyll.log
                    ...done in 11.670374662 seconds.
                    
      Regenerating: 1 file(s) changed at 2026-06-12 18:28:27
                    .run/jekyll.log
                    ...done in 10.768333222 seconds.
                    
      Regenerating: 1 file(s) changed at 2026-06-12 18:28:38
                    .run/jekyll.log
                    ...done in 9.757094195 seconds.
                    
      Regenerating: 1 file(s) changed at 2026-06-12 18:28:47
                    .run/jekyll.log
                    ...done in 10.715460038 seconds.
                    
      Regenerating: 1 file(s) changed at 2026-06-12 18:28:58
                    .run/jekyll.log
                    ...done in 11.520986657 seconds.
                    
      Regenerating: 1 file(s) changed at 2026-06-12 18:29:10
                    .run/jekyll.log
                    ...done in 9.581630952 seconds.
                    
      Regenerating: 1 file(s) changed at 2026-06-12 18:29:19
                    .run/jekyll.log
                    ...done in 10.536346238 seconds.
                    
      Regenerating: 1 file(s) changed at 2026-06-12 18:29:30
                    .run/jekyll.log
                    ...done in 11.482295483 seconds.
                    
      Regenerating: 1 file(s) changed at 2026-06-12 18:29:42
                    .run/jekyll.log
                    ...done in 9.741235137 seconds.
                    
      Regenerating: 1 file(s) changed at 2026-06-12 18:29:52
                    .run/jekyll.log
                    ...done in 11.699379981 seconds.
                    
      Regenerating: 1 file(s) changed at 2026-06-12 18:30:03
                    .run/jekyll.log
                    ...done in 11.64041552 seconds.
                    
      Regenerating: 1 file(s) changed at 2026-06-12 18:30:15
                    .run/jekyll.log
                    ...done in 10.641229054 seconds.
                    
      Regenerating: 1 file(s) changed at 2026-06-12 18:30:26
                    .run/jekyll.log
                    ...done in 9.700566532 seconds.
                    
      Regenerating: 1 file(s) changed at 2026-06-12 18:30:36
                    .run/jekyll.log
                    ...done in 11.812086776 seconds.
                    
      Regenerating: 1 file(s) changed at 2026-06-12 18:30:48
                    .run/jekyll.log
                    ...done in 9.896367558 seconds.
                    
      Regenerating: 1 file(s) changed at 2026-06-12 18:30:58
                    .run/jekyll.log
                    ...done in 10.673557991 seconds.
                    
      Regenerating: 1 file(s) changed at 2026-06-12 18:31:08
                    .run/jekyll.log
                    ...done in 10.564560847 seconds.
                    
      Regenerating: 1 file(s) changed at 2026-06-12 18:31:19
                    .run/jekyll.log
                    ...done in 9.744956636 seconds.
                    
      Regenerating: 1 file(s) changed at 2026-06-12 18:31:29
                    .run/jekyll.log
                    ...done in 11.544127256 seconds.
                    
      Regenerating: 1 file(s) changed at 2026-06-12 18:31:40
                    .run/jekyll.log
                    ...done in 10.57599283 seconds.
                    
      Regenerating: 1 file(s) changed at 2026-06-12 18:31:51
                    .run/jekyll.log
                    ...done in 9.748149842 seconds.
                    
      Regenerating: 1 file(s) changed at 2026-06-12 18:32:01
                    .run/jekyll.log
                    ...done in 10.639847383 seconds.
                    
      Regenerating: 1 file(s) changed at 2026-06-12 18:32:12
                    .run/jekyll.log
                    ...done in 11.595597799 seconds.
                    
      Regenerating: 1 file(s) changed at 2026-06-12 18:32:23
                    .run/jekyll.log
                    ...done in 11.636124614 seconds.
                    
      Regenerating: 1 file(s) changed at 2026-06-12 18:32:35
                    .run/jekyll.log
                    ...done in 10.627481064 seconds.
                    
      Regenerating: 1 file(s) changed at 2026-06-12 18:32:46
                    .run/jekyll.log
                    ...done in 10.618199761 seconds.
                    
      Regenerating: 1 file(s) changed at 2026-06-12 18:32:57
                    .run/jekyll.log
                    ...done in 10.723135908 seconds.
                    
      Regenerating: 1 file(s) changed at 2026-06-12 18:33:07
                    .run/jekyll.log
                    ...done in 10.722429247 seconds.
                    
      Regenerating: 1 file(s) changed at 2026-06-12 18:33:18
                    .run/jekyll.log
                    ...done in 10.700908526 seconds.
                    
      Regenerating: 1 file(s) changed at 2026-06-12 18:33:29
                    .run/jekyll.log
                    ...done in 11.72405873 seconds.
                    
      Regenerating: 1 file(s) changed at 2026-06-12 18:33:41
                    .run/jekyll.log
                    ...done in 10.808712539 seconds.
                    
      Regenerating: 1 file(s) changed at 2026-06-12 18:33:52
                    .run/jekyll.log
                    ...done in 9.882612424 seconds.
                    
      Regenerating: 1 file(s) changed at 2026-06-12 18:34:02
                    .run/jekyll.log
                    ...done in 11.919558762 seconds.
                    
      Regenerating: 1 file(s) changed at 2026-06-12 18:34:14
                    .run/jekyll.log
                    ...done in 10.870749707 seconds.
                    
      Regenerating: 1 file(s) changed at 2026-06-12 18:34:25
                    .run/jekyll.log
                    ...done in 10.888016891 seconds.
                    
      Regenerating: 1 file(s) changed at 2026-06-12 18:34:36
                    .run/jekyll.log
                    ...done in 10.903834363 seconds.
                    
      Regenerating: 1 file(s) changed at 2026-06-12 18:34:47
                    .run/jekyll.log
                    ...done in 9.886833022 seconds.
                    
      Regenerating: 1 file(s) changed at 2026-06-12 18:34:57
                    .run/jekyll.log
                    ...done in 11.711036436 seconds.
                    
      Regenerating: 1 file(s) changed at 2026-06-12 18:35:09
                    .run/jekyll.log
                    ...done in 10.775706247 seconds.
                    
      Regenerating: 1 file(s) changed at 2026-06-12 18:35:19
                    .run/jekyll.log
                    ...done in 10.599650542 seconds.
                    
      Regenerating: 1 file(s) changed at 2026-06-12 18:35:30
                    .run/jekyll.log
                    ...done in 10.544682567 seconds.
                    
      Regenerating: 1 file(s) changed at 2026-06-12 18:35:41
                    .run/jekyll.log
                    ...done in 10.822730399 seconds.
                    
      Regenerating: 1 file(s) changed at 2026-06-12 18:35:52
                    .run/jekyll.log
                    ...done in 11.638039802 seconds.
                    
      Regenerating: 1 file(s) changed at 2026-06-12 18:36:03
                    .run/jekyll.log
                    ...done in 10.621501811 seconds.
                    
      Regenerating: 1 file(s) changed at 2026-06-12 18:36:14
                    .run/jekyll.log
                    ...done in 10.565244438 seconds.
                    
      Regenerating: 1 file(s) changed at 2026-06-12 18:36:25
                    .run/jekyll.log
                    ...done in 10.581190478 seconds.
                    
      Regenerating: 1 file(s) changed at 2026-06-12 18:36:36
                    .run/jekyll.log
                    ...done in 10.600460309 seconds.
                    
      Regenerating: 1 file(s) changed at 2026-06-12 18:36:46
                    .run/jekyll.log
                    ...done in 10.57069742 seconds.
                    
      Regenerating: 1 file(s) changed at 2026-06-12 18:36:57
                    .run/jekyll.log
                    ...done in 10.661597365 seconds.
                    
      Regenerating: 1 file(s) changed at 2026-06-12 18:37:08
                    .run/jekyll.log
                    ...done in 10.597791023 seconds.
                    
      Regenerating: 1 file(s) changed at 2026-06-12 18:37:18
                    .run/jekyll.log
                    ...done in 10.610143326 seconds.
                    
      Regenerating: 1 file(s) changed at 2026-06-12 18:37:29
                    .run/jekyll.log
                    ...done in 10.576979227 seconds.
                    
      Regenerating: 1 file(s) changed at 2026-06-12 18:37:40
                    .run/jekyll.log
                    ...done in 10.667563823 seconds.
                    
      Regenerating: 1 file(s) changed at 2026-06-12 18:37:50
                    .run/jekyll.log
                    ...done in 9.704277088 seconds.
                    
      Regenerating: 1 file(s) changed at 2026-06-12 18:38:00
                    .run/jekyll.log
                    ...done in 11.623916302 seconds.
                    
      Regenerating: 1 file(s) changed at 2026-06-12 18:38:12
                    .run/jekyll.log
                    ...done in 11.612395131 seconds.
                    
      Regenerating: 1 file(s) changed at 2026-06-12 18:38:24
                    .run/jekyll.log
                    ...done in 10.594831162 seconds.
                    
      Regenerating: 1 file(s) changed at 2026-06-12 18:38:34
                    .run/jekyll.log
                    ...done in 10.611653257 seconds.
                    
      Regenerating: 1 file(s) changed at 2026-06-12 18:38:45
                    .run/jekyll.log
                    ...done in 10.663168191 seconds.
                    
      Regenerating: 1 file(s) changed at 2026-06-12 18:38:56
                    .run/jekyll.log
                    ...done in 10.760118475 seconds.
                    
      Regenerating: 1 file(s) changed at 2026-06-12 18:39:07
                    .run/jekyll.log
                    ...done in 10.655440598 seconds.
                    
      Regenerating: 1 file(s) changed at 2026-06-12 18:39:18
                    .run/jekyll.log
                    ...done in 10.74523169 seconds.
                    
      Regenerating: 1 file(s) changed at 2026-06-12 18:39:28
                    .run/jekyll.log
                    ...done in 9.856228359 seconds.
                    
      Regenerating: 1 file(s) changed at 2026-06-12 18:39:38
                    .run/jekyll.log
                    ...done in 11.847002394 seconds.
                    
      Regenerating: 1 file(s) changed at 2026-06-12 18:39:50
                    .run/jekyll.log
                    ...done in 10.853637126 seconds.
                    
      Regenerating: 1 file(s) changed at 2026-06-12 18:40:01
                    .run/jekyll.log
                    ...done in 10.988939749 seconds.
                    
      Regenerating: 1 file(s) changed at 2026-06-12 18:40:12
                    .run/jekyll.log
                    ...done in 10.013171819 seconds.
                    
      Regenerating: 1 file(s) changed at 2026-06-12 18:40:22
                    .run/jekyll.log
                    ...done in 11.856054408 seconds.
                    
      Regenerating: 1 file(s) changed at 2026-06-12 18:40:34
                    .run/jekyll.log
                    ...done in 9.955227236 seconds.
                    
      Regenerating: 1 file(s) changed at 2026-06-12 18:40:44
                    .run/jekyll.log
                    ...done in 11.804616273 seconds.
                    
      Regenerating: 1 file(s) changed at 2026-06-12 18:40:56
                    .run/jekyll.log
                    ...done in 10.812073028 seconds.
                    
      Regenerating: 1 file(s) changed at 2026-06-12 18:41:07
                    .run/jekyll.log
                    ...done in 11.524247195 seconds.
                    
      Regenerating: 1 file(s) changed at 2026-06-12 18:41:19
                    .run/jekyll.log
                    ...done in 10.795191541 seconds.
                    
      Regenerating: 1 file(s) changed at 2026-06-12 18:41:30
                    .run/jekyll.log
                    ...done in 10.866473631 seconds.
                    
      Regenerating: 1 file(s) changed at 2026-06-12 18:41:41
                    .run/jekyll.log
                    ...done in 10.812251576 seconds.
                    
      Regenerating: 1 file(s) changed at 2026-06-12 18:41:52
                    .run/jekyll.log
                    ...done in 9.896221246 seconds.
                    
      Regenerating: 1 file(s) changed at 2026-06-12 18:42:02
                    .run/jekyll.log
                    ...done in 10.783978127 seconds.
                    
      Regenerating: 1 file(s) changed at 2026-06-12 18:42:13
                    .run/jekyll.log
                    ...done in 9.9365471 seconds.
                    
      Regenerating: 1 file(s) changed at 2026-06-12 18:42:23
                    .run/jekyll.log
                    ...done in 11.754896555 seconds.
                    
      Regenerating: 1 file(s) changed at 2026-06-12 18:42:34
                    .run/jekyll.log
                    ...done in 9.832482418 seconds.
                    
      Regenerating: 1 file(s) changed at 2026-06-12 18:42:44
                    .run/jekyll.log
                    ...done in 11.708554859 seconds.
                    
      Regenerating: 1 file(s) changed at 2026-06-12 18:42:56
                    .run/jekyll.log
                    ...done in 9.958241054 seconds.
                    
      Regenerating: 1 file(s) changed at 2026-06-12 18:43:06
                    .run/jekyll.log
                    ...done in 12.958253922 seconds.
                    
      Regenerating: 1 file(s) changed at 2026-06-12 18:43:19
                    .run/jekyll.log
                    ...done in 10.862765223 seconds.
                    
      Regenerating: 1 file(s) changed at 2026-06-12 18:43:30
                    .run/jekyll.log
                    ...done in 9.952780256 seconds.
                    
      Regenerating: 1 file(s) changed at 2026-06-12 18:43:40
                    .run/jekyll.log
                    ...done in 11.940926681 seconds.
                    
      Regenerating: 1 file(s) changed at 2026-06-12 18:43:52
                    .run/jekyll.log
                    ...done in 9.964382617 seconds.
                    
      Regenerating: 1 file(s) changed at 2026-06-12 18:44:02
                    .run/jekyll.log
                    ...done in 10.922910986 seconds.
                    
      Regenerating: 1 file(s) changed at 2026-06-12 18:44:13
                    .run/jekyll.log
                    ...done in 11.935128948 seconds.
                    
      Regenerating: 1 file(s) changed at 2026-06-12 18:44:25
                    .run/jekyll.log
                    ...done in 9.955951963 seconds.
                    
      Regenerating: 1 file(s) changed at 2026-06-12 18:44:36
                    .run/jekyll.log
                    ...done in 11.955177225 seconds.
                    
      Regenerating: 1 file(s) changed at 2026-06-12 18:44:48
                    .run/jekyll.log
                    ...done in 10.987945008 seconds.
                    
      Regenerating: 1 file(s) changed at 2026-06-12 18:44:59
                    .run/jekyll.log
                    ...done in 10.040840393 seconds.
                    
      Regenerating: 1 file(s) changed at 2026-06-12 18:45:09
                    .run/jekyll.log
                    ...done in 11.886702568 seconds.
                    
      Regenerating: 1 file(s) changed at 2026-06-12 18:45:21
                    .run/jekyll.log
                    ...done in 10.020834841 seconds.
                    
      Regenerating: 1 file(s) changed at 2026-06-12 18:45:31
                    .run/jekyll.log
                    ...done in 11.915664586 seconds.
                    
      Regenerating: 1 file(s) changed at 2026-06-12 18:45:43
                    .run/jekyll.log
                    ...done in 10.977626907 seconds.
                    
      Regenerating: 1 file(s) changed at 2026-06-12 18:45:54
                    .run/jekyll.log
                    ...done in 11.004296073 seconds.
                    
      Regenerating: 1 file(s) changed at 2026-06-12 18:46:05
                    .run/jekyll.log
                    ...done in 10.939571436 seconds.
                    
      Regenerating: 1 file(s) changed at 2026-06-12 18:46:16
                    .run/jekyll.log
                    ...done in 9.965925797 seconds.
                    
      Regenerating: 1 file(s) changed at 2026-06-12 18:46:26
                    .run/jekyll.log
                    ...done in 11.993280736 seconds.
                    
      Regenerating: 1 file(s) changed at 2026-06-12 18:46:38
                    .run/jekyll.log
                    ...done in 10.901847487 seconds.
                    
      Regenerating: 1 file(s) changed at 2026-06-12 18:46:49
                    .run/jekyll.log
                    ...done in 10.849269783 seconds.
                    
      Regenerating: 1 file(s) changed at 2026-06-12 18:47:00
                    .run/jekyll.log
                    ...done in 10.875004105 seconds.
                    
      Regenerating: 1 file(s) changed at 2026-06-12 18:47:11
                    .run/jekyll.log
                    ...done in 10.893352076 seconds.
                    
      Regenerating: 1 file(s) changed at 2026-06-12 18:47:22
                    .run/jekyll.log
                    ...done in 10.951103972 seconds.
                    
      Regenerating: 1 file(s) changed at 2026-06-12 18:47:33
                    .run/jekyll.log
                    ...done in 10.840693654 seconds.
                    
      Regenerating: 1 file(s) changed at 2026-06-12 18:47:44
                    .run/jekyll.log
                    ...done in 9.897335352 seconds.
                    
      Regenerating: 1 file(s) changed at 2026-06-12 18:47:54
                    .run/jekyll.log
                    ...done in 11.910161415 seconds.
                    
      Regenerating: 1 file(s) changed at 2026-06-12 18:48:06
                    .run/jekyll.log
                    ...done in 10.889432795 seconds.
                    
      Regenerating: 1 file(s) changed at 2026-06-12 18:48:17
                    .run/jekyll.log
                    ...done in 11.951617533 seconds.
                    
      Regenerating: 1 file(s) changed at 2026-06-12 18:48:29
                    .run/jekyll.log
                    ...done in 10.840474361 seconds.
                    
      Regenerating: 1 file(s) changed at 2026-06-12 18:48:40
                    .run/jekyll.log
                    ...done in 10.862904966 seconds.
                    
      Regenerating: 1 file(s) changed at 2026-06-12 18:48:51
                    .run/jekyll.log
                    ...done in 10.894833762 seconds.
                    
      Regenerating: 1 file(s) changed at 2026-06-12 18:49:02
                    .run/jekyll.log
                    ...done in 9.888936213 seconds.
                    
      Regenerating: 1 file(s) changed at 2026-06-12 18:49:12
                    .run/jekyll.log
                    ...done in 11.874949011 seconds.
                    
      Regenerating: 1 file(s) changed at 2026-06-12 18:49:24
                    .run/jekyll.log
                    ...done in 9.938902832 seconds.
                    
      Regenerating: 1 file(s) changed at 2026-06-12 18:49:34
                    .run/jekyll.log
                    ...done in 11.777606112 seconds.
                    
      Regenerating: 1 file(s) changed at 2026-06-12 18:49:46
                    .run/jekyll.log
                    ...done in 10.821076727 seconds.
                    
      Regenerating: 1 file(s) changed at 2026-06-12 18:49:57
                    .run/jekyll.log
                    ...done in 10.758100455 seconds.
                    
      Regenerating: 1 file(s) changed at 2026-06-12 18:50:08
                    .run/jekyll.log
                    ...done in 10.873101294 seconds.
                    
      Regenerating: 1 file(s) changed at 2026-06-12 18:50:19
                    .run/jekyll.log
                    ...done in 9.731055559 seconds.
                    
      Regenerating: 1 file(s) changed at 2026-06-12 18:50:29
                    .run/jekyll.log
                    ...done in 11.965232782 seconds.
                    
      Regenerating: 1 file(s) changed at 2026-06-12 18:50:41
                    .run/jekyll.log
                    ...done in 10.978767416 seconds.
                    
      Regenerating: 1 file(s) changed at 2026-06-12 18:50:52
                    .run/jekyll.log
                    ...done in 11.010830029 seconds.
                    
      Regenerating: 1 file(s) changed at 2026-06-12 18:51:03
                    .run/jekyll.log
                    ...done in 11.008246623 seconds.
                    
      Regenerating: 1 file(s) changed at 2026-06-12 18:51:14
                    .run/jekyll.log
                    ...done in 10.983477277 seconds.
                    
      Regenerating: 1 file(s) changed at 2026-06-12 18:51:25
                    .run/jekyll.log
                    ...done in 10.96886504 seconds.
                    
      Regenerating: 1 file(s) changed at 2026-06-12 18:51:36
                    .run/jekyll.log
                    ...done in 10.795614964 seconds.
                    
      Regenerating: 1 file(s) changed at 2026-06-12 18:51:47
                    .run/jekyll.log
                    ...done in 9.840589025 seconds.
                    
      Regenerating: 1 file(s) changed at 2026-06-12 18:51:57
                    .run/jekyll.log
                    ...done in 11.720359224 seconds.
                    
      Regenerating: 1 file(s) changed at 2026-06-12 18:52:09
                    .run/jekyll.log
                    ...done in 11.009916769 seconds.
                    
      Regenerating: 1 file(s) changed at 2026-06-12 18:52:20
                    .run/jekyll.log
                    ...done in 12.046240588 seconds.
                    
      Regenerating: 1 file(s) changed at 2026-06-12 18:52:32
                    .run/jekyll.log
                    ...done in 10.900323029 seconds.
                    
      Regenerating: 1 file(s) changed at 2026-06-12 18:52:43
                    .run/jekyll.log
                    ...done in 10.644644202 seconds.
                    
      Regenerating: 1 file(s) changed at 2026-06-12 18:52:54
                    .run/jekyll.log
                    ...done in 10.713808633 seconds.
                    
      Regenerating: 1 file(s) changed at 2026-06-12 18:53:05
                    .run/jekyll.log
                    ...done in 10.676946505 seconds.
                    
      Regenerating: 1 file(s) changed at 2026-06-12 18:53:15
                    .run/jekyll.log
                    ...done in 10.729817814 seconds.
                    
      Regenerating: 1 file(s) changed at 2026-06-12 18:53:26
                    .run/jekyll.log
                    ...done in 10.676939265 seconds.
                    
      Regenerating: 1 file(s) changed at 2026-06-12 18:53:37
                    .run/jekyll.log
                    ...done in 11.844157326 seconds.
                    
      Regenerating: 1 file(s) changed at 2026-06-12 18:53:49
                    .run/jekyll.log
                    ...done in 10.8529769 seconds.
                    
      Regenerating: 1 file(s) changed at 2026-06-12 18:54:00
                    .run/jekyll.log
                    ...done in 10.861214833 seconds.
                    
      Regenerating: 1 file(s) changed at 2026-06-12 18:54:11
                    .run/jekyll.log
                    ...done in 10.865652911 seconds.
                    
      Regenerating: 1 file(s) changed at 2026-06-12 18:54:22
                    .run/jekyll.log
                    ...done in 10.886489121 seconds.
                    
      Regenerating: 1 file(s) changed at 2026-06-12 18:54:33
                    .run/jekyll.log
                    ...done in 10.898770538 seconds.
                    
      Regenerating: 1 file(s) changed at 2026-06-12 18:54:44
                    .run/jekyll.log
                    ...done in 10.871663446 seconds.
                    
      Regenerating: 1 file(s) changed at 2026-06-12 18:54:55
                    .run/jekyll.log
                    ...done in 10.862400411 seconds.
                    
      Regenerating: 1 file(s) changed at 2026-06-12 18:55:06
                    .run/jekyll.log
                    ...done in 10.909369704 seconds.
                    
      Regenerating: 1 file(s) changed at 2026-06-12 18:55:17
                    .run/jekyll.log
                    ...done in 10.825991952 seconds.
                    
      Regenerating: 1 file(s) changed at 2026-06-12 18:55:28
                    .run/jekyll.log
                    ...done in 9.974023582 seconds.
                    
      Regenerating: 1 file(s) changed at 2026-06-12 18:55:38
                    .run/jekyll.log
                    ...done in 11.959060318 seconds.
                    
      Regenerating: 1 file(s) changed at 2026-06-12 18:55:50
                    .run/jekyll.log
                    ...done in 10.937583758 seconds.
                    
      Regenerating: 1 file(s) changed at 2026-06-12 18:56:01
                    .run/jekyll.log
                    ...done in 10.9272486 seconds.
                    
      Regenerating: 1 file(s) changed at 2026-06-12 18:56:12
                    .run/jekyll.log
                    ...done in 11.007602007 seconds.
                    
      Regenerating: 1 file(s) changed at 2026-06-12 18:56:23
                    .run/jekyll.log
                    ...done in 11.005689663 seconds.
                    
      Regenerating: 1 file(s) changed at 2026-06-12 18:56:34
                    .run/jekyll.log
                    ...done in 9.925338276 seconds.
                    
      Regenerating: 1 file(s) changed at 2026-06-12 18:56:44
                    .run/jekyll.log
                    ...done in 11.825493942 seconds.
                    
      Regenerating: 1 file(s) changed at 2026-06-12 18:56:56
                    .run/jekyll.log
                    ...done in 10.832643616 seconds.
                    
      Regenerating: 1 file(s) changed at 2026-06-12 18:57:07
                    .run/jekyll.log
                    ...done in 10.748152328 seconds.
                    
      Regenerating: 1 file(s) changed at 2026-06-12 18:57:18
                    .run/jekyll.log
                    ...done in 9.874738186 seconds.
                    
      Regenerating: 1 file(s) changed at 2026-06-12 18:57:28
                    .run/jekyll.log
                    ...done in 10.834168119 seconds.
                    
      Regenerating: 1 file(s) changed at 2026-06-12 18:57:39
                    .run/jekyll.log
                    ...done in 11.872648606 seconds.
                    
      Regenerating: 1 file(s) changed at 2026-06-12 18:57:51
                    .run/jekyll.log
                    ...done in 10.018214843 seconds.
                    
      Regenerating: 1 file(s) changed at 2026-06-12 18:58:01
                    .run/jekyll.log
                    ...done in 11.900624102 seconds.
                    
      Regenerating: 1 file(s) changed at 2026-06-12 18:58:13
                    .run/jekyll.log
                    ...done in 9.857007527 seconds.
                    
      Regenerating: 1 file(s) changed at 2026-06-12 18:58:23
                    .run/jekyll.log
                    ...done in 11.844919998 seconds.
                    
      Regenerating: 1 file(s) changed at 2026-06-12 18:58:35
                    .run/jekyll.log
                    ...done in 10.798223048 seconds.
                    
      Regenerating: 1 file(s) changed at 2026-06-12 18:58:46
                    .run/jekyll.log
                    ...done in 11.811368452 seconds.
                    
      Regenerating: 1 file(s) changed at 2026-06-12 18:58:58
                    .run/jekyll.log
                    ...done in 10.893720517 seconds.
                    
      Regenerating: 1 file(s) changed at 2026-06-12 18:59:09
                    .run/jekyll.log
                    ...done in 9.871131354 seconds.
                    
      Regenerating: 1 file(s) changed at 2026-06-12 18:59:19
                    .run/jekyll.log
                    ...done in 11.812352636 seconds.
                    
      Regenerating: 1 file(s) changed at 2026-06-12 18:59:30
                    .run/jekyll.log
                    ...done in 10.72865355 seconds.
                    
      Regenerating: 1 file(s) changed at 2026-06-12 18:59:41
                    .run/jekyll.log
                    ...done in 10.952842692 seconds.
                    
      Regenerating: 1 file(s) changed at 2026-06-12 18:59:52
                    .run/jekyll.log
                    ...done in 9.967777838 seconds.
                    
      Regenerating: 1 file(s) changed at 2026-06-12 19:00:02
                    .run/jekyll.log
                    ...done in 11.975998655 seconds.
                    
      Regenerating: 1 file(s) changed at 2026-06-12 19:00:14
                    .run/jekyll.log
                    ...done in 9.905486133 seconds.
                    
      Regenerating: 1 file(s) changed at 2026-06-12 19:00:24
                    .run/jekyll.log
                    ...done in 10.696329726 seconds.
                    
      Regenerating: 1 file(s) changed at 2026-06-12 19:00:35
                    .run/jekyll.log
                    ...done in 10.756258517 seconds.
                    
      Regenerating: 1 file(s) changed at 2026-06-12 19:00:46
                    .run/jekyll.log
                    ...done in 10.824781516 seconds.
                    
      Regenerating: 1 file(s) changed at 2026-06-12 19:00:57
                    .run/jekyll.log
                    ...done in 11.928968489 seconds.
                    
      Regenerating: 1 file(s) changed at 2026-06-12 19:01:09
                    .run/jekyll.log
                    ...done in 11.828013717 seconds.
                    
      Regenerating: 1 file(s) changed at 2026-06-12 19:01:21
                    .run/jekyll.log
                    ...done in 12.167065422 seconds.
                    
      Regenerating: 1 file(s) changed at 2026-06-12 19:01:33
                    .run/jekyll.log
                    ...done in 11.947374535 seconds.
                    
      Regenerating: 1 file(s) changed at 2026-06-12 19:01:45
                    .run/jekyll.log
                    ...done in 12.98461684 seconds.
                    
      Regenerating: 1 file(s) changed at 2026-06-12 19:01:58
                    .run/jekyll.log
                    ...done in 13.967988155 seconds.
                    
      Regenerating: 1 file(s) changed at 2026-06-12 19:02:12
                    .run/jekyll.log
                    ...done in 10.75766592 seconds.
                    
      Regenerating: 1 file(s) changed at 2026-06-12 19:02:23
                    .run/jekyll.log
                    ...done in 11.861036393 seconds.
                    
      Regenerating: 1 file(s) changed at 2026-06-12 19:02:35
                    .run/jekyll.log
                    ...done in 9.900051581 seconds.
                    
      Regenerating: 1 file(s) changed at 2026-06-12 19:02:45
                    .run/jekyll.log
                    ...done in 11.881342344 seconds.
                    
      Regenerating: 1 file(s) changed at 2026-06-12 19:02:57
                    .run/jekyll.log
                    ...done in 9.890792469 seconds.
                    
      Regenerating: 1 file(s) changed at 2026-06-12 19:03:07
                    .run/jekyll.log
                    ...done in 12.199736903 seconds.
                    
      Regenerating: 1 file(s) changed at 2026-06-12 19:03:20
                    .run/jekyll.log
                    ...done in 11.070029182 seconds.
                    
      Regenerating: 1 file(s) changed at 2026-06-12 19:03:31
                    .run/jekyll.log
                    ...done in 12.283084004 seconds.
                    
      Regenerating: 1 file(s) changed at 2026-06-12 19:03:43
                    .run/jekyll.log
                    ...done in 11.163672993 seconds.
                    
      Regenerating: 1 file(s) changed at 2026-06-12 19:03:54
                    .run/jekyll.log
                    ...done in 10.931567562 seconds.
                    
      Regenerating: 1 file(s) changed at 2026-06-12 19:04:05
                    .run/jekyll.log
                    ...done in 9.891374022 seconds.
                    
      Regenerating: 1 file(s) changed at 2026-06-12 19:04:15
                    .run/jekyll.log
                    ...done in 11.966592372 seconds.
                    
      Regenerating: 1 file(s) changed at 2026-06-12 19:04:27
                    .run/jekyll.log
                    ...done in 11.119930458 seconds.
                    
      Regenerating: 1 file(s) changed at 2026-06-12 19:04:39
                    .run/jekyll.log
                    ...done in 10.92277682 seconds.
                    
      Regenerating: 1 file(s) changed at 2026-06-12 19:04:50
                    .run/jekyll.log
                    ...done in 11.120289686 seconds.
                    
      Regenerating: 1 file(s) changed at 2026-06-12 19:05:01
                    .run/jekyll.log
                    ...done in 11.145682876 seconds.
                    
      Regenerating: 1 file(s) changed at 2026-06-12 19:05:12
                    .run/jekyll.log
                    ...done in 10.126391799 seconds.
                    
      Regenerating: 1 file(s) changed at 2026-06-12 19:05:22
                    .run/jekyll.log
                    ...done in 12.044882438 seconds.
                    
      Regenerating: 1 file(s) changed at 2026-06-12 19:05:35
                    .run/jekyll.log
                    ...done in 10.869747919 seconds.
                    
      Regenerating: 1 file(s) changed at 2026-06-12 19:05:46
                    .run/jekyll.log
                    ...done in 10.966510314 seconds.
                    
      Regenerating: 1 file(s) changed at 2026-06-12 19:05:57
                    .run/jekyll.log
                    ...done in 12.095856608 seconds.
                    
      Regenerating: 1 file(s) changed at 2026-06-12 19:06:09
                    .run/jekyll.log
                    ...done in 11.005318391 seconds.
                    
      Regenerating: 1 file(s) changed at 2026-06-12 19:06:20
                    .run/jekyll.log
                    ...done in 10.028820977 seconds.
                    
      Regenerating: 1 file(s) changed at 2026-06-12 19:06:30
                    .run/jekyll.log
                    ...done in 12.080768241 seconds.
                    
      Regenerating: 1 file(s) changed at 2026-06-12 19:06:42
                    .run/jekyll.log
                    ...done in 11.097913112 seconds.
                    
      Regenerating: 1 file(s) changed at 2026-06-12 19:06:53
                    .run/jekyll.log
                    ...done in 10.966844856 seconds.
                    
      Regenerating: 1 file(s) changed at 2026-06-12 19:07:04
                    .run/jekyll.log
                    ...done in 10.994298279 seconds.
                    
      Regenerating: 1 file(s) changed at 2026-06-12 19:07:16
                    .run/jekyll.log
                    ...done in 9.98897917 seconds.
                    
      Regenerating: 1 file(s) changed at 2026-06-12 19:07:26
                    .run/jekyll.log
                    ...done in 11.938603448 seconds.
                    
      Regenerating: 1 file(s) changed at 2026-06-12 19:07:38
                    .run/jekyll.log
                    ...done in 10.973707236 seconds.
                    
      Regenerating: 1 file(s) changed at 2026-06-12 19:07:49
                    .run/jekyll.log
                    ...done in 10.190117388 seconds.
                    
      Regenerating: 1 file(s) changed at 2026-06-12 19:07:59
                    .run/jekyll.log
                    ...done in 11.833957446 seconds.
                    
      Regenerating: 1 file(s) changed at 2026-06-12 19:08:11
                    .run/jekyll.log
                    ...done in 10.102353234 seconds.
                    
      Regenerating: 1 file(s) changed at 2026-06-12 19:08:21
                    .run/jekyll.log
                    ...done in 12.427151593 seconds.
                    
      Regenerating: 1 file(s) changed at 2026-06-12 19:08:34
                    .run/jekyll.log
                    ...done in 12.305266347 seconds.
                    
      Regenerating: 1 file(s) changed at 2026-06-12 19:08:46
                    .run/jekyll.log
                    ...done in 10.829179627 seconds.
                    
      Regenerating: 1 file(s) changed at 2026-06-12 19:08:57
                    .run/jekyll.log
                    ...done in 11.023834577 seconds.
                    
      Regenerating: 1 file(s) changed at 2026-06-12 19:09:08
                    .run/jekyll.log
                    ...done in 9.973665365 seconds.
                    
      Regenerating: 1 file(s) changed at 2026-06-12 19:09:18
                    .run/jekyll.log
                    ...done in 11.810745996 seconds.
                    
      Regenerating: 1 file(s) changed at 2026-06-12 19:09:30
                    .run/jekyll.log
                    ...done in 10.853727719 seconds.
                    
      Regenerating: 1 file(s) changed at 2026-06-12 19:09:41
                    .run/jekyll.log
                    ...done in 10.873880627 seconds.
                    
      Regenerating: 1 file(s) changed at 2026-06-12 19:09:52
                    .run/jekyll.log
                    ...done in 10.96112648 seconds.
                    
      Regenerating: 1 file(s) changed at 2026-06-12 19:10:03
                    .run/jekyll.log
                    ...done in 11.894828718 seconds.
                    
      Regenerating: 1 file(s) changed at 2026-06-12 19:10:15
                    .run/jekyll.log
                    ...done in 10.860262067 seconds.
                    
      Regenerating: 1 file(s) changed at 2026-06-12 19:10:26
                    .run/jekyll.log
                    ...done in 10.786714005 seconds.
                    
      Regenerating: 1 file(s) changed at 2026-06-12 19:10:37
                    .run/jekyll.log
                    ...done in 11.011874444 seconds.
                    
      Regenerating: 1 file(s) changed at 2026-06-12 19:10:48
                    .run/jekyll.log
                    ...done in 11.052868818 seconds.
                    
      Regenerating: 1 file(s) changed at 2026-06-12 19:10:59
                    .run/jekyll.log
                    ...done in 11.04234731 seconds.
                    
      Regenerating: 1 file(s) changed at 2026-06-12 19:11:10
                    .run/jekyll.log
                    ...done in 11.06110117 seconds.
                    
      Regenerating: 1 file(s) changed at 2026-06-12 19:11:22
                    .run/jekyll.log
                    ...done in 12.275685746 seconds.
                    
      Regenerating: 1 file(s) changed at 2026-06-12 19:11:34
                    .run/jekyll.log
                    ...done in 10.931068341 seconds.
                    
      Regenerating: 1 file(s) changed at 2026-06-12 19:11:45
                    .run/jekyll.log
                    ...done in 9.890834198 seconds.
                    
      Regenerating: 1 file(s) changed at 2026-06-12 19:11:55
                    .run/jekyll.log
                    ...done in 11.936326653 seconds.
                    
      Regenerating: 1 file(s) changed at 2026-06-12 19:12:07
                    .run/jekyll.log
                    ...done in 10.896973781 seconds.
                    
      Regenerating: 1 file(s) changed at 2026-06-12 19:12:18
                    .run/jekyll.log
                    ...done in 9.945514288 seconds.
                    
      Regenerating: 1 file(s) changed at 2026-06-12 19:12:28
                    .run/jekyll.log
                    ...done in 13.150359578 seconds.
                    
      Regenerating: 1 file(s) changed at 2026-06-12 19:12:41
                    .run/jekyll.log
                    ...done in 11.259646631 seconds.
                    
      Regenerating: 1 file(s) changed at 2026-06-12 19:12:53
                    .run/jekyll.log
                    ...done in 10.149524031 seconds.
                    
      Regenerating: 1 file(s) changed at 2026-06-12 19:13:03
                    .run/jekyll.log
                    ...done in 12.209613802 seconds.
                    
      Regenerating: 1 file(s) changed at 2026-06-12 19:13:15
                    .run/jekyll.log
                    ...done in 10.138756255 seconds.
                    
      Regenerating: 1 file(s) changed at 2026-06-12 19:13:25
                    .run/jekyll.log
                    ...done in 12.244615794 seconds.
                    
      Regenerating: 1 file(s) changed at 2026-06-12 19:13:38
                    .run/jekyll.log
                    ...done in 11.188587926 seconds.
                    
      Regenerating: 1 file(s) changed at 2026-06-12 19:13:49
                    .run/jekyll.log
                    ...done in 11.303049688 seconds.
                    
      Regenerating: 1 file(s) changed at 2026-06-12 19:14:01
                    .run/jekyll.log
                    ...done in 10.170314162 seconds.
                    
      Regenerating: 1 file(s) changed at 2026-06-12 19:14:11
                    .run/jekyll.log
                    ...done in 12.184850441 seconds.
                    
      Regenerating: 1 file(s) changed at 2026-06-12 19:14:23
                    .run/jekyll.log
                    ...done in 10.158549902 seconds.
                    
      Regenerating: 1 file(s) changed at 2026-06-12 19:14:33
                    .run/jekyll.log
                    ...done in 11.951034673 seconds.
                    
      Regenerating: 1 file(s) changed at 2026-06-12 19:14:45
                    .run/jekyll.log
                    ...done in 10.985406205 seconds.
                    
      Regenerating: 1 file(s) changed at 2026-06-12 19:14:56
                    .run/jekyll.log
                    ...done in 10.884760074 seconds.
                    
      Regenerating: 1 file(s) changed at 2026-06-12 19:15:07
                    .run/jekyll.log
                    ...done in 10.87569008 seconds.
                    
      Regenerating: 1 file(s) changed at 2026-06-12 19:15:18
                    .run/jekyll.log
                    ...done in 12.047952881 seconds.
                    
      Regenerating: 1 file(s) changed at 2026-06-12 19:15:31
                    .run/jekyll.log
                    ...done in 10.924363013 seconds.
                    
      Regenerating: 1 file(s) changed at 2026-06-12 19:15:42
                    .run/jekyll.log
                    ...done in 11.983397427 seconds.
                    
      Regenerating: 1 file(s) changed at 2026-06-12 19:15:54
                    .run/jekyll.log
                    ...done in 10.968424386 seconds.
                    
      Regenerating: 1 file(s) changed at 2026-06-12 19:16:05
                    .run/jekyll.log
                    ...done in 11.153419342 seconds.
                    
      Regenerating: 1 file(s) changed at 2026-06-12 19:16:16
                    .run/jekyll.log
                    ...done in 12.207318188 seconds.
                    
      Regenerating: 1 file(s) changed at 2026-06-12 19:16:28
                    .run/jekyll.log
                    ...done in 11.090260634 seconds.
                    
      Regenerating: 1 file(s) changed at 2026-06-12 19:16:39
                    .run/jekyll.log
                    ...done in 9.980958888 seconds.
                    
      Regenerating: 1 file(s) changed at 2026-06-12 19:16:50
                    .run/jekyll.log
                    ...done in 12.01998528 seconds.
                    
      Regenerating: 1 file(s) changed at 2026-06-12 19:17:02
                    .run/jekyll.log
                    ...done in 10.813166264 seconds.
                    
      Regenerating: 1 file(s) changed at 2026-06-12 19:17:13
                    .run/jekyll.log
                    ...done in 9.833767706 seconds.
                    
      Regenerating: 1 file(s) changed at 2026-06-12 19:17:23
                    .run/jekyll.log
                    ...done in 11.884368524 seconds.
                    
      Regenerating: 1 file(s) changed at 2026-06-12 19:17:35
                    .run/jekyll.log
                    ...done in 10.861304335 seconds.
                    
      Regenerating: 1 file(s) changed at 2026-06-12 19:17:45
                    .run/jekyll.log
                    ...done in 11.995491962 seconds.
                    
      Regenerating: 1 file(s) changed at 2026-06-12 19:17:58
                    .run/jekyll.log
                    ...done in 10.843635519 seconds.
                    
      Regenerating: 1 file(s) changed at 2026-06-12 19:18:09
                    .run/jekyll.log
                    ...done in 9.842368191 seconds.
                    
      Regenerating: 1 file(s) changed at 2026-06-12 19:18:18
                    .run/jekyll.log
                    ...done in 11.89197504 seconds.
                    
      Regenerating: 1 file(s) changed at 2026-06-12 19:18:30
                    .run/jekyll.log
                    ...done in 11.954938959 seconds.
                    
      Regenerating: 1 file(s) changed at 2026-06-12 19:18:43
                    .run/jekyll.log
                    ...done in 10.895066164 seconds.
                    
      Regenerating: 1 file(s) changed at 2026-06-12 19:18:54
                    .run/jekyll.log
                    ...done in 9.917452102 seconds.
                    
      Regenerating: 1 file(s) changed at 2026-06-12 19:19:04
                    .run/jekyll.log
                    ...done in 11.92682208 seconds.
                    
      Regenerating: 1 file(s) changed at 2026-06-12 19:19:16
                    .run/jekyll.log
                    ...done in 10.831311938 seconds.
                    
      Regenerating: 1 file(s) changed at 2026-06-12 19:19:26
                    .run/jekyll.log
                    ...done in 9.804921322 seconds.
                    
      Regenerating: 1 file(s) changed at 2026-06-12 19:19:36
                    .run/jekyll.log
                    ...done in 11.923401265 seconds.
                    
      Regenerating: 1 file(s) changed at 2026-06-12 19:19:48
                    .run/jekyll.log
                    ...done in 9.792667727 seconds.
                    
      Regenerating: 1 file(s) changed at 2026-06-12 19:19:58
                    .run/jekyll.log
                    ...done in 12.045307776 seconds.
                    
      Regenerating: 1 file(s) changed at 2026-06-12 19:20:10
                    .run/jekyll.log
                    ...done in 9.919803062 seconds.
                    
      Regenerating: 1 file(s) changed at 2026-06-12 19:20:20
                    .run/jekyll.log
                    ...done in 12.025043173 seconds.
                    
      Regenerating: 1 file(s) changed at 2026-06-12 19:20:33
                    .run/jekyll.log
                    ...done in 12.047036366 seconds.
                    
      Regenerating: 1 file(s) changed at 2026-06-12 19:20:45
                    .run/jekyll.log
                    ...done in 10.882597437 seconds.
                    
      Regenerating: 1 file(s) changed at 2026-06-12 19:20:56
                    .run/jekyll.log
                    ...done in 9.986997987 seconds.
                    
      Regenerating: 1 file(s) changed at 2026-06-12 19:21:06
                    .run/jekyll.log
                    ...done in 12.020411414 seconds.
                    
      Regenerating: 1 file(s) changed at 2026-06-12 19:21:18
                    .run/jekyll.log
                    ...done in 12.000771062 seconds.
                    
      Regenerating: 1 file(s) changed at 2026-06-12 19:21:30
                    .run/jekyll.log
                    ...done in 10.942222199 seconds.
                    
      Regenerating: 1 file(s) changed at 2026-06-12 19:21:41
                    .run/jekyll.log
                    ...done in 12.042266034 seconds.
                    
      Regenerating: 1 file(s) changed at 2026-06-12 19:21:53
                    .run/jekyll.log
                    ...done in 11.058883132 seconds.
                    
      Regenerating: 1 file(s) changed at 2026-06-12 19:22:04
                    .run/jekyll.log
                    ...done in 10.063063141 seconds.
                    
      Regenerating: 1 file(s) changed at 2026-06-12 19:22:15
                    .run/jekyll.log
                    ...done in 11.048464031 seconds.
                    
      Regenerating: 1 file(s) changed at 2026-06-12 19:22:26
                    .run/jekyll.log
                    ...done in 9.916443469 seconds.
                    
      Regenerating: 1 file(s) changed at 2026-06-12 19:22:36
                    .run/jekyll.log
                    ...done in 10.851369121 seconds.
                    
      Regenerating: 1 file(s) changed at 2026-06-12 19:22:47
                    .run/jekyll.log
                    ...done in 9.867041113 seconds.
                    
      Regenerating: 1 file(s) changed at 2026-06-12 19:22:57
                    .run/jekyll.log
                    ...done in 12.016070817 seconds.
                    
      Regenerating: 1 file(s) changed at 2026-06-12 19:23:09
                    .run/jekyll.log
                    ...done in 10.9679342 seconds.
                    
      Regenerating: 1 file(s) changed at 2026-06-12 19:23:20
                    .run/jekyll.log
                    ...done in 11.001335403 seconds.
                    
      Regenerating: 1 file(s) changed at 2026-06-12 19:23:31
                    .run/jekyll.log
                    ...done in 10.981799973 seconds.
                    
      Regenerating: 1 file(s) changed at 2026-06-12 19:23:42
                    .run/jekyll.log
                    ...done in 9.985747945 seconds.
                    
      Regenerating: 1 file(s) changed at 2026-06-12 19:23:52
                    .run/jekyll.log
                    ...done in 12.16686696 seconds.
                    
      Regenerating: 1 file(s) changed at 2026-06-12 19:24:04
                    .run/jekyll.log
                    ...done in 11.040810216 seconds.
                    
      Regenerating: 1 file(s) changed at 2026-06-12 19:24:16
                    .run/jekyll.log
                    ...done in 10.028015652 seconds.
                    
      Regenerating: 1 file(s) changed at 2026-06-12 19:24:26
                    .run/jekyll.log
                    ...done in 12.110781593 seconds.
                    
      Regenerating: 1 file(s) changed at 2026-06-12 19:24:38
                    .run/jekyll.log
                    ...done in 11.09436709 seconds.
                    
      Regenerating: 1 file(s) changed at 2026-06-12 19:24:49
                    .run/jekyll.log
                    ...done in 10.081214473 seconds.
                    
      Regenerating: 1 file(s) changed at 2026-06-12 19:24:59
                    .run/jekyll.log
                    ...done in 12.170562224 seconds.
                    
      Regenerating: 1 file(s) changed at 2026-06-12 19:25:11
                    .run/jekyll.log
                    ...done in 10.03359727 seconds.
                    
      Regenerating: 1 file(s) changed at 2026-06-12 19:25:22
                    .run/jekyll.log
                    ...done in 12.163849845 seconds.
                    
      Regenerating: 1 file(s) changed at 2026-06-12 19:25:34
                    .run/jekyll.log
                    ...done in 11.122771381 seconds.
                    
      Regenerating: 1 file(s) changed at 2026-06-12 19:25:45
                    .run/jekyll.log
                    ...done in 10.067073415 seconds.
                    
      Regenerating: 1 file(s) changed at 2026-06-12 19:25:55
                    .run/jekyll.log
                    ...done in 11.962429615 seconds.
                    
      Regenerating: 1 file(s) changed at 2026-06-12 19:26:07
                    .run/jekyll.log
                    ...done in 10.145989977 seconds.
                    
      Regenerating: 1 file(s) changed at 2026-06-12 19:26:18
                    .run/jekyll.log
                    ...done in 12.208991214 seconds.
                    
      Regenerating: 1 file(s) changed at 2026-06-12 19:26:30
                    .run/jekyll.log
                    ...done in 9.969077881 seconds.
                    
      Regenerating: 1 file(s) changed at 2026-06-12 19:26:40
                    .run/jekyll.log
                    ...done in 12.046435469 seconds.
                    
      Regenerating: 1 file(s) changed at 2026-06-12 19:26:52
                    .run/jekyll.log
                    ...done in 9.947553215 seconds.
                    
      Regenerating: 1 file(s) changed at 2026-06-12 19:27:02
                    .run/jekyll.log
                    ...done in 12.12039578 seconds.
                    
      Regenerating: 1 file(s) changed at 2026-06-12 19:27:14
                    .run/jekyll.log
                    ...done in 9.936631026 seconds.
                    
      Regenerating: 1 file(s) changed at 2026-06-12 19:27:24
                    .run/jekyll.log
                    ...done in 12.094522032 seconds.
                    
      Regenerating: 1 file(s) changed at 2026-06-12 19:27:37
                    .run/jekyll.log
                    ...done in 10.919742437 seconds.
                    
      Regenerating: 1 file(s) changed at 2026-06-12 19:27:48
                    .run/jekyll.log
                    ...done in 9.966927017 seconds.
                    
      Regenerating: 1 file(s) changed at 2026-06-12 19:27:58
                    .run/jekyll.log
                    ...done in 12.294365841 seconds.
                    
      Regenerating: 1 file(s) changed at 2026-06-12 19:28:10
                    .run/jekyll.log
                    ...done in 10.998807313 seconds.
                    
      Regenerating: 1 file(s) changed at 2026-06-12 19:28:21
                    .run/jekyll.log
                    ...done in 9.92912948 seconds.
                    
      Regenerating: 1 file(s) changed at 2026-06-12 19:28:31
                    .run/jekyll.log
                    ...done in 12.117937479 seconds.
                    
      Regenerating: 1 file(s) changed at 2026-06-12 19:28:43
                    .run/jekyll.log
                    ...done in 9.892937112 seconds.
                    
      Regenerating: 1 file(s) changed at 2026-06-12 19:28:53
                    .run/jekyll.log
                    ...done in 11.994422038 seconds.
                    
      Regenerating: 1 file(s) changed at 2026-06-12 19:29:06
                    .run/jekyll.log
                    ...done in 10.962539665 seconds.
                    
      Regenerating: 1 file(s) changed at 2026-06-12 19:29:17
                    .run/jekyll.log
                    ...done in 11.98201959 seconds.
                    
      Regenerating: 1 file(s) changed at 2026-06-12 19:29:29
                    .run/jekyll.log
                    ...done in 10.919085995 seconds.
                    
      Regenerating: 1 file(s) changed at 2026-06-12 19:29:40
                    .run/jekyll.log
                    ...done in 10.933171224 seconds.
                    
      Regenerating: 1 file(s) changed at 2026-06-12 19:29:51
                    .run/jekyll.log
                    ...done in 10.995338386 seconds.
                    
      Regenerating: 1 file(s) changed at 2026-06-12 19:30:02
                    .run/jekyll.log
                    ...done in 9.934076643 seconds.
                    
      Regenerating: 1 file(s) changed at 2026-06-12 19:30:12
                    .run/jekyll.log
                    ...done in 11.939124464 seconds.
                    
      Regenerating: 1 file(s) changed at 2026-06-12 19:30:24
                    .run/jekyll.log
                    ...done in 9.898958991 seconds.
                    
      Regenerating: 1 file(s) changed at 2026-06-12 19:30:34
                    .run/jekyll.log
                    ...done in 12.165342771 seconds.
                    
      Regenerating: 1 file(s) changed at 2026-06-12 19:30:46
                    .run/jekyll.log
                    ...done in 11.043240944 seconds.
                    
      Regenerating: 1 file(s) changed at 2026-06-12 19:30:57
                    .run/jekyll.log
                    ...done in 12.187911905 seconds.
                    
      Regenerating: 1 file(s) changed at 2026-06-12 19:31:10
                    .run/jekyll.log
                    ...done in 11.045060466 seconds.
                    
      Regenerating: 1 file(s) changed at 2026-06-12 19:31:21
                    .run/jekyll.log
                    ...done in 10.009315917 seconds.
                    
      Regenerating: 1 file(s) changed at 2026-06-12 19:31:31
                    .run/jekyll.log
                    ...done in 11.951705079 seconds.
                    
      Regenerating: 1 file(s) changed at 2026-06-12 19:31:43
                    .run/jekyll.log
                    ...done in 10.000154671 seconds.
                    
      Regenerating: 1 file(s) changed at 2026-06-12 19:31:53
                    .run/jekyll.log
                    ...done in 12.023579003 seconds.
                    
      Regenerating: 1 file(s) changed at 2026-06-12 19:32:05
                    .run/jekyll.log
                    ...done in 9.937293897 seconds.
                    
      Regenerating: 1 file(s) changed at 2026-06-12 19:32:15
                    .run/jekyll.log
                    ...done in 12.391676755 seconds.
                    
      Regenerating: 1 file(s) changed at 2026-06-12 19:32:28
                    .run/jekyll.log
                    ...done in 10.186800359 seconds.
                    
      Regenerating: 1 file(s) changed at 2026-06-12 19:32:38
                    .run/jekyll.log
                    ...done in 12.406739621 seconds.
                    
      Regenerating: 1 file(s) changed at 2026-06-12 19:32:50
                    .run/jekyll.log
                    ...done in 10.207942927 seconds.
                    
      Regenerating: 1 file(s) changed at 2026-06-12 19:33:01
                    .run/jekyll.log
                    ...done in 12.305912701 seconds.
                    
      Regenerating: 1 file(s) changed at 2026-06-12 19:33:13
                    .run/jekyll.log
                    ...done in 10.244451255 seconds.
                    
      Regenerating: 1 file(s) changed at 2026-06-12 19:33:24
                    .run/jekyll.log
                    ...done in 12.404923846 seconds.
                    
      Regenerating: 1 file(s) changed at 2026-06-12 19:33:36
                    .run/jekyll.log
                    ...done in 10.266003869 seconds.
                    
      Regenerating: 1 file(s) changed at 2026-06-12 19:33:46
                    .run/jekyll.log
                    ...done in 12.446600412 seconds.
                    
      Regenerating: 1 file(s) changed at 2026-06-12 19:33:59
                    .run/jekyll.log
                    ...done in 11.353433807 seconds.
                    
      Regenerating: 1 file(s) changed at 2026-06-12 19:34:10
                    .run/jekyll.log
                    ...done in 10.1984662 seconds.
                    
      Regenerating: 1 file(s) changed at 2026-06-12 19:34:21
                    .run/jekyll.log
                    ...done in 12.344469775 seconds.
                    
      Regenerating: 1 file(s) changed at 2026-06-12 19:34:33
                    .run/jekyll.log
                    ...done in 11.170804023 seconds.
                    
      Regenerating: 1 file(s) changed at 2026-06-12 19:34:44
                    .run/jekyll.log
                    ...done in 11.24134762 seconds.
                    
      Regenerating: 1 file(s) changed at 2026-06-12 19:34:56
                    .run/jekyll.log
                    ...done in 11.241260615 seconds.
                    
      Regenerating: 1 file(s) changed at 2026-06-12 19:35:07
                    .run/jekyll.log
                    ...done in 11.248530969 seconds.
                    
      Regenerating: 1 file(s) changed at 2026-06-12 19:35:18
                    .run/jekyll.log
                    ...done in 10.20653159 seconds.
                    
      Regenerating: 1 file(s) changed at 2026-06-12 19:35:29
                    .run/jekyll.log
                    ...done in 12.320378093 seconds.
                    
      Regenerating: 1 file(s) changed at 2026-06-12 19:35:41
                    .run/jekyll.log
                    ...done in 12.380548508 seconds.
                    
      Regenerating: 1 file(s) changed at 2026-06-12 19:35:54
                    .run/jekyll.log
                    ...done in 11.243220479 seconds.
                    
      Regenerating: 1 file(s) changed at 2026-06-12 19:36:05
                    .run/jekyll.log
                    ...done in 10.191143024 seconds.
                    
      Regenerating: 1 file(s) changed at 2026-06-12 19:36:15
                    .run/jekyll.log
                    ...done in 12.370785798 seconds.
                    
      Regenerating: 1 file(s) changed at 2026-06-12 19:36:28
                    .run/jekyll.log
                    ...done in 11.268584229 seconds.
                    
      Regenerating: 1 file(s) changed at 2026-06-12 19:36:39
                    .run/jekyll.log
                    ...done in 10.189457413 seconds.
                    
      Regenerating: 1 file(s) changed at 2026-06-12 19:36:49
                    .run/jekyll.log
                    ...done in 12.345205717 seconds.
                    
      Regenerating: 1 file(s) changed at 2026-06-12 19:37:02
                    .run/jekyll.log
                    ...done in 10.24262598 seconds.
                    
      Regenerating: 1 file(s) changed at 2026-06-12 19:37:12
                    .run/jekyll.log
                    ...done in 12.350295438 seconds.
                    
      Regenerating: 1 file(s) changed at 2026-06-12 19:37:25
                    .run/jekyll.log
                    ...done in 10.201925765 seconds.
                    
      Regenerating: 1 file(s) changed at 2026-06-12 19:37:35
                    .run/jekyll.log
                    ...done in 12.311186452 seconds.
                    
      Regenerating: 1 file(s) changed at 2026-06-12 19:37:47
                    .run/jekyll.log
                    ...done in 10.238214601 seconds.
                    
      Regenerating: 1 file(s) changed at 2026-06-12 19:37:58
                    .run/jekyll.log
                    ...done in 12.237157364 seconds.
                    
      Regenerating: 1 file(s) changed at 2026-06-12 19:38:10
                    .run/jekyll.log
                    ...done in 11.031734134 seconds.
                    
      Regenerating: 1 file(s) changed at 2026-06-12 19:38:21
                    .run/jekyll.log
                    ...done in 10.012356837 seconds.
                    
      Regenerating: 1 file(s) changed at 2026-06-12 19:38:31
                    .run/jekyll.log
                    ...done in 12.165574435 seconds.
                    
      Regenerating: 1 file(s) changed at 2026-06-12 19:38:44
                    .run/jekyll.log
                    ...done in 11.080415634 seconds.
                    
      Regenerating: 1 file(s) changed at 2026-06-12 19:38:55
                    .run/jekyll.log
                    ...done in 11.124813149 seconds.
                    
      Regenerating: 1 file(s) changed at 2026-06-12 19:39:06
                    .run/jekyll.log
                    ...done in 10.007520533 seconds.
                    
      Regenerating: 1 file(s) changed at 2026-06-12 19:39:16
                    .run/jekyll.log
                    ...done in 13.261471153 seconds.
                    
      Regenerating: 1 file(s) changed at 2026-06-12 19:39:29
                    .run/jekyll.log
                    ...done in 11.05881966 seconds.
                    
      Regenerating: 1 file(s) changed at 2026-06-12 19:39:41
                    .run/jekyll.log
                    ...done in 11.167707947 seconds.
                    
      Regenerating: 1 file(s) changed at 2026-06-12 19:39:52
                    .run/jekyll.log
                    ...done in 10.105292282 seconds.
                    
      Regenerating: 1 file(s) changed at 2026-06-12 19:40:02
                    .run/jekyll.log
                    ...done in 12.110231235 seconds.
                    
      Regenerating: 1 file(s) changed at 2026-06-12 19:40:14
                    .run/jekyll.log
                    ...done in 9.964048591 seconds.
                    
      Regenerating: 1 file(s) changed at 2026-06-12 19:40:24
                    .run/jekyll.log
                    ...done in 12.147369365 seconds.
                    
      Regenerating: 1 file(s) changed at 2026-06-12 19:40:37
                    .run/jekyll.log
                    ...done in 10.174738672 seconds.
                    
      Regenerating: 1 file(s) changed at 2026-06-12 19:40:47
                    .run/jekyll.log
                    ...done in 12.305230824 seconds.
                    
      Regenerating: 1 file(s) changed at 2026-06-12 19:40:59
                    .run/jekyll.log
                    ...done in 10.136838346 seconds.
                    
      Regenerating: 1 file(s) changed at 2026-06-12 19:41:09
                    .run/jekyll.log
                    ...done in 12.281413242 seconds.
                    
      Regenerating: 1 file(s) changed at 2026-06-12 19:41:22
                    .run/jekyll.log
                    ...done in 10.164577453 seconds.
                    
      Regenerating: 1 file(s) changed at 2026-06-12 19:41:32
                    .run/jekyll.log
                    ...done in 12.032357139 seconds.
                    
      Regenerating: 1 file(s) changed at 2026-06-12 19:41:44
                    .run/jekyll.log
                    ...done in 10.877359903 seconds.
                    
      Regenerating: 1 file(s) changed at 2026-06-12 19:41:55
                    .run/jekyll.log
                    ...done in 10.202530713 seconds.
                    
      Regenerating: 1 file(s) changed at 2026-06-12 19:42:06
                    .run/jekyll.log
                    ...done in 12.45894908 seconds.
                    
      Regenerating: 1 file(s) changed at 2026-06-12 19:42:18
                    .run/jekyll.log
                    ...done in 11.351156679 seconds.
                    
      Regenerating: 1 file(s) changed at 2026-06-12 19:42:30
                    .run/jekyll.log
                    ...done in 11.315888584 seconds.
                    
      Regenerating: 1 file(s) changed at 2026-06-12 19:42:41
                    .run/jekyll.log
                    ...done in 10.228300554 seconds.
                    
      Regenerating: 1 file(s) changed at 2026-06-12 19:42:51
                    .run/jekyll.log
                    ...done in 12.464367202 seconds.
                    
      Regenerating: 1 file(s) changed at 2026-06-12 19:43:04
                    .run/jekyll.log
                    ...done in 12.592807187 seconds.
                    
      Regenerating: 1 file(s) changed at 2026-06-12 19:43:17
                    .run/jekyll.log
                    ...done in 11.353305864 seconds.
                    
      Regenerating: 1 file(s) changed at 2026-06-12 19:43:28
                    .run/jekyll.log
                    ...done in 11.358723425 seconds.
                    
      Regenerating: 1 file(s) changed at 2026-06-12 19:43:39
                    .run/jekyll.log
                    ...done in 10.285665102 seconds.
                    
      Regenerating: 1 file(s) changed at 2026-06-12 19:43:50
                    .run/jekyll.log
                    ...done in 12.612854143 seconds.
                    
      Regenerating: 1 file(s) changed at 2026-06-12 19:44:03
                    .run/jekyll.log
                    ...done in 10.317210599 seconds.
                    
      Regenerating: 1 file(s) changed at 2026-06-12 19:44:13
                    .run/jekyll.log
                    ...done in 12.467072064 seconds.
                    
      Regenerating: 1 file(s) changed at 2026-06-12 19:44:26
                    .run/jekyll.log
                    ...done in 10.34074575 seconds.
                    
      Regenerating: 1 file(s) changed at 2026-06-12 19:44:36
                    .run/jekyll.log
                    ...done in 12.276397767 seconds.
                    
      Regenerating: 1 file(s) changed at 2026-06-12 19:44:48
                    .run/jekyll.log
                    ...done in 10.127836653 seconds.
                    
      Regenerating: 1 file(s) changed at 2026-06-12 19:44:59
                    .run/jekyll.log
                    ...done in 12.138085251 seconds.
                    
      Regenerating: 1 file(s) changed at 2026-06-12 19:45:11
                    .run/jekyll.log
                    ...done in 10.037097581 seconds.
                    
      Regenerating: 1 file(s) changed at 2026-06-12 19:45:21
                    .run/jekyll.log
                    ...done in 12.231082771 seconds.
                    
      Regenerating: 1 file(s) changed at 2026-06-12 19:45:33
                    .run/jekyll.log
                    ...done in 11.259380936 seconds.
                    
      Regenerating: 1 file(s) changed at 2026-06-12 19:45:45
                    .run/jekyll.log
                    ...done in 11.059147741 seconds.
                    
      Regenerating: 1 file(s) changed at 2026-06-12 19:45:56
                    .run/jekyll.log
                    ...done in 10.961858538 seconds.
                    
      Regenerating: 1 file(s) changed at 2026-06-12 19:46:07
                    .run/jekyll.log
                    ...done in 9.97948682 seconds.
                    
      Regenerating: 1 file(s) changed at 2026-06-12 19:46:17
                    .run/jekyll.log
                    ...done in 12.303722995 seconds.
                    
      Regenerating: 1 file(s) changed at 2026-06-12 19:46:29
                    .run/jekyll.log
                    ...done in 12.376090676 seconds.
                    
      Regenerating: 1 file(s) changed at 2026-06-12 19:46:42
                    .run/jekyll.log
                    ...done in 11.16826593 seconds.
                    
      Regenerating: 1 file(s) changed at 2026-06-12 19:46:53
                    .run/jekyll.log
                    ...done in 10.235354538 seconds.
                    
      Regenerating: 1 file(s) changed at 2026-06-12 19:47:03
                    .run/jekyll.log
                    ...done in 12.072079959 seconds.
                    
      Regenerating: 1 file(s) changed at 2026-06-12 19:47:16
                    .run/jekyll.log
                    ...done in 9.955481092 seconds.
                    
      Regenerating: 1 file(s) changed at 2026-06-12 19:47:26
                    .run/jekyll.log
                    ...done in 12.077836391 seconds.
                    
      Regenerating: 1 file(s) changed at 2026-06-12 19:47:38
                    .run/jekyll.log
                    ...done in 10.037931318 seconds.
                    
      Regenerating: 1 file(s) changed at 2026-06-12 19:47:48
                    .run/jekyll.log
                    ...done in 12.100781805 seconds.
                    
      Regenerating: 1 file(s) changed at 2026-06-12 19:48:00
                    .run/jekyll.log
                    ...done in 11.007618102 seconds.
                    
      Regenerating: 1 file(s) changed at 2026-06-12 19:48:11
                    .run/jekyll.log
                    ...done in 12.184494969 seconds.
                    
      Regenerating: 1 file(s) changed at 2026-06-12 19:48:24
                    .run/jekyll.log
                    ...done in 11.061987166 seconds.
                    
      Regenerating: 1 file(s) changed at 2026-06-12 19:48:35
                    .run/jekyll.log
                    ...done in 10.064044522 seconds.
                    
      Regenerating: 1 file(s) changed at 2026-06-12 19:48:45
                    .run/jekyll.log
                    ...done in 12.330699113 seconds.
                    
      Regenerating: 1 file(s) changed at 2026-06-12 19:48:57
                    .run/jekyll.log
                    ...done in 10.17949485 seconds.
                    
      Regenerating: 1 file(s) changed at 2026-06-12 19:49:08
                    .run/jekyll.log
                    ...done in 12.167625995 seconds.
                    
      Regenerating: 1 file(s) changed at 2026-06-12 19:49:20
                    .run/jekyll.log
                    ...done in 10.082240614 seconds.
                    
      Regenerating: 1 file(s) changed at 2026-06-12 19:49:30
                    .run/jekyll.log
                    ...done in 12.21371749 seconds.
                    
      Regenerating: 1 file(s) changed at 2026-06-12 19:49:42
                    .run/jekyll.log
                    ...done in 12.30693378 seconds.
                    
      Regenerating: 1 file(s) changed at 2026-06-12 19:49:55
                    .run/jekyll.log
                    ...done in 11.179162403 seconds.
                    
      Regenerating: 1 file(s) changed at 2026-06-12 19:50:06
                    .run/jekyll.log
                    ...done in 10.036858008 seconds.
                    
      Regenerating: 1 file(s) changed at 2026-06-12 19:50:16
                    .run/jekyll.log
                    ...done in 12.266603187 seconds.
                    
      Regenerating: 1 file(s) changed at 2026-06-12 19:50:29
                    .run/jekyll.log
                    ...done in 11.287904332 seconds.
                    
      Regenerating: 1 file(s) changed at 2026-06-12 19:50:40
                    .run/jekyll.log
                    ...done in 10.207563679 seconds.
                    
      Regenerating: 1 file(s) changed at 2026-06-12 19:50:50
                    .run/jekyll.log
                    ...done in 12.474662515 seconds.
                    
      Regenerating: 1 file(s) changed at 2026-06-12 19:51:03
                    .run/jekyll.log
                    ...done in 12.304352916 seconds.
                    
      Regenerating: 1 file(s) changed at 2026-06-12 19:51:15
                    .run/jekyll.log
                    ...done in 11.224519183 seconds.
                    
      Regenerating: 1 file(s) changed at 2026-06-12 19:51:27
                    .run/jekyll.log
                    ...done in 10.191581148 seconds.
                    
      Regenerating: 1 file(s) changed at 2026-06-12 19:51:37
                    .run/jekyll.log
                    ...done in 12.188065957 seconds.
                    
      Regenerating: 1 file(s) changed at 2026-06-12 19:51:49
                    .run/jekyll.log
                    ...done in 9.964529653 seconds.
                    
      Regenerating: 1 file(s) changed at 2026-06-12 19:51:59
                    .run/jekyll.log
                    ...done in 12.166082824 seconds.
                    
      Regenerating: 1 file(s) changed at 2026-06-12 19:52:12
                    .run/jekyll.log
                    ...done in 10.009472021 seconds.
                    
      Regenerating: 1 file(s) changed at 2026-06-12 19:52:22
                    .run/jekyll.log
                    ...done in 12.329180867 seconds.
                    
      Regenerating: 1 file(s) changed at 2026-06-12 19:52:34
                    .run/jekyll.log
                    ...done in 10.043354302 seconds.
                    
      Regenerating: 1 file(s) changed at 2026-06-12 19:52:44
                    .run/jekyll.log
                    ...done in 12.327239895 seconds.
                    
      Regenerating: 1 file(s) changed at 2026-06-12 19:52:57
                    .run/jekyll.log
                    ...done in 10.048425995 seconds.
                    
      Regenerating: 1 file(s) changed at 2026-06-12 19:53:07
                    .run/jekyll.log
                    ...done in 12.120177376 seconds.
                    
      Regenerating: 1 file(s) changed at 2026-06-12 19:53:19
                    .run/jekyll.log
                    ...done in 10.165052056 seconds.
                    
      Regenerating: 1 file(s) changed at 2026-06-12 19:53:29
                    .run/jekyll.log
                    ...done in 12.283750992 seconds.
                    
      Regenerating: 1 file(s) changed at 2026-06-12 19:53:42
                    .run/jekyll.log
                    ...done in 10.061910251 seconds.
                    
      Regenerating: 1 file(s) changed at 2026-06-12 19:53:52
                    .run/jekyll.log
                    ...done in 12.613471297 seconds.
                    
      Regenerating: 1 file(s) changed at 2026-06-12 19:54:05
                    .run/jekyll.log
                    ...done in 10.348128219 seconds.
                    
      Regenerating: 1 file(s) changed at 2026-06-12 19:54:15
                    .run/jekyll.log
                    ...done in 12.525145507 seconds.
                    
      Regenerating: 1 file(s) changed at 2026-06-12 19:54:28
                    .run/jekyll.log
                    ...done in 10.280916483 seconds.
                    
      Regenerating: 1 file(s) changed at 2026-06-12 19:54:38
                    .run/jekyll.log
                    ...done in 12.618035752 seconds.
                    
      Regenerating: 1 file(s) changed at 2026-06-12 19:54:51
                    .run/jekyll.log
                    ...done in 11.513779717 seconds.
                    
      Regenerating: 1 file(s) changed at 2026-06-12 19:55:02
                    .run/jekyll.log
                    ...done in 10.360350519 seconds.
                    
      Regenerating: 1 file(s) changed at 2026-06-12 19:55:13
                    .run/jekyll.log
                    ...done in 12.605484212 seconds.
                    
      Regenerating: 1 file(s) changed at 2026-06-12 19:55:25
                    .run/jekyll.log
                    ...done in 12.704378951 seconds.
                    
      Regenerating: 1 file(s) changed at 2026-06-12 19:55:38
                    .run/jekyll.log
                    ...done in 11.454188153 seconds.
                    
      Regenerating: 1 file(s) changed at 2026-06-12 19:55:50
                    .run/jekyll.log
                    ...done in 11.435268442 seconds.
                    
      Regenerating: 1 file(s) changed at 2026-06-12 19:56:01
                    .run/jekyll.log
                    ...done in 10.3683566 seconds.
                    
      Regenerating: 1 file(s) changed at 2026-06-12 19:56:12
                    .run/jekyll.log
                    ...done in 11.439891867 seconds.
                    
      Regenerating: 1 file(s) changed at 2026-06-12 19:56:23
                    .run/jekyll.log
                    ...done in 10.309081835 seconds.
                    
      Regenerating: 1 file(s) changed at 2026-06-12 19:56:34
                    .run/jekyll.log
                    ...done in 13.773220415 seconds.
                    
      Regenerating: 1 file(s) changed at 2026-06-12 19:56:48
                    .run/jekyll.log
                    ...done in 12.588917943 seconds.
                    
      Regenerating: 1 file(s) changed at 2026-06-12 19:57:00
                    .run/jekyll.log
                    ...done in 11.439980762 seconds.
                    
      Regenerating: 1 file(s) changed at 2026-06-12 19:57:12
                    .run/jekyll.log
                    ...done in 10.36776242 seconds.
                    
      Regenerating: 1 file(s) changed at 2026-06-12 19:57:22
                    .run/jekyll.log
                    ...done in 11.356755946 seconds.
                    
      Regenerating: 1 file(s) changed at 2026-06-12 19:57:34
                    .run/jekyll.log
                    ...done in 10.25175574 seconds.
                    
      Regenerating: 1 file(s) changed at 2026-06-12 19:57:44
                    .run/jekyll.log
                    ...done in 12.64469057 seconds.
                    
      Regenerating: 1 file(s) changed at 2026-06-12 19:57:57
                    .run/jekyll.log
                    ...done in 10.233968666 seconds.
                    
      Regenerating: 1 file(s) changed at 2026-06-12 19:58:07
                    .run/jekyll.log
                    ...done in 11.325269071 seconds.
                    
      Regenerating: 1 file(s) changed at 2026-06-12 19:58:19
                    .run/jekyll.log
                    ...done in 10.247918733 seconds.
                    
      Regenerating: 1 file(s) changed at 2026-06-12 19:58:29
                    .run/jekyll.log
                    ...done in 12.491875985 seconds.
                    
      Regenerating: 1 file(s) changed at 2026-06-12 19:58:42
                    .run/jekyll.log
                    ...done in 10.259476229 seconds.
                    
      Regenerating: 1 file(s) changed at 2026-06-12 19:58:52
                    .run/jekyll.log
                    ...done in 12.496445552 seconds.
                    
      Regenerating: 1 file(s) changed at 2026-06-12 19:59:05
                    .run/jekyll.log
                    ...done in 11.384569327 seconds.
                    
      Regenerating: 1 file(s) changed at 2026-06-12 19:59:16
                    .run/jekyll.log
                    ...done in 11.429106058 seconds.
                    
      Regenerating: 1 file(s) changed at 2026-06-12 19:59:28
                    .run/jekyll.log
                    ...done in 12.557323627 seconds.
                    
      Regenerating: 1 file(s) changed at 2026-06-12 19:59:40
                    .run/jekyll.log
                    ...done in 10.309975571 seconds.
                    
      Regenerating: 1 file(s) changed at 2026-06-12 19:59:51
                    .run/jekyll.log
                    ...done in 12.603044077 seconds.
                    
      Regenerating: 1 file(s) changed at 2026-06-12 20:00:03
                    .run/jekyll.log
                    ...done in 11.429222087 seconds.
                    
      Regenerating: 1 file(s) changed at 2026-06-12 20:00:15
                    .run/jekyll.log
                    ...done in 10.324900448 seconds.
                    
      Regenerating: 1 file(s) changed at 2026-06-12 20:00:25
                    .run/jekyll.log
                    ...done in 12.641022722 seconds.
                    
      Regenerating: 1 file(s) changed at 2026-06-12 20:00:38
                    .run/jekyll.log
                    ...done in 10.310237029 seconds.
                    
      Regenerating: 1 file(s) changed at 2026-06-12 20:00:48
                    .run/jekyll.log
                    ...done in 12.496959492 seconds.
                    
      Regenerating: 1 file(s) changed at 2026-06-12 20:01:01
                    .run/jekyll.log
                    ...done in 10.325774371 seconds.
                    
      Regenerating: 1 file(s) changed at 2026-06-12 20:01:11
                    .run/jekyll.log
                    ...done in 11.355037438 seconds.
                    
      Regenerating: 1 file(s) changed at 2026-06-12 20:01:23
                    .run/jekyll.log
                    ...done in 10.322913078 seconds.
                    
      Regenerating: 1 file(s) changed at 2026-06-12 20:01:33
                    .run/jekyll.log
                    ...done in 12.560546777 seconds.
                    
      Regenerating: 1 file(s) changed at 2026-06-12 20:01:46
                    .run/jekyll.log
                    ...done in 10.265264173 seconds.
                    
      Regenerating: 1 file(s) changed at 2026-06-12 20:01:56
                    .run/jekyll.log
                    ...done in 12.604927389 seconds.
                    
      Regenerating: 1 file(s) changed at 2026-06-12 20:02:09
                    .run/jekyll.log
                    ...done in 11.437479592 seconds.
                    
      Regenerating: 1 file(s) changed at 2026-06-12 20:02:21
                    .run/jekyll.log
                    ...done in 11.434534503 seconds.
                    
      Regenerating: 1 file(s) changed at 2026-06-12 20:02:32
                    .run/jekyll.log
                    ...done in 11.517153556 seconds.
                    
      Regenerating: 1 file(s) changed at 2026-06-12 20:02:44
                    .run/jekyll.log
                    ...done in 10.333363518 seconds.
                    
      Regenerating: 1 file(s) changed at 2026-06-12 20:02:54
                    .run/jekyll.log
                    ...done in 12.65982533 seconds.
                    
      Regenerating: 1 file(s) changed at 2026-06-12 20:03:07
                    .run/jekyll.log
                    ...done in 11.548526853 seconds.
                    
      Regenerating: 1 file(s) changed at 2026-06-12 20:03:19
                    .run/jekyll.log
                    ...done in 10.345805804 seconds.
                    
      Regenerating: 1 file(s) changed at 2026-06-12 20:03:29
                    .run/jekyll.log
                    ...done in 11.246345086 seconds.
                    
      Regenerating: 1 file(s) changed at 2026-06-12 20:03:40
                    .run/jekyll.log
                    ...done in 11.458786152 seconds.
                    
      Regenerating: 1 file(s) changed at 2026-06-12 20:03:52
                    .run/jekyll.log
                    ...done in 10.298147504 seconds.
                    
      Regenerating: 1 file(s) changed at 2026-06-12 20:04:02
                    .run/jekyll.log
                    ...done in 12.479138694 seconds.
                    
      Regenerating: 1 file(s) changed at 2026-06-12 20:04:15
                    .run/jekyll.log
                    ...done in 10.284486269 seconds.
                    
      Regenerating: 1 file(s) changed at 2026-06-12 20:04:25
                    .run/jekyll.log
                    ...done in 12.545150931 seconds.
                    
      Regenerating: 1 file(s) changed at 2026-06-12 20:04:38
                    .run/jekyll.log
                    ...done in 11.3833746 seconds.
                    
      Regenerating: 1 file(s) changed at 2026-06-12 20:04:49
                    .run/jekyll.log
                    ...done in 10.307155904 seconds.
                    
      Regenerating: 1 file(s) changed at 2026-06-12 20:05:00
                    .run/jekyll.log
                    ...done in 12.604542054 seconds.
                    
      Regenerating: 1 file(s) changed at 2026-06-12 20:05:13
                    .run/jekyll.log
                    ...done in 11.410804148 seconds.
                    
      Regenerating: 1 file(s) changed at 2026-06-12 20:05:24
                    .run/jekyll.log
                    ...done in 10.397056004 seconds.
                    
      Regenerating: 1 file(s) changed at 2026-06-12 20:05:35
                    .run/jekyll.log
                    ...done in 12.64592136 seconds.
                    
      Regenerating: 1 file(s) changed at 2026-06-12 20:05:47
                    .run/jekyll.log
                    ...done in 11.494931415 seconds.
                    
      Regenerating: 1 file(s) changed at 2026-06-12 20:05:59
                    .run/jekyll.log
                    ...done in 10.389597625 seconds.
                    
      Regenerating: 1 file(s) changed at 2026-06-12 20:06:09
                    .run/jekyll.log
                    ...done in 12.643813138 seconds.
                    
      Regenerating: 1 file(s) changed at 2026-06-12 20:06:22
                    .run/jekyll.log
                    ...done in 10.439000276 seconds.
                    
      Regenerating: 1 file(s) changed at 2026-06-12 20:06:33
                    .run/jekyll.log
                    ...done in 12.619603515 seconds.
                    
      Regenerating: 1 file(s) changed at 2026-06-12 20:06:45
                    .run/jekyll.log
                    ...done in 11.449480533 seconds.
                    
      Regenerating: 1 file(s) changed at 2026-06-12 20:06:57
                    .run/jekyll.log
                    ...done in 11.451074837 seconds.
                    
      Regenerating: 1 file(s) changed at 2026-06-12 20:07:09
                    .run/jekyll.log
                    ...done in 10.409892699 seconds.
                    
      Regenerating: 1 file(s) changed at 2026-06-12 20:07:19
                    .run/jekyll.log
                    ...done in 12.279626172 seconds.
                    
      Regenerating: 1 file(s) changed at 2026-06-12 20:07:31
                    .run/jekyll.log
                    ...done in 10.16827619 seconds.
                    
      Regenerating: 1 file(s) changed at 2026-06-12 20:07:42
                    .run/jekyll.log
                    ...done in 12.461975397 seconds.
                    
      Regenerating: 1 file(s) changed at 2026-06-12 20:07:54
                    .run/jekyll.log
                    ...done in 10.172530549 seconds.
                    
      Regenerating: 1 file(s) changed at 2026-06-12 20:08:05
                    .run/jekyll.log
                    ...done in 12.316749787 seconds.
                    
      Regenerating: 1 file(s) changed at 2026-06-12 20:08:17
                    .run/jekyll.log
                    ...done in 11.39013542 seconds.
                    
      Regenerating: 1 file(s) changed at 2026-06-12 20:08:28
                    .run/jekyll.log
                    ...done in 13.470463263 seconds.
                    
      Regenerating: 1 file(s) changed at 2026-06-12 20:08:42
                    .run/jekyll.log
                    ...done in 11.281914566 seconds.
                    
      Regenerating: 1 file(s) changed at 2026-06-12 20:08:53
                    .run/jekyll.log
                    ...done in 10.268845335 seconds.
                    
      Regenerating: 1 file(s) changed at 2026-06-12 20:09:04
                    .run/jekyll.log
                    ...done in 11.223511714 seconds.
                    
      Regenerating: 1 file(s) changed at 2026-06-12 20:09:15
                    .run/jekyll.log
                    ...done in 10.065442731 seconds.
                    
      Regenerating: 1 file(s) changed at 2026-06-12 20:09:25
                    .run/jekyll.log
                    ...done in 12.296044056 seconds.
                    
      Regenerating: 1 file(s) changed at 2026-06-12 20:09:38
                    .run/jekyll.log
                    ...done in 10.094742367 seconds.
                    
      Regenerating: 1 file(s) changed at 2026-06-12 20:09:48
                    .run/jekyll.log
                    ...done in 11.12988391 seconds.
                    
      Regenerating: 1 file(s) changed at 2026-06-12 20:09:59
                    .run/jekyll.log
                    ...done in 10.057288328 seconds.
                    
      Regenerating: 1 file(s) changed at 2026-06-12 20:10:09
                    .run/jekyll.log
                    ...done in 12.242285071 seconds.
                    
      Regenerating: 1 file(s) changed at 2026-06-12 20:10:22
                    .run/jekyll.log
                    ...done in 10.095984476 seconds.
                    
      Regenerating: 1 file(s) changed at 2026-06-12 20:10:32
                    .run/jekyll.log
                    ...done in 12.395439653 seconds.
                    
      Regenerating: 1 file(s) changed at 2026-06-12 20:10:44
                    .run/jekyll.log
                    ...done in 11.187561072 seconds.
                    
      Regenerating: 1 file(s) changed at 2026-06-12 20:10:56
                    .run/jekyll.log
                    ...done in 10.053768555 seconds.
                    
      Regenerating: 1 file(s) changed at 2026-06-12 20:11:06
                    .run/jekyll.log
                    ...done in 12.243191494 seconds.
                    
      Regenerating: 1 file(s) changed at 2026-06-12 20:11:18
                    .run/jekyll.log
                    ...done in 10.065020704 seconds.
                    
      Regenerating: 1 file(s) changed at 2026-06-12 20:11:28
                    .run/jekyll.log
                    ...done in 12.32210751 seconds.
                    
      Regenerating: 1 file(s) changed at 2026-06-12 20:11:41
                    .run/jekyll.log
                    ...done in 11.137777966 seconds.
                    
      Regenerating: 1 file(s) changed at 2026-06-12 20:11:52
                    .run/jekyll.log
                    ...done in 11.230628378 seconds.
                    
      Regenerating: 1 file(s) changed at 2026-06-12 20:12:03
                    .run/jekyll.log
                    ...done in 10.127332071 seconds.
                    
      Regenerating: 1 file(s) changed at 2026-06-12 20:12:13
                    .run/jekyll.log
                    ...done in 12.313894933 seconds.
                    
      Regenerating: 1 file(s) changed at 2026-06-12 20:12:26
                    .run/jekyll.log
                    ...done in 11.356798935 seconds.
                    
      Regenerating: 1 file(s) changed at 2026-06-12 20:12:37
                    .run/jekyll.log
                    ...done in 11.183432907 seconds.
                    
      Regenerating: 1 file(s) changed at 2026-06-12 20:12:49
                    .run/jekyll.log
                    ...done in 12.399208779 seconds.
                    
      Regenerating: 1 file(s) changed at 2026-06-12 20:13:01
                    .run/jekyll.log
                    ...done in 11.124901821 seconds.
                    
      Regenerating: 1 file(s) changed at 2026-06-12 20:13:12
                    .run/jekyll.log
                    ...done in 10.322948619 seconds.
                    
      Regenerating: 1 file(s) changed at 2026-06-12 20:13:23
                    .run/jekyll.log
                    ...done in 12.583707552 seconds.
                    
      Regenerating: 1 file(s) changed at 2026-06-12 20:13:35
                    .run/jekyll.log
                    ...done in 12.699115916 seconds.
                    
      Regenerating: 1 file(s) changed at 2026-06-12 20:13:48
                    .run/jekyll.log
                    ...done in 11.252545776 seconds.
                    
      Regenerating: 1 file(s) changed at 2026-06-12 20:14:00
                    .run/jekyll.log
                    ...done in 10.312414887 seconds.
                    
      Regenerating: 1 file(s) changed at 2026-06-12 20:14:10
                    .run/jekyll.log
                    ...done in 12.54922251 seconds.
                    
      Regenerating: 1 file(s) changed at 2026-06-12 20:14:23
                    .run/jekyll.log
                    ...done in 12.618847872 seconds.
                    
      Regenerating: 1 file(s) changed at 2026-06-12 20:14:35
                    .run/jekyll.log
                    ...done in 11.423492399 seconds.
                    
      Regenerating: 1 file(s) changed at 2026-06-12 20:14:47
                    .run/jekyll.log
                    ...done in 11.391409328 seconds.
                    
      Regenerating: 1 file(s) changed at 2026-06-12 20:14:58
                    .run/jekyll.log
                    ...done in 11.380263056 seconds.
                    
      Regenerating: 1 file(s) changed at 2026-06-12 20:15:10
                    .run/jekyll.log
                    ...done in 10.096225754 seconds.
                    
      Regenerating: 1 file(s) changed at 2026-06-12 20:15:20
                    .run/jekyll.log
                    ...done in 11.178376936 seconds.
                    
      Regenerating: 1 file(s) changed at 2026-06-12 20:15:31
                    .run/jekyll.log
                    ...done in 10.099956535 seconds.
                    
      Regenerating: 1 file(s) changed at 2026-06-12 20:15:42
                    .run/jekyll.log
                    ...done in 12.231664109 seconds.
                    
      Regenerating: 1 file(s) changed at 2026-06-12 20:15:54
                    .run/jekyll.log
                    ...done in 10.039967375 seconds.
                    
      Regenerating: 1 file(s) changed at 2026-06-12 20:16:04
                    .run/jekyll.log
                    ...done in 12.458883062 seconds.
                    
      Regenerating: 1 file(s) changed at 2026-06-12 20:16:17
                    .run/jekyll.log
                    ...done in 10.122609256 seconds.
                    
      Regenerating: 1 file(s) changed at 2026-06-12 20:16:27
                    .run/jekyll.log
                    ...done in 12.325504496 seconds.
                    
      Regenerating: 1 file(s) changed at 2026-06-12 20:16:39
                    .run/jekyll.log
                    ...done in 10.1113953 seconds.
                    
      Regenerating: 1 file(s) changed at 2026-06-12 20:16:49
                    .run/jekyll.log
                    ...done in 12.313159426 seconds.
                    
      Regenerating: 1 file(s) changed at 2026-06-12 20:17:02
                    .run/jekyll.log
                    ...done in 10.040281779 seconds.
                    
      Regenerating: 1 file(s) changed at 2026-06-12 20:17:12
                    .run/jekyll.log
                    ...done in 12.304959116 seconds.
                    
      Regenerating: 1 file(s) changed at 2026-06-12 20:17:24
                    .run/jekyll.log
                    ...done in 11.135375516 seconds.
                    
      Regenerating: 1 file(s) changed at 2026-06-12 20:17:36
                    .run/jekyll.log
                    ...done in 11.180030456 seconds.
                    
      Regenerating: 1 file(s) changed at 2026-06-12 20:17:47
                    .run/jekyll.log
                    ...done in 10.068298695 seconds.
                    
      Regenerating: 1 file(s) changed at 2026-06-12 20:17:57
                    .run/jekyll.log
                    ...done in 12.340708111 seconds.
                    
      Regenerating: 1 file(s) changed at 2026-06-12 20:18:09
                    .run/jekyll.log
                    ...done in 11.039023735 seconds.
                    
      Regenerating: 1 file(s) changed at 2026-06-12 20:18:21
                    .run/jekyll.log
                    ...done in 10.07455936 seconds.
                    
      Regenerating: 1 file(s) changed at 2026-06-12 20:18:31
                    .run/jekyll.log
                    ...done in 11.127816656 seconds.
                    
      Regenerating: 1 file(s) changed at 2026-06-12 20:18:42
                    .run/jekyll.log
                    ...done in 10.113852059 seconds.
                    
      Regenerating: 1 file(s) changed at 2026-06-12 20:18:52
                    .run/jekyll.log
                    ...done in 11.138519034 seconds.
                    
      Regenerating: 1 file(s) changed at 2026-06-12 20:19:03
                    .run/jekyll.log
                    ...done in 10.11351863 seconds.
                    
      Regenerating: 1 file(s) changed at 2026-06-12 20:19:14
                    .run/jekyll.log
                    ...done in 12.595585592 seconds.
                    
      Regenerating: 1 file(s) changed at 2026-06-12 20:19:26
                    .run/jekyll.log
                    ...done in 10.088474706 seconds.
                    
      Regenerating: 1 file(s) changed at 2026-06-12 20:19:37
                    .run/jekyll.log
                    ...done in 13.683460881 seconds.
                    
      Regenerating: 1 file(s) changed at 2026-06-12 20:19:50
                    .run/jekyll.log
                    ...done in 11.275486521 seconds.
                    
      Regenerating: 1 file(s) changed at 2026-06-12 20:20:02
                    .run/jekyll.log
                    ...done in 10.16922901 seconds.
                    
      Regenerating: 1 file(s) changed at 2026-06-12 20:20:12
                    .run/jekyll.log
                    ...done in 11.219469236 seconds.
                    
      Regenerating: 1 file(s) changed at 2026-06-12 20:20:23
                    .run/jekyll.log
                    ...done in 10.165170943 seconds.
                    
      Regenerating: 1 file(s) changed at 2026-06-12 20:20:34
                    .run/jekyll.log
                    ...done in 11.153559811 seconds.
                    
      Regenerating: 1 file(s) changed at 2026-06-12 20:20:45
                    .run/jekyll.log
                    ...done in 11.191976735 seconds.
                    
      Regenerating: 1 file(s) changed at 2026-06-12 20:20:56
                    .run/jekyll.log
                    ...done in 11.198010189 seconds.
                    
      Regenerating: 1 file(s) changed at 2026-06-12 20:21:07
                    .run/jekyll.log
                    ...done in 10.164344672 seconds.
                    
      Regenerating: 1 file(s) changed at 2026-06-12 20:21:18
                    .run/jekyll.log
                    ...done in 12.366900507 seconds.
                    
      Regenerating: 1 file(s) changed at 2026-06-12 20:21:30
                    .run/jekyll.log
                    ...done in 11.176575765 seconds.
                    
      Regenerating: 1 file(s) changed at 2026-06-12 20:21:41
                    .run/jekyll.log
                    ...done in 11.182618617 seconds.
                    
      Regenerating: 1 file(s) changed at 2026-06-12 20:21:53
                    .run/jekyll.log
                    ...done in 10.099882923 seconds.
                    
      Regenerating: 1 file(s) changed at 2026-06-12 20:22:03
                    .run/jekyll.log
                    ...done in 12.343514902 seconds.
                    
      Regenerating: 1 file(s) changed at 2026-06-12 20:22:15
                    .run/jekyll.log
                    ...done in 10.098597881 seconds.
                    
      Regenerating: 1 file(s) changed at 2026-06-12 20:22:26
                    .run/jekyll.log
                    ...done in 12.346751401 seconds.
                    
      Regenerating: 1 file(s) changed at 2026-06-12 20:22:38
                    .run/jekyll.log
                    ...done in 10.098960247 seconds.
                    
      Regenerating: 1 file(s) changed at 2026-06-12 20:22:48
                    .run/jekyll.log
                    ...done in 12.2860504 seconds.
                    
      Regenerating: 1 file(s) changed at 2026-06-12 20:23:01
                    .run/jekyll.log
                    ...done in 10.069331768 seconds.
                    
      Regenerating: 1 file(s) changed at 2026-06-12 20:23:11
                    .run/jekyll.log
                    ...done in 11.164964301 seconds.
                    
      Regenerating: 1 file(s) changed at 2026-06-12 20:23:22
                    .run/jekyll.log
                    ...done in 10.031765934 seconds.
                    
      Regenerating: 1 file(s) changed at 2026-06-12 20:23:32
                    .run/jekyll.log
                    ...done in 12.327648868 seconds.
                    
      Regenerating: 1 file(s) changed at 2026-06-12 20:23:45
                    .run/jekyll.log
                    ...done in 10.058181591 seconds.
                    
      Regenerating: 1 file(s) changed at 2026-06-12 20:23:55
                    .run/jekyll.log
                    ...done in 12.685928731 seconds.
                    
      Regenerating: 1 file(s) changed at 2026-06-12 20:24:08
                    .run/jekyll.log
                    ...done in 10.319748243 seconds.
                    
      Regenerating: 1 file(s) changed at 2026-06-12 20:24:18
                    .run/jekyll.log
                    ...done in 11.605957199 seconds.
                    
      Regenerating: 1 file(s) changed at 2026-06-12 20:24:30
                    .run/jekyll.log
                    ...done in 10.196448055 seconds.
                    
      Regenerating: 1 file(s) changed at 2026-06-12 20:24:40
                    .run/jekyll.log
                    ...done in 12.485545139 seconds.
                    
      Regenerating: 1 file(s) changed at 2026-06-12 20:24:53
                    .run/jekyll.log
                    ...done in 10.226302734 seconds.
                    
      Regenerating: 1 file(s) changed at 2026-06-12 20:25:03
                    .run/jekyll.log
                    ...done in 12.53610862 seconds.
                    
      Regenerating: 1 file(s) changed at 2026-06-12 20:25:16
                    .run/jekyll.log
                    ...done in 10.166672493 seconds.
                    
      Regenerating: 1 file(s) changed at 2026-06-12 20:25:26
                    .run/jekyll.log
                    ...done in 12.471441591 seconds.
                    
      Regenerating: 1 file(s) changed at 2026-06-12 20:25:38
                    .run/jekyll.log
                    ...done in 11.33510112 seconds.
                    
      Regenerating: 1 file(s) changed at 2026-06-12 20:25:50
                    .run/jekyll.log
                    ...done in 10.148316626 seconds.
                    
      Regenerating: 1 file(s) changed at 2026-06-12 20:26:00
                    .run/jekyll.log
                    ...done in 12.42837538 seconds.
                    
      Regenerating: 1 file(s) changed at 2026-06-12 20:26:13
                    .run/jekyll.log
                    ...done in 10.103075189 seconds.
                    
      Regenerating: 1 file(s) changed at 2026-06-12 20:26:23
                    .run/jekyll.log
                    ...done in 12.34722464 seconds.
                    
      Regenerating: 1 file(s) changed at 2026-06-12 20:26:35
                    .run/jekyll.log
                    ...done in 10.06788492 seconds.
                    
      Regenerating: 1 file(s) changed at 2026-06-12 20:26:45
                    .run/jekyll.log
                    ...done in 12.380224179 seconds.
                    
      Regenerating: 1 file(s) changed at 2026-06-12 20:26:58
                    .run/jekyll.log
                    ...done in 11.147892344 seconds.
                    
      Regenerating: 1 file(s) changed at 2026-06-12 20:27:09
                    .run/jekyll.log
                    ...done in 10.07593761 seconds.
                    
      Regenerating: 1 file(s) changed at 2026-06-12 20:27:19
                    .run/jekyll.log
                    ...done in 11.120554011 seconds.
                    
      Regenerating: 1 file(s) changed at 2026-06-12 20:27:31
                    .run/jekyll.log
                    ...done in 10.101506453 seconds.
                    
      Regenerating: 1 file(s) changed at 2026-06-12 20:27:41
                    .run/jekyll.log
                    ...done in 11.209540188 seconds.
                    
      Regenerating: 1 file(s) changed at 2026-06-12 20:27:52
                    .run/jekyll.log
                    ...done in 10.111878299 seconds.
                    
      Regenerating: 1 file(s) changed at 2026-06-12 20:28:02
                    .run/jekyll.log
                    ...done in 12.349402465 seconds.
                    
      Regenerating: 1 file(s) changed at 2026-06-12 20:28:15
                    .run/jekyll.log
                    ...done in 10.148974646 seconds.
                    
      Regenerating: 1 file(s) changed at 2026-06-12 20:28:25
                    .run/jekyll.log
                    ...done in 12.433561649 seconds.
                    
      Regenerating: 1 file(s) changed at 2026-06-12 20:28:37
                    .run/jekyll.log
                    ...done in 11.292637842 seconds.
                    
      Regenerating: 1 file(s) changed at 2026-06-12 20:28:49
                    .run/jekyll.log
                    ...done in 11.386752881 seconds.
                    
      Regenerating: 1 file(s) changed at 2026-06-12 20:29:00
                    .run/jekyll.log
                    ...done in 10.186209617 seconds.
                    
      Regenerating: 1 file(s) changed at 2026-06-12 20:29:11
                    .run/jekyll.log
                    ...done in 11.299752863 seconds.
                    
      Regenerating: 1 file(s) changed at 2026-06-12 20:29:22
                    .run/jekyll.log
                    ...done in 10.23468751 seconds.
                    
      Regenerating: 1 file(s) changed at 2026-06-12 20:29:32
                    .run/jekyll.log
                    ...done in 12.52078796 seconds.
                    
      Regenerating: 1 file(s) changed at 2026-06-12 20:29:45
                    .run/jekyll.log
                    ...done in 11.258145321 seconds.
                    
      Regenerating: 1 file(s) changed at 2026-06-12 20:29:56
                    .run/jekyll.log
                    ...done in 10.251608824 seconds.
                    
      Regenerating: 1 file(s) changed at 2026-06-12 20:30:07
                    .run/jekyll.log
                    ...done in 11.374537383 seconds.
                    
      Regenerating: 1 file(s) changed at 2026-06-12 20:30:18
                    .run/jekyll.log
                    ...done in 11.560498878 seconds.
                    
      Regenerating: 1 file(s) changed at 2026-06-12 20:30:30
                    .run/jekyll.log
                    ...done in 11.337106889 seconds.
                    
      Regenerating: 1 file(s) changed at 2026-06-12 20:30:41
                    .run/jekyll.log
                    ...done in 10.173724001 seconds.
                    
      Regenerating: 1 file(s) changed at 2026-06-12 20:30:52
                    .run/jekyll.log
                    ...done in 12.521135559 seconds.
                    
      Regenerating: 1 file(s) changed at 2026-06-12 20:31:04
                    .run/jekyll.log
                    ...done in 10.159575877 seconds.
                    
      Regenerating: 1 file(s) changed at 2026-06-12 20:31:14
                    .run/jekyll.log
                    ...done in 11.298512302 seconds.
                    
      Regenerating: 1 file(s) changed at 2026-06-12 20:31:26
                    .run/jekyll.log
                    ...done in 10.204415962 seconds.
                    
      Regenerating: 1 file(s) changed at 2026-06-12 20:31:36
                    .run/jekyll.log
                    ...done in 12.589373333 seconds.
                    
      Regenerating: 1 file(s) changed at 2026-06-12 20:31:49
                    .run/jekyll.log
                    ...done in 10.411717336 seconds.
                    
      Regenerating: 1 file(s) changed at 2026-06-12 20:31:59
                    .run/jekyll.log
                    ...done in 11.523329561 seconds.
                    
      Regenerating: 1 file(s) changed at 2026-06-12 20:32:11
                    .run/jekyll.log
                    ...done in 10.313799966 seconds.
                    
      Regenerating: 1 file(s) changed at 2026-06-12 20:32:21
                    .run/jekyll.log
                    ...done in 12.754240869 seconds.
                    
      Regenerating: 1 file(s) changed at 2026-06-12 20:32:34
                    .run/jekyll.log
                    ...done in 10.124633066 seconds.
                    
      Regenerating: 1 file(s) changed at 2026-06-12 20:32:44
                    .run/jekyll.log
                    ...done in 12.411627283 seconds.
                    
      Regenerating: 1 file(s) changed at 2026-06-12 20:32:57
                    .run/jekyll.log
                    ...done in 10.118374931 seconds.
                    
      Regenerating: 1 file(s) changed at 2026-06-12 20:33:07
                    .run/jekyll.log
                    ...done in 12.472801529 seconds.
                    
      Regenerating: 1 file(s) changed at 2026-06-12 20:33:20
                    .run/jekyll.log
                    ...done in 11.284208906 seconds.
                    
      Regenerating: 1 file(s) changed at 2026-06-12 20:33:31
                    .run/jekyll.log
                    ...done in 10.135958079 seconds.
                    
      Regenerating: 1 file(s) changed at 2026-06-12 20:33:41
                    .run/jekyll.log
                    ...done in 12.559874411 seconds.
                    
      Regenerating: 1 file(s) changed at 2026-06-12 20:33:54
                    .run/jekyll.log
                    ...done in 11.354240704 seconds.
                    
      Regenerating: 1 file(s) changed at 2026-06-12 20:34:05
                    .run/jekyll.log
                    ...done in 10.175163571 seconds.
                    
      Regenerating: 1 file(s) changed at 2026-06-12 20:34:16
                    .run/jekyll.log
                    ...done in 11.314816965 seconds.
                    
      Regenerating: 1 file(s) changed at 2026-06-12 20:34:27
                    .run/jekyll.log
                    ...done in 10.151694577 seconds.
                    
      Regenerating: 1 file(s) changed at 2026-06-12 20:34:37
                    .run/jekyll.log
                    ...done in 11.470867481 seconds.
                    
      Regenerating: 1 file(s) changed at 2026-06-12 20:34:49
                    .run/jekyll.log
                    ...done in 10.173193069 seconds.
                    
      Regenerating: 1 file(s) changed at 2026-06-12 20:34:59
                    .run/jekyll.log
                    ...done in 11.650699615 seconds.
                    
      Regenerating: 1 file(s) changed at 2026-06-12 20:35:11
                    .run/jekyll.log
                    ...done in 11.293427394 seconds.
                    
      Regenerating: 1 file(s) changed at 2026-06-12 20:35:22
                    .run/jekyll.log
                    ...done in 11.27288288 seconds.
                    
      Regenerating: 1 file(s) changed at 2026-06-12 20:35:34
                    .run/jekyll.log
                    ...done in 11.328197734 seconds.
                    
      Regenerating: 1 file(s) changed at 2026-06-12 20:35:45
                    .run/jekyll.log
                    ...done in 10.172513508 seconds.
                    
      Regenerating: 1 file(s) changed at 2026-06-12 20:35:56
                    .run/jekyll.log
                    ...done in 12.614826471 seconds.
                    
      Regenerating: 1 file(s) changed at 2026-06-12 20:36:08
                    .run/jekyll.log
                    ...done in 10.186547829 seconds.
                    
      Regenerating: 1 file(s) changed at 2026-06-12 20:36:19
                    .run/jekyll.log
                    ...done in 12.474164162 seconds.
                    
      Regenerating: 1 file(s) changed at 2026-06-12 20:36:31
                    .run/jekyll.log
                    ...done in 10.303382072 seconds.
                    
      Regenerating: 1 file(s) changed at 2026-06-12 20:36:41
                    .run/jekyll.log
                    ...done in 12.694466559 seconds.
                    
      Regenerating: 1 file(s) changed at 2026-06-12 20:36:54
                    .run/jekyll.log
                    ...done in 10.34066805 seconds.
                    
      Regenerating: 1 file(s) changed at 2026-06-12 20:37:05
                    .run/jekyll.log
                    ...done in 12.653766997 seconds.
                    
      Regenerating: 1 file(s) changed at 2026-06-12 20:37:17
                    .run/jekyll.log
                    ...done in 10.288750524 seconds.
                    
      Regenerating: 1 file(s) changed at 2026-06-12 20:37:28
                    .run/jekyll.log
                    ...done in 12.386188065 seconds.
                    
      Regenerating: 1 file(s) changed at 2026-06-12 20:37:40
                    .run/jekyll.log
                    ...done in 11.266175774 seconds.
                    
      Regenerating: 1 file(s) changed at 2026-06-12 20:37:52
                    .run/jekyll.log
                    ...done in 11.211529718 seconds.
                    
      Regenerating: 1 file(s) changed at 2026-06-12 20:38:03
                    .run/jekyll.log
                    ...done in 11.267225316 seconds.
                    
      Regenerating: 1 file(s) changed at 2026-06-12 20:38:14
                    .run/jekyll.log
                    ...done in 10.581311765 seconds.
                    
      Regenerating: 1 file(s) changed at 2026-06-12 20:38:25
                    .run/jekyll.log
                    ...done in 12.665750975 seconds.
                    
      Regenerating: 1 file(s) changed at 2026-06-12 20:38:38
                    .run/jekyll.log
                    ...done in 10.305898673 seconds.
                    
      Regenerating: 1 file(s) changed at 2026-06-12 20:38:48
                    .run/jekyll.log
                    ...done in 11.491746404 seconds.
                    
      Regenerating: 1 file(s) changed at 2026-06-12 20:39:00
                    .run/jekyll.log
                    ...done in 10.083239147 seconds.
                    
      Regenerating: 1 file(s) changed at 2026-06-12 20:39:10
                    .run/jekyll.log
                    ...done in 12.488475302 seconds.
                    
      Regenerating: 1 file(s) changed at 2026-06-12 20:39:23
                    .run/jekyll.log
                    ...done in 11.266845645 seconds.
                    
      Regenerating: 1 file(s) changed at 2026-06-12 20:39:34
                    .run/jekyll.log
                    ...done in 10.215347164 seconds.
                    
      Regenerating: 1 file(s) changed at 2026-06-12 20:39:44
                    .run/jekyll.log
                    ...done in 12.589617339 seconds.
                    
      Regenerating: 1 file(s) changed at 2026-06-12 20:39:57
                    .run/jekyll.log
                    ...done in 10.30402807 seconds.
                    
      Regenerating: 1 file(s) changed at 2026-06-12 20:40:07
                    .run/jekyll.log
                    ...done in 12.519412345 seconds.
                    
      Regenerating: 1 file(s) changed at 2026-06-12 20:40:20
                    .run/jekyll.log
                    ...done in 10.339914678 seconds.
                    
      Regenerating: 1 file(s) changed at 2026-06-12 20:40:30
                    .run/jekyll.log
                    ...done in 12.483124842 seconds.
                    
      Regenerating: 1 file(s) changed at 2026-06-12 20:40:43
                    .run/jekyll.log
                    ...done in 11.300768753 seconds.
                    
      Regenerating: 1 file(s) changed at 2026-06-12 20:40:54
                    .run/jekyll.log
                    ...done in 10.220441706 seconds.
                    
      Regenerating: 1 file(s) changed at 2026-06-12 20:41:05
                    .run/jekyll.log
                    ...done in 12.49293279 seconds.
                    
      Regenerating: 1 file(s) changed at 2026-06-12 20:41:17
                    .run/jekyll.log
                    ...done in 10.107632362 seconds.
                    
      Regenerating: 1 file(s) changed at 2026-06-12 20:41:28
                    .run/jekyll.log
                    ...done in 11.286499226 seconds.
                    
      Regenerating: 1 file(s) changed at 2026-06-12 20:41:39
                    .run/jekyll.log
                    ...done in 11.322837966 seconds.
                    
      Regenerating: 1 file(s) changed at 2026-06-12 20:41:50
                    .run/jekyll.log
                    ...done in 10.158432391 seconds.
                    
      Regenerating: 1 file(s) changed at 2026-06-12 20:42:01
                    .run/jekyll.log
                    ...done in 11.239489167 seconds.
                    
      Regenerating: 1 file(s) changed at 2026-06-12 20:42:12
                    .run/jekyll.log
                    ...done in 11.480050097 seconds.
                    
      Regenerating: 1 file(s) changed at 2026-06-12 20:42:24
                    .run/jekyll.log
                    ...done in 10.481955699 seconds.
                    
      Regenerating: 1 file(s) changed at 2026-06-12 20:42:34
                    .run/jekyll.log
                    ...done in 12.876115275 seconds.
                    
      Regenerating: 1 file(s) changed at 2026-06-12 20:42:47
                    .run/jekyll.log
                    ...done in 10.535185267 seconds.
                    
      Regenerating: 1 file(s) changed at 2026-06-12 20:42:58
                    .run/jekyll.log
                    ...done in 12.883867441 seconds.
                    
      Regenerating: 1 file(s) changed at 2026-06-12 20:43:11
                    .run/jekyll.log
                    ...done in 12.878638868 seconds.
                    
      Regenerating: 1 file(s) changed at 2026-06-12 20:43:24
                    .run/jekyll.log
                    ...done in 11.544857686 seconds.
                    
      Regenerating: 1 file(s) changed at 2026-06-12 20:43:35
                    .run/jekyll.log
                    ...done in 10.519115053 seconds.
                    
      Regenerating: 1 file(s) changed at 2026-06-12 20:43:46
                    .run/jekyll.log
                    ...done in 12.519163745 seconds.
                    
      Regenerating: 1 file(s) changed at 2026-06-12 20:43:59
                    .run/jekyll.log
                    ...done in 10.074284425 seconds.
                    
      Regenerating: 1 file(s) changed at 2026-06-12 20:44:09
                    .run/jekyll.log
                    ...done in 11.235214807 seconds.
                    
      Regenerating: 1 file(s) changed at 2026-06-12 20:44:20
                    .run/jekyll.log
                    ...done in 10.156804868 seconds.
                    
      Regenerating: 1 file(s) changed at 2026-06-12 20:44:30
                    .run/jekyll.log
                    ...done in 12.518984727 seconds.
                    
      Regenerating: 1 file(s) changed at 2026-06-12 20:44:43
                    .run/jekyll.log
                    ...done in 10.14179241 seconds.
                    
      Regenerating: 1 file(s) changed at 2026-06-12 20:44:53
                    .run/jekyll.log
                    ...done in 12.498067423 seconds.
                    
      Regenerating: 1 file(s) changed at 2026-06-12 20:45:06
                    .run/jekyll.log
                    ...done in 10.159847839 seconds.
                    
      Regenerating: 1 file(s) changed at 2026-06-12 20:45:16
                    .run/jekyll.log
                    ...done in 12.485687676 seconds.
                    
      Regenerating: 1 file(s) changed at 2026-06-12 20:45:29
                    .run/jekyll.log
                    ...done in 10.152966575 seconds.
                    
      Regenerating: 1 file(s) changed at 2026-06-12 20:45:39
                    .run/jekyll.log
                    ...done in 12.479804813 seconds.
                    
      Regenerating: 1 file(s) changed at 2026-06-12 20:45:51
                    .run/jekyll.log
                    ...done in 10.148462537 seconds.
                    
      Regenerating: 1 file(s) changed at 2026-06-12 20:46:02
                    .run/jekyll.log
                    ...done in 12.519910798 seconds.
                    
      Regenerating: 1 file(s) changed at 2026-06-12 20:46:14
                    .run/jekyll.log
                    ...done in 11.253655715 seconds.
                    
      Regenerating: 1 file(s) changed at 2026-06-12 20:46:26
                    .run/jekyll.log
                    ...done in 11.32083629 seconds.
                    
      Regenerating: 1 file(s) changed at 2026-06-12 20:46:37
                    .run/jekyll.log
                    ...done in 10.176257219 seconds.
                    
      Regenerating: 1 file(s) changed at 2026-06-12 20:46:47
                    .run/jekyll.log
                    ...done in 12.605816305 seconds.
                    
      Regenerating: 1 file(s) changed at 2026-06-12 20:47:00
                    .run/jekyll.log
                    ...done in 11.420781672 seconds.
                    
      Regenerating: 1 file(s) changed at 2026-06-12 20:47:12
                    .run/jekyll.log
                    ...done in 10.221719689 seconds.
                    
      Regenerating: 1 file(s) changed at 2026-06-12 20:47:22
                    .run/jekyll.log
                    ...done in 12.605863118 seconds.
                    
      Regenerating: 1 file(s) changed at 2026-06-12 20:47:35
                    .run/jekyll.log
                    ...done in 10.321772716 seconds.
                    
      Regenerating: 1 file(s) changed at 2026-06-12 20:47:45
                    .run/jekyll.log
                    ...done in 12.648625008 seconds.
                    
      Regenerating: 1 file(s) changed at 2026-06-12 20:47:58
                    .run/jekyll.log
                    ...done in 10.188302004 seconds.
                    
      Regenerating: 1 file(s) changed at 2026-06-12 20:48:08
                    .run/jekyll.log
                    ...done in 12.651308115 seconds.
                    
      Regenerating: 1 file(s) changed at 2026-06-12 20:48:21
                    .run/jekyll.log
                    ...done in 10.15721927 seconds.
                    
      Regenerating: 1 file(s) changed at 2026-06-12 20:48:31
                    .run/jekyll.log
                    ...done in 12.581702499 seconds.
                    
      Regenerating: 1 file(s) changed at 2026-06-12 20:48:44
                    .run/jekyll.log
                    ...done in 10.096615008 seconds.
                    
      Regenerating: 1 file(s) changed at 2026-06-12 20:48:54
                    .run/jekyll.log
                    ...done in 12.526306958 seconds.
                    
      Regenerating: 1 file(s) changed at 2026-06-12 20:49:07
                    .run/jekyll.log
                    ...done in 12.557157883 seconds.
                    
      Regenerating: 1 file(s) changed at 2026-06-12 20:49:19
                    .run/jekyll.log
                    ...done in 11.250362479 seconds.
                    
      Regenerating: 1 file(s) changed at 2026-06-12 20:49:31
                    .run/jekyll.log
                    ...done in 10.199120186 seconds.
                    
      Regenerating: 1 file(s) changed at 2026-06-12 20:49:41
                    .run/jekyll.log
                    ...done in 11.359978262 seconds.
                    
      Regenerating: 1 file(s) changed at 2026-06-12 20:49:52
                    .run/jekyll.log
                    ...done in 10.354201429 seconds.
                    
      Regenerating: 1 file(s) changed at 2026-06-12 20:50:03
                    .run/jekyll.log
                    ...done in 11.342731452 seconds.
                    
      Regenerating: 1 file(s) changed at 2026-06-12 20:50:14
                    .run/jekyll.log
                    ...done in 10.177136579 seconds.
                    
      Regenerating: 1 file(s) changed at 2026-06-12 20:50:25
                    .run/jekyll.log
                    ...done in 11.311662934 seconds.
                    
      Regenerating: 1 file(s) changed at 2026-06-12 20:50:36
                    .run/jekyll.log
                    ...done in 10.143650448 seconds.
                    
      Regenerating: 1 file(s) changed at 2026-06-12 20:50:46
                    .run/jekyll.log
                    ...done in 11.492917396 seconds.
                    
      Regenerating: 1 file(s) changed at 2026-06-12 20:50:58
                    .run/jekyll.log
                    ...done in 10.255033067 seconds.
                    
      Regenerating: 1 file(s) changed at 2026-06-12 20:51:08
                    .run/jekyll.log
                    ...done in 12.623642787 seconds.
                    
      Regenerating: 1 file(s) changed at 2026-06-12 20:51:21
                    .run/jekyll.log
                    ...done in 10.189903239 seconds.
                    
      Regenerating: 1 file(s) changed at 2026-06-12 20:51:31
                    .run/jekyll.log
                    ...done in 12.687822858 seconds.
                    
      Regenerating: 1 file(s) changed at 2026-06-12 20:51:44
                    .run/jekyll.log
                    ...done in 10.288095114 seconds.
                    
      Regenerating: 1 file(s) changed at 2026-06-12 20:51:54
                    .run/jekyll.log
                    ...done in 12.62416528 seconds.
                    
      Regenerating: 1 file(s) changed at 2026-06-12 20:52:07
                    .run/jekyll.log
                    ...done in 11.493892043 seconds.
                    
      Regenerating: 1 file(s) changed at 2026-06-12 20:52:19
                    .run/jekyll.log
                    ...done in 10.324758077 seconds.
                    
      Regenerating: 1 file(s) changed at 2026-06-12 20:52:29
                    .run/jekyll.log
                    ...done in 12.759949526 seconds.
                    
      Regenerating: 1 file(s) changed at 2026-06-12 20:52:42
                    .run/jekyll.log
                    ...done in 12.807767359 seconds.
                    
      Regenerating: 1 file(s) changed at 2026-06-12 20:52:55
                    .run/jekyll.log
                    ...done in 11.512654767 seconds.
                    
      Regenerating: 1 file(s) changed at 2026-06-12 20:53:07
                    .run/jekyll.log
                    ...done in 10.34143707 seconds.
                    
      Regenerating: 1 file(s) changed at 2026-06-12 20:53:17
                    .run/jekyll.log
                    ...done in 11.853111294 seconds.
                    
      Regenerating: 1 file(s) changed at 2026-06-12 20:53:29
                    .run/jekyll.log
                    ...done in 11.423515098 seconds.
                    
      Regenerating: 1 file(s) changed at 2026-06-12 20:53:40
                    .run/jekyll.log
                    ...done in 11.46454396 seconds.
                    
      Regenerating: 1 file(s) changed at 2026-06-12 20:53:52
                    .run/jekyll.log
                    ...done in 11.470452923 seconds.
                    
      Regenerating: 1 file(s) changed at 2026-06-12 20:54:04
                    .run/jekyll.log
                    ...done in 12.707404876 seconds.
                    
      Regenerating: 1 file(s) changed at 2026-06-12 20:54:16
                    .run/jekyll.log
                    ...done in 13.043736054 seconds.
                    
      Regenerating: 1 file(s) changed at 2026-06-12 20:54:30
                    .run/jekyll.log
                    ...done in 11.532743064 seconds.
                    
      Regenerating: 1 file(s) changed at 2026-06-12 20:54:41
                    .run/jekyll.log
                    ...done in 13.826677248 seconds.
                    
      Regenerating: 1 file(s) changed at 2026-06-12 20:54:55
                    .run/jekyll.log
                    ...done in 13.912522638 seconds.
                    
      Regenerating: 1 file(s) changed at 2026-06-12 20:55:09
                    .run/jekyll.log
                    ...done in 12.89053911 seconds.
                    
      Regenerating: 1 file(s) changed at 2026-06-12 20:55:22
                    .run/jekyll.log
                    ...done in 10.381801744 seconds.
                    
      Regenerating: 1 file(s) changed at 2026-06-12 20:55:33
                    .run/jekyll.log
                    ...done in 13.0142755 seconds.
                    
      Regenerating: 1 file(s) changed at 2026-06-12 20:55:46
                    .run/jekyll.log
                    ...done in 10.410296458 seconds.
                    
      Regenerating: 1 file(s) changed at 2026-06-12 20:55:56
                    .run/jekyll.log
                    ...done in 12.892722489 seconds.
                    
      Regenerating: 1 file(s) changed at 2026-06-12 20:56:09
                    .run/jekyll.log
                    ...done in 10.439314805 seconds.
                    
      Regenerating: 1 file(s) changed at 2026-06-12 20:56:20
                    .run/jekyll.log
                    ...done in 12.87578513 seconds.
                    
      Regenerating: 1 file(s) changed at 2026-06-12 20:56:33
                    .run/jekyll.log
                    ...done in 11.602701623 seconds.
                    
      Regenerating: 1 file(s) changed at 2026-06-12 20:56:44
                    .run/jekyll.log
                    ...done in 10.417190526 seconds.
                    
      Regenerating: 1 file(s) changed at 2026-06-12 20:56:55
                    .run/jekyll.log
                    ...done in 12.850621149 seconds.
                    
      Regenerating: 1 file(s) changed at 2026-06-12 20:57:08
                    .run/jekyll.log
                    ...done in 10.427450802 seconds.
                    
      Regenerating: 1 file(s) changed at 2026-06-12 20:57:18
                    .run/jekyll.log
                    ...done in 12.916860265 seconds.
                    
      Regenerating: 1 file(s) changed at 2026-06-12 20:57:31
                    .run/jekyll.log
                    ...done in 12.99674095 seconds.
                    
      Regenerating: 1 file(s) changed at 2026-06-12 20:57:45
                    .run/jekyll.log
                    ...done in 11.622771903 seconds.
                    
      Regenerating: 1 file(s) changed at 2026-06-12 20:57:56
                    .run/jekyll.log
                    ...done in 10.520233861 seconds.
                    
      Regenerating: 1 file(s) changed at 2026-06-12 20:58:07
                    .run/jekyll.log
                    ...done in 12.923376474 seconds.
                    
      Regenerating: 1 file(s) changed at 2026-06-12 20:58:20
                    .run/jekyll.log
                    ...done in 10.478666099 seconds.
                    
      Regenerating: 1 file(s) changed at 2026-06-12 20:58:30
                    .run/jekyll.log
                    ...done in 12.963230314 seconds.
                    
      Regenerating: 1 file(s) changed at 2026-06-12 20:58:44
                    .run/jekyll.log
                    ...done in 11.739484011 seconds.
                    
      Regenerating: 1 file(s) changed at 2026-06-12 20:58:55
                    .run/jekyll.log
                    ...done in 10.494310747 seconds.
                    
      Regenerating: 1 file(s) changed at 2026-06-12 20:59:06
                    .run/jekyll.log
                    ...done in 14.228112351 seconds.
                    
      Regenerating: 1 file(s) changed at 2026-06-12 20:59:20
                    .run/jekyll.log
                    ...done in 11.753168737 seconds.
                    
      Regenerating: 1 file(s) changed at 2026-06-12 20:59:32
                    .run/jekyll.log
                    ...done in 10.348606823 seconds.
                    
      Regenerating: 1 file(s) changed at 2026-06-12 20:59:43
                    .run/jekyll.log
                    ...done in 11.800029841 seconds.
                    
      Regenerating: 1 file(s) changed at 2026-06-12 20:59:54
                    .run/jekyll.log
                    ...done in 10.573541944 seconds.
                    
      Regenerating: 1 file(s) changed at 2026-06-12 21:00:05
                    .run/jekyll.log
                    ...done in 11.658520217 seconds.
                    
      Regenerating: 1 file(s) changed at 2026-06-12 21:00:17
                    .run/jekyll.log
                    ...done in 10.445224527 seconds.
                    
      Regenerating: 1 file(s) changed at 2026-06-12 21:00:27
                    .run/jekyll.log
                    ...done in 12.908695412 seconds.
                    
      Regenerating: 1 file(s) changed at 2026-06-12 21:00:40
                    .run/jekyll.log
                    ...done in 11.733036848 seconds.
                    
      Regenerating: 1 file(s) changed at 2026-06-12 21:00:52
                    .run/jekyll.log
                    ...done in 11.747913474 seconds.
                    
      Regenerating: 1 file(s) changed at 2026-06-12 21:01:04
                    .run/jekyll.log
                    ...done in 10.469662284 seconds.
                    
      Regenerating: 1 file(s) changed at 2026-06-12 21:01:15
                    .run/jekyll.log
                    ...done in 13.134390244 seconds.
                    
      Regenerating: 1 file(s) changed at 2026-06-12 21:01:28
                    .run/jekyll.log
                    ...done in 11.675177518 seconds.
                    
      Regenerating: 1 file(s) changed at 2026-06-12 21:01:40
                    .run/jekyll.log
                    ...done in 10.497885453 seconds.
                    
      Regenerating: 1 file(s) changed at 2026-06-12 21:01:50
                    .run/jekyll.log
                    ...done in 14.265681495 seconds.
                    
      Regenerating: 1 file(s) changed at 2026-06-12 21:02:05
                    .run/jekyll.log
                    ...done in 11.616289646 seconds.
                    
      Regenerating: 1 file(s) changed at 2026-06-12 21:02:16
                    .run/jekyll.log
                    ...done in 10.495332597 seconds.
                    
      Regenerating: 1 file(s) changed at 2026-06-12 21:02:27
                    .run/jekyll.log
                    ...done in 13.191353211 seconds.
                    
      Regenerating: 1 file(s) changed at 2026-06-12 21:02:40
                    .run/jekyll.log
                    ...done in 10.542663303 seconds.
                    
      Regenerating: 1 file(s) changed at 2026-06-12 21:02:51
                    .run/jekyll.log
                    ...done in 13.024203097 seconds.
                    
      Regenerating: 1 file(s) changed at 2026-06-12 21:03:04
                    .run/jekyll.log
                    ...done in 10.431474003 seconds.
                    
      Regenerating: 1 file(s) changed at 2026-06-12 21:03:15
                    .run/jekyll.log
                    ...done in 11.765202166 seconds.
                    
      Regenerating: 1 file(s) changed at 2026-06-12 21:03:26
                    .run/jekyll.log
                    ...done in 10.542505219 seconds.
                    
      Regenerating: 1 file(s) changed at 2026-06-12 21:03:37
                    .run/jekyll.log
                    ...done in 13.110280169 seconds.
                    
      Regenerating: 1 file(s) changed at 2026-06-12 21:03:50
                    .run/jekyll.log
                    ...done in 10.493459396 seconds.
                    
      Regenerating: 1 file(s) changed at 2026-06-12 21:04:01
                    .run/jekyll.log
                    ...done in 11.663012451 seconds.
                    
      Regenerating: 1 file(s) changed at 2026-06-12 21:04:13
                    .run/jekyll.log
                    ...done in 10.564343162 seconds.
                    
      Regenerating: 1 file(s) changed at 2026-06-12 21:04:23
                    .run/jekyll.log
                    ...done in 11.742311096 seconds.
                    
      Regenerating: 1 file(s) changed at 2026-06-12 21:04:35
                    .run/jekyll.log
                    ...done in 10.601971155 seconds.
                    
      Regenerating: 1 file(s) changed at 2026-06-12 21:04:46
                    .run/jekyll.log
                    ...done in 11.655762419 seconds.
                    
      Regenerating: 1 file(s) changed at 2026-06-12 21:04:58
                    .run/jekyll.log
                    ...done in 10.527586988 seconds.
                    
      Regenerating: 1 file(s) changed at 2026-06-12 21:05:08
                    .run/jekyll.log
                    ...done in 11.732747837 seconds.
                    
      Regenerating: 1 file(s) changed at 2026-06-12 21:05:20
                    .run/jekyll.log
                    ...done in 10.510349478 seconds.
                    
      Regenerating: 1 file(s) changed at 2026-06-12 21:05:31
                    .run/jekyll.log
                    ...done in 14.445953904 seconds.
                    
      Regenerating: 1 file(s) changed at 2026-06-12 21:05:45
                    .run/jekyll.log
                    ...done in 11.737874269 seconds.
                    
      Regenerating: 1 file(s) changed at 2026-06-12 21:05:57
                    .run/jekyll.log
                    ...done in 10.454336372 seconds.
                    
      Regenerating: 1 file(s) changed at 2026-06-12 21:06:08
                    .run/jekyll.log
                    ...done in 11.672327982 seconds.
                    
      Regenerating: 1 file(s) changed at 2026-06-12 21:06:19
                    .run/jekyll.log
                    ...done in 10.390774257 seconds.
                    
      Regenerating: 1 file(s) changed at 2026-06-12 21:06:30
                    .run/jekyll.log
                    ...done in 13.008968737 seconds.
                    
      Regenerating: 1 file(s) changed at 2026-06-12 21:06:43
                    .run/jekyll.log
                    ...done in 11.725855008 seconds.
                    
      Regenerating: 1 file(s) changed at 2026-06-12 21:06:55
                    .run/jekyll.log
                    ...done in 11.761908388 seconds.
                    
      Regenerating: 1 file(s) changed at 2026-06-12 21:07:07
                    .run/jekyll.log
                    ...done in 11.756303072 seconds.
                    
      Regenerating: 1 file(s) changed at 2026-06-12 21:07:19
                    .run/jekyll.log
                    ...done in 13.143733681 seconds.
                    
      Regenerating: 1 file(s) changed at 2026-06-12 21:07:32
                    .run/jekyll.log
                    ...done in 11.715615479 seconds.
                    
      Regenerating: 1 file(s) changed at 2026-06-12 21:07:44
                    .run/jekyll.log
                    ...done in 11.685772036 seconds.
                    
      Regenerating: 1 file(s) changed at 2026-06-12 21:07:55
                    .run/jekyll.log
                    ...done in 10.527273705 seconds.
                    
      Regenerating: 1 file(s) changed at 2026-06-12 21:08:06
                    .run/jekyll.log
                    ...done in 13.058514797 seconds.
                    
      Regenerating: 1 file(s) changed at 2026-06-12 21:08:19
                    .run/jekyll.log
                    ...done in 13.072380859 seconds.
                    
      Regenerating: 1 file(s) changed at 2026-06-12 21:08:32
                    .run/jekyll.log
                    ...done in 11.683798478 seconds.
                    
      Regenerating: 1 file(s) changed at 2026-06-12 21:08:44
                    .run/jekyll.log
                    ...done in 11.6350574 seconds.
                    
      Regenerating: 1 file(s) changed at 2026-06-12 21:08:56
                    .run/jekyll.log
                    ...done in 11.703077864 seconds.
                    
      Regenerating: 1 file(s) changed at 2026-06-12 21:09:08
                    .run/jekyll.log
                    ...done in 11.716389741 seconds.
                    
      Regenerating: 1 file(s) changed at 2026-06-12 21:09:20
                    .run/jekyll.log
                    ...done in 13.077563879 seconds.
                    
      Regenerating: 1 file(s) changed at 2026-06-12 21:09:33
                    .run/jekyll.log
                    ...done in 11.674828964 seconds.
                    
      Regenerating: 1 file(s) changed at 2026-06-12 21:09:44
                    .run/jekyll.log
                    ...done in 10.413493566 seconds.
                    
      Regenerating: 1 file(s) changed at 2026-06-12 21:09:55
                    .run/jekyll.log
                    ...done in 13.085906111 seconds.
                    
      Regenerating: 1 file(s) changed at 2026-06-12 21:10:08
                    .run/jekyll.log
                    ...done in 11.730772716 seconds.
                    
      Regenerating: 1 file(s) changed at 2026-06-12 21:10:20
                    .run/jekyll.log
                    ...done in 10.523011519 seconds.
                    
      Regenerating: 1 file(s) changed at 2026-06-12 21:10:31
                    .run/jekyll.log
                    ...done in 13.116847205 seconds.
                    
      Regenerating: 1 file(s) changed at 2026-06-12 21:10:44
                    .run/jekyll.log
                    ...done in 10.549885597 seconds.
                    
      Regenerating: 1 file(s) changed at 2026-06-12 21:10:54
                    .run/jekyll.log
                    ...done in 11.715727798 seconds.
                    
      Regenerating: 1 file(s) changed at 2026-06-12 21:11:06
                    .run/jekyll.log
                    ...done in 11.757339463 seconds.
                    
      Regenerating: 1 file(s) changed at 2026-06-12 21:11:18
                    .run/jekyll.log
                    ...done in 13.188860687 seconds.
                    
      Regenerating: 1 file(s) changed at 2026-06-12 21:11:31
                    .run/jekyll.log
                    ...done in 11.733971712 seconds.
                    
      Regenerating: 1 file(s) changed at 2026-06-12 21:11:43
                    .run/jekyll.log
                    ...done in 10.509948572 seconds.
                    
      Regenerating: 1 file(s) changed at 2026-06-12 21:11:54
                    .run/jekyll.log
                    ...done in 14.429370568 seconds.
                    
      Regenerating: 1 file(s) changed at 2026-06-12 21:12:08
                    .run/jekyll.log
                    ...done in 11.608534397 seconds.
                    
      Regenerating: 1 file(s) changed at 2026-06-12 21:12:20
                    .run/jekyll.log
                    ...done in 10.441341248 seconds.
                    
      Regenerating: 1 file(s) changed at 2026-06-12 21:12:31
                    .run/jekyll.log
                    ...done in 13.037420657 seconds.
                    
      Regenerating: 1 file(s) changed at 2026-06-12 21:12:44
                    .run/jekyll.log
                    ...done in 10.485781315 seconds.
                    
      Regenerating: 1 file(s) changed at 2026-06-12 21:12:54
                    .run/jekyll.log
                    ...done in 14.402779049 seconds.
                    
      Regenerating: 1 file(s) changed at 2026-06-12 21:13:09
                    .run/jekyll.log
                    ...done in 11.684793158 seconds.
                    
      Regenerating: 1 file(s) changed at 2026-06-12 21:13:21
                    .run/jekyll.log
                    ...done in 11.688852147 seconds.
                    
      Regenerating: 1 file(s) changed at 2026-06-12 21:13:32
                    .run/jekyll.log
                    ...done in 10.489790807 seconds.
                    
      Regenerating: 1 file(s) changed at 2026-06-12 21:13:43
                    .run/jekyll.log
                    ...done in 13.038491764 seconds.
                    
      Regenerating: 1 file(s) changed at 2026-06-12 21:13:56
                    .run/jekyll.log
                    ...done in 10.495174014 seconds.
                    
      Regenerating: 1 file(s) changed at 2026-06-12 21:14:07
                    .run/jekyll.log
                    ...done in 13.026762401 seconds.
                    
      Regenerating: 1 file(s) changed at 2026-06-12 21:14:20
                    .run/jekyll.log
                    ...done in 10.569489719 seconds.
                    
      Regenerating: 1 file(s) changed at 2026-06-12 21:14:31
                    .run/jekyll.log
                    ...done in 13.147564105 seconds.
                    
      Regenerating: 1 file(s) changed at 2026-06-12 21:14:44
                    .run/jekyll.log
                    ...done in 11.689680736 seconds.
                    
      Regenerating: 1 file(s) changed at 2026-06-12 21:14:56
                    .run/jekyll.log
                    ...done in 10.547765587 seconds.
                    
      Regenerating: 1 file(s) changed at 2026-06-12 21:15:06
                    .run/jekyll.log
                    ...done in 13.042159116 seconds.
                    
      Regenerating: 1 file(s) changed at 2026-06-12 21:15:19
                    .run/jekyll.log
                    ...done in 11.673076384 seconds.
                    
      Regenerating: 1 file(s) changed at 2026-06-12 21:15:31
                    .run/jekyll.log
                    ...done in 13.130448793 seconds.
                    
      Regenerating: 1 file(s) changed at 2026-06-12 21:15:44
                    .run/jekyll.log
                    ...done in 11.707194863 seconds.
                    
      Regenerating: 1 file(s) changed at 2026-06-12 21:15:56
                    .run/jekyll.log
                    ...done in 10.507099675 seconds.
                    
      Regenerating: 1 file(s) changed at 2026-06-12 21:16:07
                    .run/jekyll.log
                    ...done in 13.027610759 seconds.
                    
      Regenerating: 1 file(s) changed at 2026-06-12 21:16:20
                    .run/jekyll.log
                    ...done in 10.476649954 seconds.
                    
      Regenerating: 1 file(s) changed at 2026-06-12 21:16:31
                    .run/jekyll.log
                    ...done in 11.698284736 seconds.
                    
      Regenerating: 1 file(s) changed at 2026-06-12 21:16:42
                    .run/jekyll.log
                    ...done in 10.523871718 seconds.
                    
      Regenerating: 1 file(s) changed at 2026-06-12 21:16:53
                    .run/jekyll.log
                    ...done in 11.748481948 seconds.
                    
      Regenerating: 1 file(s) changed at 2026-06-12 21:17:05
                    .run/jekyll.log
                    ...done in 10.551245766 seconds.
                    
      Regenerating: 1 file(s) changed at 2026-06-12 21:17:15
                    .run/jekyll.log
                    ...done in 11.637158967 seconds.
                    
      Regenerating: 1 file(s) changed at 2026-06-12 21:17:27
                    .run/jekyll.log
                    ...done in 10.405294706 seconds.
                    
      Regenerating: 1 file(s) changed at 2026-06-12 21:17:38
                    .run/jekyll.log
                    ...done in 11.610112581 seconds.
                    
      Regenerating: 1 file(s) changed at 2026-06-12 21:17:49
                    .run/jekyll.log
                    ...done in 10.436023808 seconds.
                    
      Regenerating: 1 file(s) changed at 2026-06-12 21:18:00
                    .run/jekyll.log
                    ...done in 13.041461041 seconds.
                    
      Regenerating: 1 file(s) changed at 2026-06-12 21:18:13
                    .run/jekyll.log
                    ...done in 11.701146659 seconds.
                    
      Regenerating: 1 file(s) changed at 2026-06-12 21:18:25
                    .run/jekyll.log
                    ...done in 10.520479284 seconds.
                    
      Regenerating: 1 file(s) changed at 2026-06-12 21:18:36
                    .run/jekyll.log
                    ...done in 11.805223787 seconds.
                    
      Regenerating: 1 file(s) changed at 2026-06-12 21:18:47
                    .run/jekyll.log
                    ...done in 10.514525887 seconds.
                    
      Regenerating: 1 file(s) changed at 2026-06-12 21:18:58
                    .run/jekyll.log
                    ...done in 11.775803057 seconds.
                    
      Regenerating: 1 file(s) changed at 2026-06-12 21:19:10
                    .run/jekyll.log
                    ...done in 10.614160288 seconds.
                    
      Regenerating: 1 file(s) changed at 2026-06-12 21:19:21
                    .run/jekyll.log
                    ...done in 13.102090358 seconds.
                    
      Regenerating: 1 file(s) changed at 2026-06-12 21:19:34
                    .run/jekyll.log
                    ...done in 10.445929004 seconds.
                    
      Regenerating: 1 file(s) changed at 2026-06-12 21:19:44
                    .run/jekyll.log
                    ...done in 10.455370185 seconds.
                    
      Regenerating: 1 file(s) changed at 2026-06-12 21:19:55
                    .run/jekyll.log
                    ...done in 10.47257804 seconds.
                    
      Regenerating: 1 file(s) changed at 2026-06-12 21:20:06
                    .run/jekyll.log
                    ...done in 10.573876337 seconds.
                    
      Regenerating: 1 file(s) changed at 2026-06-12 21:20:16
                    .run/jekyll.log
                    ...done in 14.558769773 seconds.
                    
      Regenerating: 1 file(s) changed at 2026-06-12 21:20:31
                    .run/jekyll.log
                    ...done in 11.878419056 seconds.
                    
      Regenerating: 1 file(s) changed at 2026-06-12 21:20:43
                    .run/jekyll.log
                    ...done in 13.25174259 seconds.
                    
      Regenerating: 1 file(s) changed at 2026-06-12 21:20:56
                    .run/jekyll.log
                    ...done in 11.862250755 seconds.
                    
      Regenerating: 1 file(s) changed at 2026-06-12 21:21:08
                    .run/jekyll.log
                    ...done in 10.539063204 seconds.
                    
      Regenerating: 1 file(s) changed at 2026-06-12 21:21:19
                    .run/jekyll.log
                    ...done in 11.795349783 seconds.
                    
      Regenerating: 1 file(s) changed at 2026-06-12 21:21:31
                    .run/jekyll.log
                    ...done in 10.536500242 seconds.
                    
      Regenerating: 1 file(s) changed at 2026-06-12 21:21:41
                    .run/jekyll.log
                    ...done in 13.084204828 seconds.
                    
      Regenerating: 1 file(s) changed at 2026-06-12 21:21:55
                    .run/jekyll.log
                    ...done in 11.863384249 seconds.
                    
      Regenerating: 1 file(s) changed at 2026-06-12 21:22:06
                    .run/jekyll.log
                    ...done in 10.550492445 seconds.
                    
      Regenerating: 1 file(s) changed at 2026-06-12 21:22:17
                    .run/jekyll.log
                    ...done in 11.865226676 seconds.
                    
      Regenerating: 1 file(s) changed at 2026-06-12 21:22:29
                    .run/jekyll.log
                    ...done in 10.657133589 seconds.
                    
      Regenerating: 1 file(s) changed at 2026-06-12 21:22:40
                    .run/jekyll.log
                    ...done in 13.147266355 seconds.
                    
      Regenerating: 1 file(s) changed at 2026-06-12 21:22:53
                    .run/jekyll.log
                    ...done in 10.485557462 seconds.
                    
      Regenerating: 1 file(s) changed at 2026-06-12 21:23:04
                    .run/jekyll.log
                    ...done in 12.99918569 seconds.
                    
      Regenerating: 1 file(s) changed at 2026-06-12 21:23:17
                    .run/jekyll.log
                    ...done in 11.746298726 seconds.
                    
      Regenerating: 1 file(s) changed at 2026-06-12 21:23:29
                    .run/jekyll.log
                    ...done in 10.456024856 seconds.
                    
      Regenerating: 1 file(s) changed at 2026-06-12 21:23:39
                    .run/jekyll.log
                    ...done in 13.091857913 seconds.
                    
      Regenerating: 1 file(s) changed at 2026-06-12 21:23:52
                    .run/jekyll.log
                    ...done in 10.188395829 seconds.
                    
      Regenerating: 1 file(s) changed at 2026-06-12 21:24:03
                    .run/jekyll.log
                    ...done in 13.125002314 seconds.
                    
      Regenerating: 1 file(s) changed at 2026-06-12 21:24:16
                    .run/jekyll.log
                    ...done in 10.484111364 seconds.
                    
      Regenerating: 1 file(s) changed at 2026-06-12 21:24:26
                    .run/jekyll.log
                    ...done in 13.065331612 seconds.
                    
      Regenerating: 1 file(s) changed at 2026-06-12 21:24:40
                    .run/jekyll.log
                    ...done in 10.517541441 seconds.
                    
      Regenerating: 1 file(s) changed at 2026-06-12 21:24:50
                    .run/jekyll.log
                    ...done in 11.845297846 seconds.
                    
      Regenerating: 1 file(s) changed at 2026-06-12 21:25:02
                    .run/jekyll.log
                    ...done in 10.497279435 seconds.
                    
      Regenerating: 1 file(s) changed at 2026-06-12 21:25:13
                    .run/jekyll.log
                    ...done in 12.939263665 seconds.
                    
      Regenerating: 1 file(s) changed at 2026-06-12 21:25:26
                    .run/jekyll.log
                    ...done in 10.280059147 seconds.
                    
      Regenerating: 1 file(s) changed at 2026-06-12 21:25:36
                    .run/jekyll.log
                    ...done in 12.771979074 seconds.
                    
      Regenerating: 1 file(s) changed at 2026-06-12 21:25:49
                    .run/jekyll.log
                    ...done in 10.206919418 seconds.
                    
      Regenerating: 1 file(s) changed at 2026-06-12 21:25:59
                    .run/jekyll.log
                    ...done in 12.770603402 seconds.
                    
      Regenerating: 1 file(s) changed at 2026-06-12 21:26:12
                    .run/jekyll.log
                    ...done in 11.664988287 seconds.
                    
      Regenerating: 1 file(s) changed at 2026-06-12 21:26:24
                    .run/jekyll.log
                    ...done in 11.725368515 seconds.
                    
      Regenerating: 1 file(s) changed at 2026-06-12 21:26:36
                    .run/jekyll.log
                    ...done in 10.416560345 seconds.
                    
      Regenerating: 1 file(s) changed at 2026-06-12 21:26:46
                    .run/jekyll.log
                    ...done in 13.052153961 seconds.
                    
      Regenerating: 1 file(s) changed at 2026-06-12 21:27:00
                    .run/jekyll.log
                    ...done in 10.368230078 seconds.
                    
      Regenerating: 1 file(s) changed at 2026-06-12 21:27:10
                    .run/jekyll.log
                    ...done in 11.610641163 seconds.
                    
      Regenerating: 1 file(s) changed at 2026-06-12 21:27:22
                    .run/jekyll.log
                    ...done in 10.39176611 seconds.
                    
      Regenerating: 1 file(s) changed at 2026-06-12 21:27:32
                    .run/jekyll.log
                    ...done in 12.988679593 seconds.
                    
      Regenerating: 1 file(s) changed at 2026-06-12 21:27:45
                    .run/jekyll.log
                    ...done in 11.755506774 seconds.
                    
      Regenerating: 1 file(s) changed at 2026-06-12 21:27:57
                    .run/jekyll.log
                    ...done in 11.737171633 seconds.
                    
      Regenerating: 1 file(s) changed at 2026-06-12 21:28:09
                    .run/jekyll.log
                    ...done in 11.771194583 seconds.
                    
      Regenerating: 1 file(s) changed at 2026-06-12 21:28:21
                    .run/jekyll.log
                    ...done in 10.417102987 seconds.
                    
      Regenerating: 1 file(s) changed at 2026-06-12 21:28:31
                    .run/jekyll.log
                    ...done in 12.988149795 seconds.
                    
      Regenerating: 1 file(s) changed at 2026-06-12 21:28:44
                    .run/jekyll.log
                    ...done in 11.365812834 seconds.
                    
      Regenerating: 1 file(s) changed at 2026-06-12 21:28:56
                    .run/jekyll.log
                    ...done in 11.389002366 seconds.
                    
      Regenerating: 1 file(s) changed at 2026-06-12 21:29:07
                    .run/jekyll.log
                    ...done in 10.206518813 seconds.
                    
      Regenerating: 1 file(s) changed at 2026-06-12 21:29:18
                    .run/jekyll.log
                    ...done in 12.735526937 seconds.
                    
      Regenerating: 1 file(s) changed at 2026-06-12 21:29:31
                    .run/jekyll.log
                    ...done in 10.137871016 seconds.
                    
      Regenerating: 1 file(s) changed at 2026-06-12 21:29:41
                    .run/jekyll.log
                    ...done in 14.044822993 seconds.
                    
      Regenerating: 1 file(s) changed at 2026-06-12 21:29:55
                    .run/jekyll.log
                    ...done in 11.449536426 seconds.
                    
      Regenerating: 1 file(s) changed at 2026-06-12 21:30:06
                    .run/jekyll.log
                    ...done in 10.223638249 seconds.
                    
      Regenerating: 1 file(s) changed at 2026-06-12 21:30:17
                    .run/jekyll.log
                    ...done in 13.005106186 seconds.
                    
      Regenerating: 1 file(s) changed at 2026-06-12 21:30:30
                    .run/jekyll.log
                    ...done in 10.375798141 seconds.
                    
      Regenerating: 1 file(s) changed at 2026-06-12 21:30:40
                    .run/jekyll.log
                    ...done in 12.687564402 seconds.
                    
      Regenerating: 1 file(s) changed at 2026-06-12 21:30:53
                    .run/jekyll.log
                    ...done in 10.428756864 seconds.
                    
      Regenerating: 1 file(s) changed at 2026-06-12 21:31:04
                    .run/jekyll.log
                    ...done in 11.747979479 seconds.
                    
      Regenerating: 1 file(s) changed at 2026-06-12 21:31:16
                    .run/jekyll.log
                    ...done in 10.454004381 seconds.
                    
      Regenerating: 1 file(s) changed at 2026-06-12 21:31:26
                    .run/jekyll.log
                    ...done in 13.051142095 seconds.
                    
      Regenerating: 1 file(s) changed at 2026-06-12 21:31:39
                    .run/jekyll.log
                    ...done in 10.478290387 seconds.
                    
      Regenerating: 1 file(s) changed at 2026-06-12 21:31:50
                    .run/jekyll.log
                    ...done in 11.663409153 seconds.
                    
      Regenerating: 1 file(s) changed at 2026-06-12 21:32:02
                    .run/jekyll.log
                    ...done in 10.455985386 seconds.
                    
      Regenerating: 1 file(s) changed at 2026-06-12 21:32:12
                    .run/jekyll.log
                    ...done in 13.039227005 seconds.
                    
      Regenerating: 1 file(s) changed at 2026-06-12 21:32:25
                    .run/jekyll.log
                    ...done in 11.751071685 seconds.
                    
      Regenerating: 1 file(s) changed at 2026-06-12 21:32:37
                    .run/jekyll.log
                    ...done in 10.462566729 seconds.
                    
      Regenerating: 1 file(s) changed at 2026-06-12 21:32:48
                    .run/jekyll.log
                    ...done in 11.819481256 seconds.
                    
      Regenerating: 1 file(s) changed at 2026-06-12 21:33:00
                    .run/jekyll.log
                    ...done in 10.543984603 seconds.
                    
      Regenerating: 1 file(s) changed at 2026-06-12 21:33:10
                    .run/jekyll.log
                    ...done in 13.061901083 seconds.
                    
      Regenerating: 1 file(s) changed at 2026-06-12 21:33:23
                    .run/jekyll.log
                    ...done in 10.481784627 seconds.
                    
      Regenerating: 1 file(s) changed at 2026-06-12 21:33:34
                    .run/jekyll.log
                    ...done in 12.904405098 seconds.
                    
      Regenerating: 1 file(s) changed at 2026-06-12 21:33:47
                    .run/jekyll.log
                    ...done in 10.255237506 seconds.
                    
      Regenerating: 1 file(s) changed at 2026-06-12 21:33:57
                    .run/jekyll.log
                    ...done in 14.136002397 seconds.
                    
      Regenerating: 1 file(s) changed at 2026-06-12 21:34:12
                    .run/jekyll.log
                    ...done in 11.715550553 seconds.
                    
      Regenerating: 1 file(s) changed at 2026-06-12 21:34:23
                    .run/jekyll.log
                    ...done in 11.866684446 seconds.
                    
      Regenerating: 1 file(s) changed at 2026-06-12 21:34:35
                    .run/jekyll.log
                    ...done in 10.550890628 seconds.
                    
      Regenerating: 1 file(s) changed at 2026-06-12 21:34:46
                    .run/jekyll.log
                    ...done in 14.403528752 seconds.
                    
      Regenerating: 1 file(s) changed at 2026-06-12 21:35:01
                    .run/jekyll.log
                    ...done in 12.051746713 seconds.
                    
      Regenerating: 1 file(s) changed at 2026-06-12 21:35:13
                    .run/jekyll.log
                    ...done in 10.365773613 seconds.
                    
      Regenerating: 1 file(s) changed at 2026-06-12 21:35:23
                    .run/jekyll.log
                    ...done in 11.462036463 seconds.
                    
      Regenerating: 1 file(s) changed at 2026-06-12 21:35:35
                    .run/jekyll.log
                    ...done in 10.340074624 seconds.
                    
      Regenerating: 1 file(s) changed at 2026-06-12 21:35:45
                    .run/jekyll.log
                    ...done in 12.887662235 seconds.
                    
      Regenerating: 1 file(s) changed at 2026-06-12 21:35:58
                    .run/jekyll.log
                    ...done in 11.577196337 seconds.
                    
      Regenerating: 1 file(s) changed at 2026-06-12 21:36:10
                    .run/jekyll.log
                    ...done in 13.031426129 seconds.
                    
      Regenerating: 1 file(s) changed at 2026-06-12 21:36:23
                    .run/jekyll.log
                    ...done in 11.618250775 seconds.
                    
      Regenerating: 1 file(s) changed at 2026-06-12 21:36:35
                    .run/jekyll.log
                    ...done in 10.336715556 seconds.
                    
      Regenerating: 1 file(s) changed at 2026-06-12 21:36:45
                    .run/jekyll.log
                    ...done in 12.965448569 seconds.
                    
      Regenerating: 1 file(s) changed at 2026-06-12 21:36:58
                    .run/jekyll.log
                    ...done in 11.57819142 seconds.
                    
      Regenerating: 1 file(s) changed at 2026-06-12 21:37:10
                    .run/jekyll.log
                    ...done in 11.637158359 seconds.
                    
      Regenerating: 1 file(s) changed at 2026-06-12 21:37:22
                    .run/jekyll.log
                    ...done in 11.637945432 seconds.
                    
      Regenerating: 1 file(s) changed at 2026-06-12 21:37:33
                    .run/jekyll.log
                    ...done in 10.367437041 seconds.
                    
      Regenerating: 1 file(s) changed at 2026-06-12 21:37:44
                    .run/jekyll.log
                    ...done in 12.913243268 seconds.
                    
      Regenerating: 1 file(s) changed at 2026-06-12 21:37:57
                    .run/jekyll.log
                    ...done in 10.311383992 seconds.
                    
      Regenerating: 1 file(s) changed at 2026-06-12 21:38:07
                    .run/jekyll.log
                    ...done in 12.89848349 seconds.
                    
      Regenerating: 1 file(s) changed at 2026-06-12 21:38:20
                    .run/jekyll.log
                    ...done in 11.691221706 seconds.
                    
      Regenerating: 1 file(s) changed at 2026-06-12 21:38:32
                    .run/jekyll.log
                    ...done in 11.615265302 seconds.
                    
      Regenerating: 1 file(s) changed at 2026-06-12 21:38:44
                    .run/jekyll.log
                    ...done in 10.269711132 seconds.
                    
      Regenerating: 1 file(s) changed at 2026-06-12 21:38:54
                    .run/jekyll.log
                    ...done in 12.992739696 seconds.
                    
      Regenerating: 1 file(s) changed at 2026-06-12 21:39:07
                    .run/jekyll.log
                    ...done in 10.406704698 seconds.
                    
      Regenerating: 1 file(s) changed at 2026-06-12 21:39:18
                    .run/jekyll.log
                    ...done in 12.947497367 seconds.
                    
      Regenerating: 1 file(s) changed at 2026-06-12 21:39:31
                    .run/jekyll.log
                    ...done in 11.591794845 seconds.
                    
      Regenerating: 1 file(s) changed at 2026-06-12 21:39:42
                    .run/jekyll.log
                    ...done in 10.364393529 seconds.
                    
      Regenerating: 1 file(s) changed at 2026-06-12 21:39:53
                    .run/jekyll.log
                    ...done in 13.068169153 seconds.
                    
      Regenerating: 1 file(s) changed at 2026-06-12 21:40:06
                    .run/jekyll.log
                    ...done in 12.987380438 seconds.
                    
      Regenerating: 1 file(s) changed at 2026-06-12 21:40:19
                    .run/jekyll.log
                    ...done in 11.62738331 seconds.
                    
      Regenerating: 1 file(s) changed at 2026-06-12 21:40:31
                    .run/jekyll.log
                    ...done in 10.383711911 seconds.
                    
      Regenerating: 1 file(s) changed at 2026-06-12 21:40:41
                    .run/jekyll.log
                    ...done in 12.972106498 seconds.
                    
      Regenerating: 1 file(s) changed at 2026-06-12 21:40:54
                    .run/jekyll.log
                    ...done in 11.509532514 seconds.
                    
      Regenerating: 1 file(s) changed at 2026-06-12 21:41:06
                    .run/jekyll.log
                    ...done in 12.816740805 seconds.
                    
      Regenerating: 1 file(s) changed at 2026-06-12 21:41:19
                    .run/jekyll.log
                    ...done in 11.469080091 seconds.
                    
      Regenerating: 1 file(s) changed at 2026-06-12 21:41:31
                    .run/jekyll.log
                    ...done in 10.384395401 seconds.
                    
      Regenerating: 1 file(s) changed at 2026-06-12 21:41:41
                    .run/jekyll.log
                    ...done in 12.961094518 seconds.
                    
      Regenerating: 1 file(s) changed at 2026-06-12 21:41:54
                    .run/jekyll.log
                    ...done in 11.56094561 seconds.
                    
      Regenerating: 1 file(s) changed at 2026-06-12 21:42:06
                    .run/jekyll.log
                    ...done in 11.564741705 seconds.
                    
      Regenerating: 1 file(s) changed at 2026-06-12 21:42:17
                    .run/jekyll.log
                    ...done in 10.405880155 seconds.
                    
      Regenerating: 1 file(s) changed at 2026-06-12 21:42:28
                    .run/jekyll.log
                    ...done in 13.083249706 seconds.
                    
      Regenerating: 1 file(s) changed at 2026-06-12 21:42:41
                    .run/jekyll.log
                    ...done in 10.528399385 seconds.
                    
      Regenerating: 1 file(s) changed at 2026-06-12 21:42:52
                    .run/jekyll.log
                    ...done in 11.938581615 seconds.
                    
      Regenerating: 1 file(s) changed at 2026-06-12 21:43:04
                    .run/jekyll.log
                    ...done in 10.646977417 seconds.
                    
      Regenerating: 1 file(s) changed at 2026-06-12 21:43:15
                    .run/jekyll.log
                    ...done in 13.512405899 seconds.
                    
      Regenerating: 1 file(s) changed at 2026-06-12 21:43:28
                    .run/jekyll.log
                    ...done in 11.802195946 seconds.
                    
      Regenerating: 1 file(s) changed at 2026-06-12 21:43:40
                    .run/jekyll.log
                    ...done in 11.719469953 seconds.
                    
      Regenerating: 1 file(s) changed at 2026-06-12 21:43:52
                    .run/jekyll.log
                    ...done in 10.398858246 seconds.
                    
      Regenerating: 1 file(s) changed at 2026-06-12 21:44:02
                    .run/jekyll.log
                    ...done in 11.614241399 seconds.
                    
      Regenerating: 1 file(s) changed at 2026-06-12 21:44:14
                    .run/jekyll.log
                    ...done in 10.386744803 seconds.
                    
      Regenerating: 1 file(s) changed at 2026-06-12 21:44:25
                    .run/jekyll.log
                    ...done in 11.69948439 seconds.
                    
      Regenerating: 1 file(s) changed at 2026-06-12 21:44:36
                    .run/jekyll.log
                    ...done in 11.646065378 seconds.
                    
      Regenerating: 1 file(s) changed at 2026-06-12 21:44:48
                    .run/jekyll.log
                    ...done in 11.676144119 seconds.
                    
      Regenerating: 1 file(s) changed at 2026-06-12 21:45:00
                    .run/jekyll.log
                    ...done in 11.685642879 seconds.
                    
      Regenerating: 1 file(s) changed at 2026-06-12 21:45:12
                    .run/jekyll.log
                    ...done in 13.111571226 seconds.
                    
      Regenerating: 1 file(s) changed at 2026-06-12 21:45:25
                    .run/jekyll.log
                    ...done in 11.70435887 seconds.
                    
      Regenerating: 1 file(s) changed at 2026-06-12 21:45:37
                    .run/jekyll.log
                    ...done in 10.403237496 seconds.
                    
      Regenerating: 1 file(s) changed at 2026-06-12 21:45:47
                    .run/jekyll.log
                    ...done in 11.50229127 seconds.
                    
      Regenerating: 1 file(s) changed at 2026-06-12 21:45:59
                    .run/jekyll.log
                    ...done in 10.26225008 seconds.
                    
      Regenerating: 1 file(s) changed at 2026-06-12 21:46:09
                    .run/jekyll.log
                    ...done in 12.966191185 seconds.
                    
      Regenerating: 1 file(s) changed at 2026-06-12 21:46:22
                    .run/jekyll.log
                    ...done in 10.673787069 seconds.
                    
      Regenerating: 1 file(s) changed at 2026-06-12 21:46:33
                    .run/jekyll.log
                    ...done in 13.498932416 seconds.
                    
      Regenerating: 1 file(s) changed at 2026-06-12 21:46:47
                    .run/jekyll.log
                    ...done in 10.710822952 seconds.
                    
      Regenerating: 1 file(s) changed at 2026-06-12 21:46:57
                    .run/jekyll.log
                    ...done in 13.434390625 seconds.
                    
      Regenerating: 1 file(s) changed at 2026-06-12 21:47:11
                    .run/jekyll.log
                    ...done in 10.645723824 seconds.
                    
      Regenerating: 1 file(s) changed at 2026-06-12 21:47:22
                    .run/jekyll.log
                    ...done in 11.871296401 seconds.
                    
      Regenerating: 1 file(s) changed at 2026-06-12 21:47:34
                    .run/jekyll.log
                    ...done in 10.825815193 seconds.
                    
      Regenerating: 1 file(s) changed at 2026-06-12 21:47:45
                    .run/jekyll.log
                    ...done in 12.969503242 seconds.
                    
      Regenerating: 1 file(s) changed at 2026-06-12 21:47:58
                    .run/jekyll.log
                    ...done in 11.648636199 seconds.
                    
      Regenerating: 1 file(s) changed at 2026-06-12 21:48:09
                    .run/jekyll.log
                    ...done in 10.389147158 seconds.
                    
      Regenerating: 1 file(s) changed at 2026-06-12 21:48:20
                    .run/jekyll.log
                    ...done in 12.892922165 seconds.
                    
      Regenerating: 1 file(s) changed at 2026-06-12 21:48:33
                    .run/jekyll.log
                    ...done in 11.658159193 seconds.
                    
      Regenerating: 1 file(s) changed at 2026-06-12 21:48:45
                    .run/jekyll.log
                    ...done in 11.578212471 seconds.
                    
      Regenerating: 1 file(s) changed at 2026-06-12 21:48:56
                    .run/jekyll.log
                    ...done in 10.349966085 seconds.
                    
      Regenerating: 1 file(s) changed at 2026-06-12 21:49:07
                    .run/jekyll.log
                    ...done in 13.10223993 seconds.
                    
      Regenerating: 1 file(s) changed at 2026-06-12 21:49:20
                    .run/jekyll.log
                    ...done in 10.673340494 seconds.
                    
      Regenerating: 1 file(s) changed at 2026-06-12 21:49:31
                    .run/jekyll.log
                    ...done in 13.177930763 seconds.
                    
      Regenerating: 1 file(s) changed at 2026-06-12 21:49:44
                    .run/jekyll.log
                    ...done in 11.719513832 seconds.
                    
      Regenerating: 1 file(s) changed at 2026-06-12 21:49:56
                    .run/jekyll.log
                    ...done in 10.431987294 seconds.
                    
      Regenerating: 1 file(s) changed at 2026-06-12 21:50:06
                    .run/jekyll.log
                    ...done in 12.854169174 seconds.
                    
      Regenerating: 1 file(s) changed at 2026-06-12 21:50:19
                    .run/jekyll.log
                    ...done in 10.43940852 seconds.
                    
      Regenerating: 1 file(s) changed at 2026-06-12 21:50:30
                    .run/jekyll.log
                    ...done in 12.9640534 seconds.
                    
      Regenerating: 1 file(s) changed at 2026-06-12 21:50:43
                    .run/jekyll.log
                    ...done in 10.295983395 seconds.
                    
      Regenerating: 1 file(s) changed at 2026-06-12 21:50:53
                    .run/jekyll.log
                    ...done in 13.004449298 seconds.
                    
      Regenerating: 1 file(s) changed at 2026-06-12 21:51:06
                    .run/jekyll.log
                    ...done in 12.838456894 seconds.
                    
      Regenerating: 1 file(s) changed at 2026-06-12 21:51:19
                    .run/jekyll.log
                    ...done in 11.607710169 seconds.
                    
      Regenerating: 1 file(s) changed at 2026-06-12 21:51:31
                    .run/jekyll.log
                    ...done in 10.311314035 seconds.
                    
      Regenerating: 1 file(s) changed at 2026-06-12 21:51:42
                    .run/jekyll.log
                    ...done in 13.013175115 seconds.
                    
      Regenerating: 1 file(s) changed at 2026-06-12 21:51:55
                    .run/jekyll.log
                    ...done in 10.392265339 seconds.
                    
      Regenerating: 1 file(s) changed at 2026-06-12 21:52:05
                    .run/jekyll.log
                    ...done in 12.881144 seconds.
                    
      Regenerating: 1 file(s) changed at 2026-06-12 21:52:18
                    .run/jekyll.log
                    ...done in 12.933856527 seconds.
                    
      Regenerating: 1 file(s) changed at 2026-06-12 21:52:31
                    .run/jekyll.log
                    ...done in 11.553252867 seconds.
                    
      Regenerating: 1 file(s) changed at 2026-06-12 21:52:43
                    .run/jekyll.log
                    ...done in 11.541230004 seconds.
                    
      Regenerating: 1 file(s) changed at 2026-06-12 21:52:54
                    .run/jekyll.log
                    ...done in 11.589455473 seconds.
                    
      Regenerating: 1 file(s) changed at 2026-06-12 21:53:06
                    .run/jekyll.log
                    ...done in 11.561582222 seconds.
                    
      Regenerating: 1 file(s) changed at 2026-06-12 21:53:18
                    .run/jekyll.log
                    ...done in 11.565759945 seconds.
                    
      Regenerating: 1 file(s) changed at 2026-06-12 21:53:29
                    .run/jekyll.log
                    ...done in 10.308325731 seconds.
                    
      Regenerating: 1 file(s) changed at 2026-06-12 21:53:40
                    .run/jekyll.log
                    ...done in 13.265545607 seconds.
                    
      Regenerating: 1 file(s) changed at 2026-06-12 21:53:53
                    .run/jekyll.log
                    ...done in 11.959673606 seconds.
                    
      Regenerating: 1 file(s) changed at 2026-06-12 21:54:05
                    .run/jekyll.log
                    ...done in 13.330403661 seconds.
                    
      Regenerating: 1 file(s) changed at 2026-06-12 21:54:19
                    .run/jekyll.log
                    ...done in 11.927732244 seconds.
                    
      Regenerating: 1 file(s) changed at 2026-06-12 21:54:31
                    .run/jekyll.log
                    ...done in 10.599984347 seconds.
                    
      Regenerating: 1 file(s) changed at 2026-06-12 21:54:41
                    .run/jekyll.log
                    ...done in 13.265917573 seconds.
                    
      Regenerating: 1 file(s) changed at 2026-06-12 21:54:55
                    .run/jekyll.log
                    ...done in 11.99566853 seconds.
                    
      Regenerating: 1 file(s) changed at 2026-06-12 21:55:07
                    .run/jekyll.log
                    ...done in 12.055645243 seconds.
                    
      Regenerating: 1 file(s) changed at 2026-06-12 21:55:19
                    .run/jekyll.log
                    ...done in 10.838059795 seconds.
                    
      Regenerating: 1 file(s) changed at 2026-06-12 21:55:30
                    .run/jekyll.log
                    ...done in 13.490126934 seconds.
                    
      Regenerating: 1 file(s) changed at 2026-06-12 21:55:44
                    .run/jekyll.log
                    ...done in 10.842439417 seconds.
                    
      Regenerating: 1 file(s) changed at 2026-06-12 21:55:55
                    .run/jekyll.log
                    ...done in 13.46670968 seconds.
                    
      Regenerating: 1 file(s) changed at 2026-06-12 21:56:08
                    .run/jekyll.log
                    ...done in 10.531100119 seconds.
                    
      Regenerating: 1 file(s) changed at 2026-06-12 21:56:19
                    .run/jekyll.log
                    ...done in 13.413602719 seconds.
                    
      Regenerating: 1 file(s) changed at 2026-06-12 21:56:32
                    .run/jekyll.log
                    ...done in 10.659905709 seconds.
                    
      Regenerating: 1 file(s) changed at 2026-06-12 21:56:43
                    .run/jekyll.log
                    ...done in 13.28973503 seconds.
                    
      Regenerating: 1 file(s) changed at 2026-06-12 21:56:56
                    .run/jekyll.log
                    ...done in 10.779056076 seconds.
                    
      Regenerating: 1 file(s) changed at 2026-06-12 21:57:07
                    .run/jekyll.log
                    ...done in 13.490564605 seconds.
                    
      Regenerating: 1 file(s) changed at 2026-06-12 21:57:21
                    .run/jekyll.log
                    ...done in 12.134157679 seconds.
                    
      Regenerating: 1 file(s) changed at 2026-06-12 21:57:33
                    .run/jekyll.log
                    ...done in 13.496280303 seconds.
                    
      Regenerating: 1 file(s) changed at 2026-06-12 21:57:47
                    .run/jekyll.log
                    ...done in 12.098182952 seconds.
                    
      Regenerating: 1 file(s) changed at 2026-06-12 21:57:59
                    .run/jekyll.log
                    ...done in 15.009211607 seconds.
                    
      Regenerating: 1 file(s) changed at 2026-06-12 21:58:14
                    .run/jekyll.log
                    ...done in 12.115269828 seconds.
                    
      Regenerating: 1 file(s) changed at 2026-06-12 21:58:26
                    .run/jekyll.log
                    ...done in 10.769654038 seconds.
                    
      Regenerating: 1 file(s) changed at 2026-06-12 21:58:37
                    .run/jekyll.log
                    ...done in 13.755936957 seconds.
                    
      Regenerating: 1 file(s) changed at 2026-06-12 21:58:51
                    .run/jekyll.log
                    ...done in 11.08827764 seconds.
                    
      Regenerating: 1 file(s) changed at 2026-06-12 21:59:02
                    .run/jekyll.log
                    ...done in 12.221475178 seconds.
                    
      Regenerating: 1 file(s) changed at 2026-06-12 21:59:14
                    .run/jekyll.log
                    ...done in 10.908684808 seconds.
                    
      Regenerating: 1 file(s) changed at 2026-06-12 21:59:25
                    .run/jekyll.log
                    ...done in 13.626958037 seconds.
                    
      Regenerating: 1 file(s) changed at 2026-06-12 21:59:39
                    .run/jekyll.log
                    ...done in 12.494709104 seconds.
                    
      Regenerating: 1 file(s) changed at 2026-06-12 21:59:52
                    .run/jekyll.log
                    ...done in 11.352758911 seconds.
                    
      Regenerating: 1 file(s) changed at 2026-06-12 22:00:03
                    .run/jekyll.log
                    ...done in 12.299731188 seconds.
                    
      Regenerating: 1 file(s) changed at 2026-06-12 22:00:16
                    .run/jekyll.log
                    ...done in 11.536663992 seconds.
                    
      Regenerating: 1 file(s) changed at 2026-06-12 22:00:27
                    .run/jekyll.log
                    ...done in 12.987381205 seconds.
                    
      Regenerating: 1 file(s) changed at 2026-06-12 22:00:40
                    .run/jekyll.log
                    ...done in 11.65508708 seconds.
                    
      Regenerating: 1 file(s) changed at 2026-06-12 22:00:52
                    .run/jekyll.log
                    ...done in 13.17965124 seconds.
                    
      Regenerating: 1 file(s) changed at 2026-06-12 22:01:05
                    .run/jekyll.log
                    ...done in 12.001578849 seconds.
                    
      Regenerating: 1 file(s) changed at 2026-06-12 22:01:18
                    .run/jekyll.log
                    ...done in 13.895664508 seconds.
                    
      Regenerating: 1 file(s) changed at 2026-06-12 22:01:32
                    .run/jekyll.log
                    ...done in 14.330734606 seconds.
                    
      Regenerating: 1 file(s) changed at 2026-06-12 22:01:46
                    .run/jekyll.log
                    ...done in 13.367884813 seconds.
                    
      Regenerating: 1 file(s) changed at 2026-06-12 22:02:00
                    .run/jekyll.log
                    ...done in 15.311639294 seconds.
                    
      Regenerating: 1 file(s) changed at 2026-06-12 22:02:15
                    .run/jekyll.log
                    ...done in 15.324486645 seconds.
                    
      Regenerating: 1 file(s) changed at 2026-06-12 22:02:30
                    .run/jekyll.log
                    ...done in 14.541029303 seconds.
                    
      Regenerating: 1 file(s) changed at 2026-06-12 22:02:45
                    .run/jekyll.log
                    ...done in 15.238217101 seconds.
                    
      Regenerating: 1 file(s) changed at 2026-06-12 22:03:00
                    .run/jekyll.log
                    ...done in 21.225106563 seconds.
                    
      Regenerating: 1 file(s) changed at 2026-06-12 22:03:22
                    .run/jekyll.log
                    ...done in 450.085476751 seconds.
                    
      Regenerating: 1 file(s) changed at 2026-06-12 22:10:52
                    .run/jekyll.log
                    ...done in 24.245487748 seconds.
                    
      Regenerating: 1 file(s) changed at 2026-06-12 22:11:16
                    .run/jekyll.log
                    ...done in 5499.823976096 seconds.
                    
      Regenerating: 1 file(s) changed at 2026-06-12 23:42:56
                    .run/jekyll.log
[31m                    ------------------------------------------------[0m
[31m      Jekyll 4.4.1   Please append `--trace` to the `serve` command [0m
[31m                     for any additional information or backtrace. [0m
[31m                    ------------------------------------------------[0m
/home/developer/gems/gems/jekyll-4.4.1/lib/jekyll/commands/serve.rb:291:in `join': SIGTERM (SignalException)
	from /home/developer/gems/gems/jekyll-4.4.1/lib/jekyll/commands/serve.rb:291:in `boot_or_detach'
	from /home/developer/gems/gems/jekyll-4.4.1/lib/jekyll/commands/serve.rb:221:in `start_up_webrick'
	from /home/developer/gems/gems/jekyll-4.4.1/lib/jekyll/commands/serve.rb:102:in `process'
	from /home/developer/gems/gems/jekyll-4.4.1/lib/jekyll/command.rb:91:in `block in process_with_graceful_fail'
	from /home/developer/gems/gems/jekyll-4.4.1/lib/jekyll/command.rb:91:in `each'
	from /home/developer/gems/gems/jekyll-4.4.1/lib/jekyll/command.rb:91:in `process_with_graceful_fail'
	from /home/developer/gems/gems/jekyll-4.4.1/lib/jekyll/commands/serve.rb:85:in `block (2 levels) in init_with_program'
	from /home/developer/gems/gems/mercenary-0.4.0/lib/mercenary/command.rb:221:in `block in execute'
	from /home/developer/gems/gems/mercenary-0.4.0/lib/mercenary/command.rb:221:in `each'
	from /home/developer/gems/gems/mercenary-0.4.0/lib/mercenary/command.rb:221:in `execute'
	from /home/developer/gems/gems/mercenary-0.4.0/lib/mercenary/program.rb:44:in `go'
	from /home/developer/gems/gems/mercenary-0.4.0/lib/mercenary.rb:21:in `program'
	from /home/developer/gems/gems/jekyll-4.4.1/exe/jekyll:15:in `<top (required)>'
	from /home/developer/gems/bin/jekyll:25:in `load'
	from /home/developer/gems/bin/jekyll:25:in `<top (required)>'
	from /home/developer/gems/gems/bundler-2.5.9/lib/bundler/cli/exec.rb:58:in `load'
	from /home/developer/gems/gems/bundler-2.5.9/lib/bundler/cli/exec.rb:58:in `kernel_load'
	from /home/developer/gems/gems/bundler-2.5.9/lib/bundler/cli/exec.rb:23:in `run'
	from /home/developer/gems/gems/bundler-2.5.9/lib/bundler/cli.rb:451:in `exec'
	from /home/developer/gems/gems/bundler-2.5.9/lib/bundler/vendor/thor/lib/thor/command.rb:28:in `run'
	from /home/developer/gems/gems/bundler-2.5.9/lib/bundler/vendor/thor/lib/thor/invocation.rb:127:in `invoke_command'
	from /home/developer/gems/gems/bundler-2.5.9/lib/bundler/vendor/thor/lib/thor.rb:527:in `dispatch'
	from /home/developer/gems/gems/bundler-2.5.9/lib/bundler/cli.rb:34:in `dispatch'
	from /home/developer/gems/gems/bundler-2.5.9/lib/bundler/vendor/thor/lib/thor/base.rb:584:in `start'
	from /home/developer/gems/gems/bundler-2.5.9/lib/bundler/cli.rb:28:in `start'
	from /home/developer/gems/gems/bundler-2.5.9/exe/bundle:28:in `block in <top (required)>'
	from /home/developer/gems/gems/bundler-2.5.9/lib/bundler/friendly_errors.rb:117:in `with_friendly_errors'
	from /home/developer/gems/gems/bundler-2.5.9/exe/bundle:20:in `<top (required)>'
	from /home/developer/gems/bin/bundle:25:in `load'
	from /home/developer/gems/bin/bundle:25:in `<main>'
